"Latitude","Longitude","20170520","20170609","20170714","20170719","20170808","20170823","20170912","20170917","20171002","20171007","20171022","20171027","20171101"
28.154384,77.785188,0.156900726,0.332277367,0,0,0,0.68853787,0.634924032,0,0.789288408,0.71994852,0.253012048,0,0
28.154015,77.784587,0.162725357,0.508741259,0,0,0,0.711651299,0.642810529,0,0.799682035,0.706803456,0.169630257,0.155217619,0
28.15376,77.784265,0.155264236,0.263063387,0,0,0,0.703511053,0.688077431,0,0.827031725,0.669308675,0.195293146,0.194771802,0.174581637
28.152124,77.78625,0.212497496,0.508631579,0,0,0,0.708132045,0.731397459,0,0.760246805,0.627134287,0.257199603,0.246424193,0
28.152384,77.783965,0.146293305,0.146610444,0,0.458440888,0,0.661979753,0.715127288,0,0.850087413,0.773860705,0.446189376,0.259417808,0.224268178
28.152625,77.783573,0.150580982,0.136329018,0,0,0.481865285,0.58125,0.64478595,0,0.783952367,0.676756757,0.245396146,0.229490265,0.155690134
28.151944,77.783407,0.188067445,0.30500618,0,0,0.493558606,0.62886049,0.647785349,0,0.786918963,0.661814556,0.207736142,0.198879552,0
28.15227,77.782897,0.173984632,0.408010862,0,0,0.645726496,0.624561404,0.668083203,0,0.703647029,0.547312642,0.223736969,0.181837204,0
28.152573,77.78264,0.106037152,0.133520383,0,0,0.533851276,0.639258679,0.670292887,0,0.70545829,0.57958432,0.24620435,0.155812403,0.147959184
28.152999,77.782415,0.107699358,0.216591832,0,0,0,0.653580776,0.669902913,0,0.775137112,0.663823382,0.280346163,0.223519239,0.158979644
28.152895,77.781878,0.131280389,0.151585205,0,0,0.485810621,0.645064806,0.692494437,0,0.703117269,0.58444217,0.232854864,0.209243697,0.151112248
28.155486,77.775881,0.195360195,0.45890411,0,0.33937895,0.569789165,0.663927691,0,0.51354222,0.778856299,0.700298782,0.23351533,0,0
28.151755,77.774572,0.169112509,0.180304127,0,0.323943662,0,0.681770285,0,0.605804111,0.292107118,0.255098115,0.235758481,0.214889244,0
28.152157,77.774384,0.131019037,0.165365261,0,0,0,0.682142086,0,0.617971888,0.635828221,0.390942901,0.225082508,0,0
28.152833,77.773188,0.135216573,0.144055106,0,0,0.540498442,0.708609272,0,0.643604651,0.746367239,0.354108957,0.211517761,0,0.179196451
28.152384,77.773553,0.312134754,0.68441957,0,0,0,0.688848512,0,0.652714932,0.837825796,0.817772778,0.466978586,0.242722345,0
28.153386,77.780221,0.141708543,0.162415241,0,0,0,0.555251142,0.351786415,0,0.552637861,0.569147497,0.324717286,0.250594389,0
28.152303,77.781079,0.187767584,0.156092649,0,0,0,0.553974637,0.665930536,0,0.547799697,0.288812785,0.239890959,0.212914879,0.154883972
28.153727,77.780778,0.194309732,0.182227746,0,0.682188591,0,0.449990652,0,0,0.355948631,0.286053256,0.238778343,0.223845975,0.2394939
28.154824,77.78154,0,0.132585651,0,0.554021894,0.529685189,0.669288079,0,0,0.275121556,0.318760509,0.153459821,0.146707348,0.141374838
28.149938,77.790901,0.320560748,0.182687632,0,0,0,0.662291871,0.732520325,0,0.771760155,0.689079422,0.28772298,0,0
28.152393,77.79302,0,0.307958478,0,0.575,0.749583256,0.728272143,0.679615539,0,0.723912497,0.719978746,0.424234758,0,0
28.15104,77.794511,0,0.173406443,0,0,0.648130081,0.702060222,0.77214043,0.55530626,0.8,0.734731324,0.27116513,0,0
28.149825,77.794071,0,0.170278638,0,0,0.621052632,0.712580349,0.747617074,0.680110625,0.59184688,0.417935702,0.16680684,0,0
28.151769,77.795729,0,0.301917808,0,0.479622266,0.79606161,0.763737395,0.737479054,0.648307896,0.624657534,0.278121137,0.222764228,0,0
28.150624,77.798223,0,0.19300125,0,0,0,0.697799731,0.712848651,0,0.633076309,0.319281118,0.206516291,0,0
28.15044,77.797945,0,0.192489974,0,0,0,0.731524008,0.730346577,0,0.553286201,0.282587261,0.201482658,0,0
28.150553,77.798996,0,0.167600611,0,0,0,0.664796949,0.704578313,0,0.767137097,0.688506385,0.327311371,0.271637816,0.269357109
28.149863,77.798685,0,0.167052597,0,0,0,0.45900858,0.568230604,0,0.47761194,0,0.30469332,0.269781639,0.281498829
28.149035,77.784796,0.192191054,0.174407275,0,0,0.454976303,0.625414889,0.725319927,0.539676113,0.782778865,0.708866995,0.261776983,0.242891958,0
28.146632,77.787892,0.217074217,0.29406037,0,0,0.536933265,0.582772544,0.674066846,0.700047461,0.79833207,0.75677111,0.325651072,0.272515709,0
28.146443,77.788299,0.149121281,0.174791086,0,0,0.66645258,0.711059908,0.682190498,0.721851255,0.817553191,0.766610832,0.261856597,0.232389422,0.216737189
28.14789,77.787527,0.170351577,0.214389535,0,0,0.699740035,0.690900777,0.655815882,0.588329154,0.419176568,0.385765859,0.211093991,0,0
28.14755,77.790397,0.14374203,0.294957184,0.320243223,0,0.758263251,0.671209172,0.724624488,0.70761079,0.739590218,0.321351546,0.197938144,0,0
28.14815,77.791191,0.14823884,0.196975153,0,0,0.694988169,0.676231468,0.68597561,0.647933117,0.266978401,0.137877373,0.195382883,0,0
28.149182,77.790188,0.247445887,0.220986281,0,0.582818294,0,0.730316324,0.76408612,0.564535585,0.813333333,0.738629822,0,0,0
28.149295,77.788696,0.187107438,0.181745652,0,0,0.596880416,0.716216216,0.723936817,0.66825596,0.774343776,0.686069326,0.234263465,0,0
28.14956,77.788337,0.179144385,0.181774733,0,0,0.690518431,0.697533971,0.691115953,0.64961569,0.775062344,0.688434304,0.249168053,0,0
28.149238,77.787935,0.190537793,0.199742475,0,0.510628248,0.716739766,0.716293368,0.718322494,0.620664565,0.745264533,0.601325758,0.249675465,0,0
28.148959,77.788315,0.170937171,0.156156628,0,0,0.693231215,0.707919593,0.730390981,0.635504724,0.749130651,0.414699162,0.232893911,0,0
28.149196,77.78743,0.169123669,0.17586607,0,0,0.507588533,0.650301464,0.704490157,0.680204224,0.791685701,0.742405832,0.350513113,0.255471289,0
28.150132,77.779909,0.179034769,0.652849741,0,0,0.480161399,0.635878788,0.681732972,0.618343838,0.338484546,0.181440443,0,0,0
28.149607,77.779132,0.137812653,0.489976215,0,0,0,0.615205224,0.661364132,0.640964995,0.295160191,0.150130548,0.163582966,0,0
28.148311,77.778842,0.158803987,0.513532032,0,0,0.393028025,0.646188341,0.7124286,0.657994218,0.285123067,0.164908049,0,0,0.218078538
28.147559,77.779292,0.223373838,0.189158453,0,0,0.557446809,0.617598877,0.693193941,0.702923474,0.563884157,0.233785269,0.168918919,0,0
28.146398,77.771943,0.144174217,0.264665549,0,0,0.679902755,0.63246948,0.629264106,0.640675069,0.335680751,0.280665281,0,0,0
28.147744,77.772582,0.149421488,0.203408553,0,0,0.526091825,0.635695765,0.588346259,0.645996674,0.673446949,0.605024051,0.286055086,0.252433485,0.258193091
28.148673,77.775535,0.13747646,0.171214297,0,0,0.507113355,0.608355091,0.642243329,0.65034965,0.587765225,0.446200918,0.244455159,0,0
28.146826,77.774446,0.239057239,0.459450458,0,0.5335,0.600253807,0.564703099,0.566280033,0.474404341,0.515188335,0.351656096,0.23408284,0.17806913,0.182207422
28.146675,77.775084,0.149857359,0.186030893,0,0,0.632874426,0.578528827,0.644214162,0.691866872,0.638526255,0.521320495,0.219501434,0.201546861,0
28.146159,77.776798,0.14753004,0.410265012,0,0,0.448107448,0.606479276,0.657786441,0.716431925,0.824456522,0.718635467,0.290959156,0,0
28.146462,77.776347,0.224907063,0.174478276,0,0,0.687472527,0.672548002,0.704904406,0.661095832,0.477992711,0.305145414,0.220496174,0.216674301,0
28.14615,77.775832,0.130084151,0.174842767,0,0,0.580255205,0.606852497,0.666435666,0.6914545,0.720136519,0.633360859,0.228726877,0.200909091,0
28.145376,77.770243,0.219622642,0.673900519,0,0,0,0.663938898,0.707468477,0.731986275,0.790615317,0.709739634,0.257040679,0.238669238,0
28.143725,77.770449,0.63383118,0.708688784,0,0.281975309,0,0.622439024,0.701925157,0.713210702,0.663537906,0.291992775,0.177869986,0,0.171760887
28.142569,77.770763,0.596064215,0.710107247,0,0,0,0.646049661,0.647964796,0.691564148,0.397681855,0.260811413,0.184761905,0.190196579,0
28.142829,77.770575,0.601889103,0.685860419,0,0,0,0.664852608,0.699502057,0.705640804,0.452826548,0.271092077,0.177616927,0.181505945,0
28.143177,77.770288,0.587443946,0.664818458,0,0,0,0.644188723,0.699274566,0.707782354,0.299803817,0.261304522,0.186046512,0.169763299,0.157670832
28.143562,77.76994,0.60501131,0.660802252,0,0.232323232,0,0.628578302,0.691452397,0.688472095,0.34914611,0.242652899,0.188684427,0.164869029,0.167274622
28.142498,77.766117,0.560251981,0.639302425,0.251937074,0,0,0.600885691,0.69952381,0.672509004,0.79181974,0.783689707,0,0.283257919,0.288634098
28.142763,77.766482,0.562574493,0.68605547,0.194065002,0,0,0.617741935,0.690101105,0.68759847,0.802738454,0.781617471,0,0.285333333,0.289487586
28.15394,77.785681,0.20451871,0.321995465,0,0.603734912,0,0.707213305,0.683074593,0,0.763822526,0.725011956,0.511163895,0,0
28.153192,77.785199,0.374821465,0.538025714,0,0.741601144,0,0.693989071,0.570658037,0,0.700601937,0.659019812,0,0,0
28.152861,77.785574,0.427142857,0.61460367,0,0.748845167,0,0.694742793,0.648717447,0,0.735132434,0.687373737,0,0,0
28.153486,77.785842,0.436729787,0.677758977,0,0.78277027,0.655921053,0.686176357,0.629704166,0,0.62535429,0.597389034,0,0,0
28.153656,77.787377,0.410231185,0.582278481,0,0.790438533,0.734876895,0.706915084,0.652455272,0,0.684305744,0.671096346,0,0,0
28.153656,77.788364,0.471690746,0.586179508,0,0.809400444,0.749318801,0.72186959,0.632292523,0,0.667100808,0.659005879,0,0,0
28.153155,77.788557,0.185611511,0.327936747,0,0.746120175,0.739577972,0.723731712,0.674375233,0,0.776863283,0.747817653,0.538087126,0,0
28.153391,77.7889,0.403634105,0.387785876,0,0.783212896,0.747007979,0.72244599,0.651895154,0,0.747759857,0.744652105,0.510242973,0,0
28.152351,77.7886,0,0.268740439,0,0.408676307,0.623103058,0.681128446,0.633726953,0.438517915,0.605176211,0.576551294,0,0,0
28.152956,77.787999,0.497659906,0.678538813,0,0.809617272,0.668804014,0.720246734,0.669801085,0,0.664446295,0.625496251,0.471269804,0,0
28.153192,77.787055,0.198236035,0.550609887,0,0.784780662,0.605558841,0.528151261,0.552507984,0,0.239263804,0.211651523,0.242650722,0,0
28.152663,77.787505,0.386154789,0.652610069,0,0.812938177,0.653248811,0.729137691,0.674814412,0,0.711688312,0.700200758,0.501504281,0,0
28.152076,77.788085,0.296546249,0.625,0,0.804313848,0.6038441,0.699027117,0.686791752,0,0.662532079,0.643493761,0.473365899,0,0
28.151669,77.788503,0,0.430068666,0,0.775483871,0.68348745,0.687115165,0.655438747,0.604455558,0.679701121,0.659964368,0,0,0
28.151338,77.788943,0,0.551189697,0,0.755021076,0,0.675,0.649331963,0.545695364,0.732007328,0.722723544,0.486437613,0,0
28.152672,77.786443,0.300020648,0.629863717,0,0.767178944,0.587254318,0.670245399,0.607359398,0,0.58917725,0.541921155,0.394435352,0,0
28.15289,77.786669,0,0.652157385,0,0.766955906,0.569023569,0.640790261,0.616824311,0,0.584080127,0.581920904,0,0,0
28.153174,77.78639,0,0.624701195,0,0.757036499,0.602359302,0.669361358,0.579612468,0,0.594972865,0.569299972,0,0,0
28.15254,77.785918,0.303296039,0,0,0.757813962,0,0.713183988,0.658932715,0,0.703366697,0.685250529,0,0,0
28.151778,77.78574,0.471421823,0.649887303,0,0.790405666,0,0,0.677825916,0,0.721177038,0.693215339,0.494626343,0,0
28.153301,77.784212,0.409254375,0.57073786,0,0.69382716,0,0.708274895,0.696931217,0,0.788251061,0.656603774,0.296063359,0.242935278,0.206788745
28.151783,77.782302,0.134754211,0.291139241,0.543274244,0.717730777,0.701406419,0.649204864,0.632724874,0,0.765714286,0.756097561,0.522715926,0,0
28.153982,77.788063,0.268872235,0.180571429,0,0.477979275,0.62820764,0.68367563,0.654958678,0,0.675783476,0.622106481,0,0,0
28.154403,77.773831,0.281868969,0.495249897,0.74577307,0.751849112,0.605718585,0.689475642,0,0.623756749,0.72118772,0.681392236,0,0,0
28.154015,77.772893,0.47228761,0.659413434,0.746541904,0.78803812,0,0.685658915,0,0.634311512,0.714761376,0.692444444,0,0,0
28.154545,77.775918,0,0.707112971,0.748734873,0.786233137,0.485881207,0.738803531,0.527728086,0.621147463,0.785007072,0.745547074,0.545698925,0,0
28.152757,77.775983,0.34404883,0.66616085,0.777254618,0.803799655,0,0.718628491,0.551416081,0.634225669,0.724770642,0.698889917,0.486220944,0,0
28.152497,77.775548,0.492192513,0.657570093,0.705404649,0.788691555,0,0.728082192,0,0.648175182,0.732484076,0.692449355,0.491752331,0,0
28.152937,77.775189,0.499072356,0.639519359,0.740072202,0.785925926,0,0.71174915,0,0.599780099,0.713995943,0.695686275,0,0,0
28.152247,77.775146,0.480159563,0.657993967,0.753575807,0.768109541,0,0.705455933,0,0.582631579,0.69979716,0.666234776,0,0,0
28.152634,77.774733,0.161949122,0.244808934,0.735103966,0.765096953,0,0.732334047,0,0.679725759,0.815450644,0.797685384,0.544012871,0,0
28.153174,77.77411,0.162924583,0.202683104,0.367150948,0.444313076,0,0.689558233,0,0.654680209,0.76202159,0.597667638,0.272684086,0.241426928,0
28.151565,77.773279,0.220949878,0.740884407,0.769604182,0.757342516,0.500702839,0.698924731,0,0.65935993,0.802734813,0.809392265,0.555197792,0,0
28.152001,77.778311,0.295222199,0.403820181,0,0.780574864,0,0.711299333,0.587962963,0.60581938,0.651680076,0.614369501,0,0,0
28.152237,77.778783,0.40651651,0.366717691,0,0.79776848,0,0.6982823,0.61532567,0.630329457,0.757066463,0.706589958,0.516054457,0,0
28.152563,77.77925,0.447078589,0.673484295,0,0.762139605,0,0.708264004,0.646523963,0.605275125,0.725143155,0.684126984,0.498160799,0,0
28.151854,77.779818,0.259298431,0.572224604,0,0.766797014,0,0.707604493,0.692040185,0.596433599,0.762477718,0.724630996,0.524578136,0,0
28.151722,77.781503,0.147239264,0.341825016,0.461067367,0.681683302,0.697526237,0.688788129,0.674984533,0,0.787666264,0.748115731,0.527695351,0,0
28.154224,77.778102,0.417616004,0.701162569,0.660762211,0.798473282,0.574974147,0.715229485,0,0.45399828,0.722382325,0.699244332,0.507239264,0,0
28.153812,77.777463,0.360547945,0.634673748,0.67575188,0.775620683,0,0.710812304,0,0,0.704855298,0.678285567,0.509313725,0,0
28.154626,77.777345,0,0.669699367,0.776390465,0.794080717,0.594367589,0.704578488,0,0,0.759752617,0.738738739,0.538498789,0,0
28.149584,77.790536,0.129393468,0.35013734,0,0.777028227,0,0.63816703,0.672752168,0,0.748027354,0.743670886,0.494771602,0,0
28.149385,77.791078,0.299855937,0.442479634,0,0.778907243,0.699054451,0.647916667,0.708724525,0.572661217,0.767724138,0.762721239,0.527572016,0,0
28.149494,77.792033,0.243452958,0.316213992,0,0,0.648184818,0.674604847,0.688842868,0.626565824,0.770417193,0.773206751,0.555324134,0,0
28.149938,77.791647,0.191360822,0.353302611,0,0.772096421,0.717852684,0.707028943,0.675062972,0.567898436,0.757019438,0.739707101,0.528610354,0,0
28.150884,77.791421,0,0.390673119,0,0.458107545,0.526276163,0.70184122,0.698370126,0,0.788519637,0.759276438,0.585831063,0,0
28.150317,77.791936,0,0.580277605,0,0.78326722,0.728428351,0.683450181,0.657243816,0.549892832,0.633499606,0.609581498,0,0,0
28.149801,77.792516,0,0.279393791,0,0,0.545635711,0.668874172,0.679978701,0.676492445,0.76916996,0.763870628,0.559599156,0,0
28.149323,77.792929,0,0.575286416,0.531200507,0,0.661549447,0.67020336,0.648882114,0.562176166,0.585308057,0.559250302,0,0,0
28.150525,77.792242,0,0.619844591,0,0.792925824,0.704820556,0.684617035,0.671049367,0.515968772,0.625914882,0.622373651,0,0,0
28.150932,77.792371,0,0.622947726,0,0.772774149,0.708171924,0.688410386,0.69261477,0.577088893,0.751017477,0.724775225,0.545035203,0,0
28.15061,77.792693,0,0.610530547,0,0.793863367,0.71149352,0.700657197,0.691275168,0.519535611,0.669064748,0.661752881,0.495307612,0,0
28.150984,77.7931,0,0.517635066,0,0.807976841,0.778003384,0.694487492,0.69777574,0,0.696969697,0.683328518,0,0,0
28.15131,77.792843,0,0.580814974,0,0.787599158,0.75462293,0.670819672,0.664489034,0,0.638167939,0.638611257,0,0,0
28.152081,77.793283,0,0.311752988,0,0.640368852,0.764602082,0.735812883,0.694587364,0,0.794457275,0.800731261,0.573941988,0,0
28.151627,77.79361,0,0.540412726,0,0.759242144,0.779434186,0.734849971,0.689183021,0.548878924,0.784543326,0.770673712,0.546964193,0,0
28.152322,77.793798,0,0.580861658,0.51596768,0.712458287,0.745136187,0.704283361,0.65143121,0,0.671896504,0.66600171,0,0,0
28.151901,77.794104,0,0.597101449,0.553918285,0.717284356,0.747181578,0.707526004,0.665114113,0,0.612177027,0.61005291,0.481368045,0,0
28.151419,77.794184,0,0.23132969,0.505703422,0.669844021,0.767940515,0.731105203,0.735094038,0.529263158,0.811857362,0.807835413,0.597698606,0,0
28.150771,77.79494,0,0.555373257,0.47104767,0.784338896,0.725461613,0.726980526,0.71460226,0.630537229,0.718894009,0.688579531,0.481519773,0,0
28.150038,77.795423,0,0.545489891,0.640955631,0.782013516,0.689717378,0.720787914,0.742457109,0.590340664,0.738269276,0.713377354,0.52376213,0,0
28.152445,77.794678,0,0.276521739,0,0.435299715,0.626848158,0.685473123,0.639091299,0,0.764134919,0.745367028,0.547680112,0,0
28.151934,77.794715,0,0.442217484,0.551093582,0.770119369,0.678410117,0.696622052,0.664972376,0,0.740286832,0.710505425,0.509076962,0,0
28.152034,77.79501,0,0.587933754,0.588700565,0.780692168,0.741025641,0.725235849,0.678179938,0,0.73800905,0.734294078,0.531723485,0,0
28.151476,77.795187,0,0.540048277,0.479458795,0.793002381,0.789402404,0.749954898,0.704765922,0.524712255,0.784503632,0.766748166,0.548917102,0,0
28.151107,77.795622,0,0.341067285,0,0.775014349,0.761981474,0.729359496,0.713062971,0.66030881,0.807058824,0.798894558,0.589090096,0,0
28.152185,77.795504,0,0.580497132,0.562622693,0.774041938,0.76109215,0.699593496,0.504575707,0.502895132,0.635869565,0.658251395,0,0,0
28.151324,77.79604,0,0.24410676,0,0.790107684,0.753858819,0.735111779,0.741847295,0,0.797601515,0.784359685,0.593121929,0,0
28.150813,77.796228,0,0.60503424,0,0.804410032,0.688777114,0.736803519,0.716772824,0,0.802835333,0.791967509,0.592985695,0,0
28.150274,77.796534,0,0.303915207,0,0.781872325,0.635097493,0.705858748,0.700229885,0,0.782108946,0.761427524,0.568032372,0,0
28.149976,77.797295,0,0.608128834,0,0.806192469,0.692001987,0.716157205,0.727426876,0,0.739149989,0.737219523,0.540086414,0,0
28.150686,77.797049,0,0.310037175,0,0.750660128,0.650263076,0.715836402,0.733778427,0,0.790458372,0.776770808,0.575555025,0,0
28.151154,77.79685,0,0.322843602,0,0.761774868,0.71879855,0.727426956,0.731440162,0,0.814964826,0.81044905,0.590664273,0,0
28.151381,77.797199,0,0.26839711,0,0.641463415,0.642410273,0.70191297,0.713269615,0,0.779839519,0.751322751,0.560244026,0,0
28.151849,77.797113,0,0.600312561,0,0.781051222,0.736263736,0.718421574,0.694335736,0,0.620315582,0.598856846,0.473335034,0,0
28.15228,77.79692,0,0.576164016,0,0.777301927,0.77100017,0.708035339,0.678850623,0,0.727295853,0.719840213,0.509758002,0,0
28.150969,77.798765,0,0.603663614,0,0.686319405,0.624320652,0.705321684,0.701431493,0,0.748213846,0.735508156,0.535294118,0,0
28.150151,77.799173,0,0.496273048,0.365912117,0,0.539390089,0.695820591,0.687709353,0,0.782196532,0.776265033,0.548840478,0,0
28.149253,77.785322,0.379968823,0.557296768,0,0,0.72327044,0.682637026,0.68,0.656084656,0.759206799,0.730326521,0.492327044,0,0
28.148756,77.785708,0.376227701,0.608367228,0,0,0.723172628,0.608001616,0.616613419,0,0.648291069,0.645375033,0,0,0
28.148368,77.785274,0.380462226,0.657740279,0,0,0.710861708,0.652765584,0.666353824,0.638268156,0.670150987,0.641237113,0,0,0
28.147786,77.78595,0.476778867,0.662839879,0,0,0.731217356,0.664220592,0.658337119,0.668301382,0.74101453,0.723183391,0.509709962,0,0
28.147531,77.786416,0.483300155,0.659179889,0,0,0.745475773,0.693184309,0.672498878,0.677069199,0.732435034,0.738101364,0.51887972,0,0
28.147994,77.786878,0,0.653773939,0,0,0.767766497,0.679139963,0.669402645,0.641653198,0.624006155,0.616145833,0,0,0
28.147091,77.78699,0.333867414,0.606711916,0,0,0.754355401,0.710510747,0.714979757,0.674853293,0.749577805,0.743854474,0.505697645,0,0
28.146817,77.787446,0.482751664,0.656956688,0,0,0.752197431,0.709811695,0.691360645,0.657053432,0.682301114,0.676200472,0,0,0
28.146277,77.788718,0.139007334,0.207225492,0.478816946,0,0.556168506,0.609179732,0.645183645,0.625745527,0.697360704,0.668829163,0.404437316,0,0
28.146273,77.789243,0.37302402,0.545656118,0.637662094,0,0.71598572,0.637082427,0.65454956,0.659981343,0.742758959,0.733667084,0.496605482,0,0
28.147696,77.787741,0.289120715,0.489420063,0,0,0.727565248,0.680303669,0.685989305,0.59687787,0.722757223,0.706739077,0,0,0
28.147356,77.788487,0.334845049,0.659401028,0,0,0.757986447,0.707016191,0.651282051,0.692341453,0.785957737,0.787864964,0.534894614,0,0
28.14684,77.789351,0.408102345,0.637730177,0.731582126,0,0.768185452,0.696304045,0.664091812,0.667857994,0.713394018,0.722934279,0.487804878,0,0
28.146509,77.790096,0.213545266,0.547812914,0.449438202,0,0.713507625,0.647525501,0.668822768,0.616651418,0.692110656,0.660500544,0,0,0
28.146717,77.790461,0.441470889,0.651188707,0.682993197,0,0.742311192,0.672240803,0.712765957,0.6989148,0.704035874,0.641223212,0,0,0
28.146566,77.790992,0.24578564,0.501416431,0.670317831,0,0.726719528,0.627317073,0.693682195,0.683404639,0.761345435,0.743369944,0.49646547,0,0
28.147096,77.791314,0.328026812,0.632955877,0.697461929,0,0.719049444,0,0.681248626,0.672186225,0.698563296,0.704225352,0,0,0
28.146996,77.790703,0.177595628,0.344645138,0.593239869,0,0.749811321,0.64692526,0.704323002,0.717414645,0.784050179,0.739707228,0.501765003,0,0
28.147597,77.791781,0.201758058,0.600885134,0.534849325,0,0.719211823,0.661493896,0.678009857,0.645681582,0.720816824,0.697029703,0,0,0
28.148406,77.789555,0.124881741,0.435316947,0,0,0.630689724,0.667114695,0.714285714,0.66442953,0.65912266,0.380964153,0.170536829,0.182524272,0.195717131
28.149248,77.789437,0.121824947,0.245884227,0,0.659838018,0,0.724796182,0.680870354,0.666108586,0.776086423,0.766281513,0.512869141,0,0
28.148926,77.789785,0.401082882,0.60938394,0,0.697033159,0,0.698113208,0.695612009,0.617383513,0.702025072,0.674224655,0,0,0
28.14859,77.790102,0,0.543940025,0,0.662417922,0.649054142,0.71,0.683126609,0.621905805,0.770206022,0.748492679,0.518640351,0,0
28.148302,77.790391,0,0.553333333,0,0.755747126,0.745263158,0.706099059,0.689983732,0.67014218,0.763030629,0.7593656,0.537091988,0,0
28.14859,77.790788,0.190346275,0,0,0.716295874,0.747346072,0.720245399,0.692624828,0.69332079,0.752539724,0.720955483,0.523732904,0,0
28.148893,77.790488,0,0,0,0.746779388,0.673846154,0.71849699,0.731069298,0.611492281,0.787427417,0.78179938,0.514277636,0,0
28.149655,77.789732,0.346189852,0.611857853,0,0.688780827,0,0.674459253,0.671899886,0.61381323,0.666757866,0.643835616,0,0,0
28.149896,77.790231,0.100550122,0.63182411,0,0.790055249,0,0.617112299,0.593447506,0,0.537229309,0.515935057,0.371544952,0,0.251447269
28.149574,77.790526,0.129393468,0.35013734,0,0.777028227,0,0.63816703,0.672752168,0,0.748027354,0.743670886,0.494771602,0,0
28.149376,77.791035,0.299855937,0.442479634,0,0.778907243,0.699054451,0.647916667,0.708724525,0.572661217,0.767724138,0.762721239,0.527572016,0,0
28.149588,77.78699,0.293556086,0.549635796,0,0.471688175,0,0.678510355,0.619150313,0.585092632,0.743188698,0.728735632,0.491308793,0,0
28.148396,77.787441,0.344807354,0.554238293,0,0,0.761476726,0.732589527,0.658811262,0.66218638,0.715867159,0.695557174,0.488718076,0,0
28.147162,77.790059,0.256888889,0.477380149,0.501215805,0,0.755238598,0.674767038,0.677305745,0.661999034,0.708168121,0.686440678,0,0,0
28.151159,77.781969,0.151605429,0.462852755,0,0.68056165,0.729747351,0.69070632,0.674288179,0,0.80444001,0.75600099,0.553772875,0,0
28.150719,77.781685,0.139697124,0,0,0.501367722,0,0.679775281,0.683131017,0,0.776629766,0.746478873,0.567644276,0,0
28.150189,77.782082,0.273879584,0.554096972,0.520645467,0,0.71828415,0.729880063,0.67167382,0,0.714061683,0.692834563,0.504816454,0,0
28.14964,77.782495,0.302784223,0.576811594,0,0,0.760362477,0.716616085,0.690322581,0,0.754735308,0.707425743,0.522267206,0,0
28.149891,77.782908,0.452223877,0.641447368,0,0,0.739369442,0.661465534,0.627633069,0,0.670879676,0.647058824,0,0,0
28.150128,77.783418,0.332872291,0.51819676,0,0,0.766790143,0.696904248,0.67761717,0,0.708006279,0.67597471,0,0,0
28.149314,77.782061,0.382444491,0.62362076,0,0,0.736602452,0.655594817,0.674934726,0.512156553,0.674038462,0.655558258,0.511575803,0,0
28.149092,77.781508,0.467881549,0.679651968,0,0,0.704988378,0.614802355,0.649840837,0.516918967,0.733770101,0.691014493,0.502627939,0,0
28.149546,77.781417,0.388742515,0.617686467,0,0,0.526011561,0.6973466,0.668436851,0,0.753058321,0.72482663,0.541323412,0,0
28.149981,77.781744,0.478928794,0.666076696,0,0,0.510334789,0.712730807,0.662315057,0,0.718399219,0.70795617,0.544046467,0,0
28.149792,77.781159,0.25209713,0.523338048,0,0,0,0.682151589,0.690183387,0,0.773087071,0.743836781,0.544102019,0,0
28.150199,77.780832,0.138166895,0,0,0,0,0.635481024,0.696072383,0,0.779150198,0.742675159,0.56791597,0,0
28.150624,77.780473,0.207678245,0.563993174,0,0.652700922,0,0.690901706,0.68579932,0,0.695115405,0.635056677,0,0,0
28.150738,77.779469,0.349330872,0.353941267,0,0.639328984,0,0.709926613,0.670721477,0.652787923,0.686789593,0.643435981,0.507794531,0,0
28.1493,77.780446,0,0.44064963,0,0.524328859,0.710809546,0.705014749,0.725338491,0.611488453,0.828423995,0.801470588,0.607640449,0,0
28.148704,77.781073,0.471978393,0.684395091,0,0,0.746047112,0.652195609,0.692655832,0.587893864,0.722915627,0.69559811,0.523018868,0,0
28.148335,77.780548,0.144968923,0.262597296,0,0,0.716476462,0.681761529,0.7156,0.680483233,0.800690449,0.766913809,0.57834486,0,0
28.148846,77.779738,0,0.5357399,0,0,0,0.716074388,0.720430108,0.705432762,0.70568259,0.685799223,0.533301618,0,0
28.149167,77.778407,0.229499742,0.46128952,0,0.508495909,0,0.676920024,0.696074621,0.691388546,0.742328414,0.698740794,0.524829601,0,0
28.147786,77.778665,0.39704676,0.590513834,0,0,0.685378374,0,0.665660052,0.668590977,0.678404972,0.64211063,0,0,0
28.148628,77.778021,0.151033912,0.271814404,0,0.50955414,0,0.636587367,0.647412497,0.657627119,0.727699531,0.672036547,0.525644233,0,0
28.147729,77.777973,0.451871079,0.650818702,0,0,0.711396469,0.657212318,0.570544007,0.58373097,0.617913832,0.574895397,0,0,0
28.148491,77.777361,0.475189235,0.604166667,0,0.533014354,0.578767123,0.700962809,0.67611336,0.668215801,0.729689808,0.691091954,0.511491443,0,0
28.147299,77.771959,0.49375384,0.684074553,0.765072765,0.688925081,0.643079174,0.651727542,0.613261944,0.65948182,0.728059333,0.702965235,0,0,0
28.146616,77.772818,0.228825271,0.373079737,0.661601186,0.530493708,0.594202899,0.64942741,0.604621849,0.602359882,0.650680348,0.571744907,0.42662116,0,0
28.148342,77.772477,0.265209125,0.429976581,0.616401088,0.686106346,0.640725349,0.643543669,0.605731832,0.61946001,0.71012931,0.709080717,0,0,0
28.147578,77.773351,0.437525438,0.617528271,0.740832225,0.726623175,0.702633815,0.697849868,0.528044872,0.666741121,0.74471086,0.717459551,0.509332024,0,0
28.146389,77.773901,0.161408657,0.295050871,0.273502617,0.3350571,0.620413609,0.715202703,0.689605881,0.675255442,0.588039867,0.391767554,0.214231643,0,0
28.147852,77.775124,0.210432013,0.484723727,0.725,0,0.663566198,0.625993455,0.568316832,0.606108958,0.684062059,0.617622141,0.394049159,0,0
28.147067,77.776498,0.299543379,0,0,0.495529412,0.714383095,0.619830329,0.677614346,0.70695825,0.748258244,0.695364238,0.50333251,0,0
28.147275,77.778718,0.151505289,0.303607771,0,0,0.702192564,0,0.638245033,0.694613204,0.782649694,0.740192624,0.515373353,0,0
28.146987,77.778273,0.151297535,0.234816248,0,0,0.651345054,0.642671984,0.648744032,0.699979136,0.783745247,0.730453158,0.538055222,0,0
28.147361,77.777485,0.505089059,0.65802075,0.729219144,0,0.730067093,0.676459068,0.665730337,0.650571028,0.732846715,0.687250528,0.528279182,0,0
28.14675,77.777866,0.410991898,0.677345099,0,0,0.761838224,0.633267327,0.617283951,0.638744638,0.652367964,0.606671646,0,0,0
28.146448,77.777442,0.413086583,0.654233274,0.739615623,0,0.737578211,0.640422078,0.643572799,0.664831535,0.730587943,0.68586903,0.512814133,0,0
28.14588,77.77779,0.355769231,0.623928134,0.746606335,0.654959951,0.678321678,0.666934512,0.653988868,0.646229739,0.690002724,0.656881228,0,0,0
28.146992,77.777152,0.427119969,0.579232694,0,0,0.71978393,0.644158628,0.608170437,0.695439739,0.724185092,0.698485846,0.528773585,0,0
28.145785,77.770996,0.380075345,0.589984351,0.749194923,0.761104229,0,0.655642023,0.691430898,0.706941915,0.775074593,0.7724661,0.52073963,0,0
28.14535,77.770758,0.521731157,0.55752569,0.694360902,0.75635632,0,0.639673913,0.699776559,0.703017241,0.702107048,0.672552977,0.4935164,0,0
28.145166,77.770562,0.31227509,0.388609378,0.735227273,0.766755556,0,0.641717116,0.675840979,0.708821715,0.760191847,0.779404818,0.53318307,0,0
28.14501,77.769205,0.195584177,0.341060232,0.677028535,0.776648133,0,0.650078811,0.62588968,0.648630292,0.666180333,0.686095932,0,0,0
28.144828,77.769779,0.213166766,0.484160757,0.729616192,0.783136835,0,0.704803133,0.707135471,0.716246216,0.785280544,0.790714812,0.543538969,0,0
28.144598,77.768969,0.236165577,0.349170437,0.644412963,0.764233322,0,0.71835443,0.693379791,0.694986365,0.768541563,0.782330346,0.534834992,0,0
28.144215,77.769304,0.277391304,0.516937355,0.649294056,0.779734162,0,0.733128834,0.688841202,0.691237225,0.775787049,0.771202114,0.526078899,0,0
28.143744,77.769073,0.457890071,0.668395773,0.76806274,0.760421816,0,0.712688006,0.701604501,0.69395466,0.669655498,0.677911844,0.495835375,0,0
28.144109,77.768218,0.210136802,0.387228817,0.728445857,0.732010821,0,0.70998632,0.71081254,0.685861624,0.776573787,0.775510204,0.520501436,0,0
28.143721,77.767611,0.241243605,0.442044954,0.73877709,0.734285714,0,0.718625403,0.702944384,0.68315508,0.735198601,0.71443038,0.500258665,0,0
28.143198,77.771342,0.383143508,0.602104837,0.703648269,0.700407729,0,0.72218234,0.689896208,0.689281768,0.751033058,0.697200326,0,0,0
28.143115,77.76961,0.527591122,0.679115854,0.780356834,0.794373744,0,0.682089245,0.680757681,0.668825162,0.601222307,0.598255655,0,0,0
28.142304,77.77032,0.262679426,0.339560953,0.701686122,0.758377106,0,0.71273814,0.723154362,0.68998968,0.757228445,0.772797527,0.508154944,0,0
28.141968,77.770725,0.458596049,0.691351046,0.763343404,0.79546161,0,0.679924953,0.661204424,0.678440926,0.709966934,0.734140436,0.506024096,0,0
28.141578,77.771093,0.201043478,0.341572262,0.66574776,0.745454545,0,0.43914911,0.522923875,0.554179567,0.225126805,0.221986192,0.263467189,0,0
28.14225,77.769103,0.161802734,0.251257217,0.694818082,0.735299825,0,0.687562991,0.673301304,0.663888889,0.74160895,0.748768473,0,0,0
28.142337,77.768507,0.335529024,0.540304569,0.76487404,0.768257716,0,0.71338334,0.673755755,0.659416937,0.686263426,0.682193396,0,0,0
28.142905,77.767284,0.228421053,0.528462573,0.703843969,0.715769231,0,0.72845245,0.638595736,0.663617171,0.682320442,0.685185185,0,0,0
28.141725,77.768891,0.155092162,0.253319172,0.690074707,0.740299072,0,0.710379357,0.677226814,0.66034327,0.757823129,0.783624161,0.509750813,0,0
28.141327,77.768577,0.143256464,0.254529464,0.686201164,0.684571429,0,0.701383551,0.556210526,0.619089704,0.730572597,0.735799207,0,0,0
28.140651,77.767638,0.504665314,0.677895534,0.754213483,0.740654978,0,0.658163265,0.499705015,0.640562671,0.665783771,0.69902414,0,0,0
28.141367,77.767464,0.458035532,0.678097345,0.788904396,0.793240557,0,0.705229794,0.559560804,0.626684944,0.659957627,0.682025028,0,0,0
28.141997,77.767402,0.37254902,0.575229153,0.772492625,0.784387895,0,0.709405227,0.686180631,0.657063197,0.716060337,0.7037271,0,0,0
28.14216,77.766933,0.365568987,0.584685269,0.740340597,0.777164539,0,0.72021364,0.686625874,0.671339922,0.72482663,0.726384365,0,0,0
28.151461,77.787988,0.165813173,0.289982425,0,0.684269663,0.635716597,0.654889446,0.488617738,0,0.211182623,0.142498431,0.18379085,0,0
28.152303,77.787151,0.185754452,0.187055477,0,0.680444599,0.60793238,0.578499613,0.62422298,0,0.526156942,0.178223496,0.203597302,0,0
28.151414,77.78596,0.236892863,0.638468085,0,0.273562213,0,0,0.652427589,0,0.657187994,0.633722438,0.320882852,0,0
28.152043,77.78448,0.151960784,0.146289146,0,0.789596532,0,0.576584257,0.368228571,0,0.155396081,0.154268597,0.176670717,0.190973872,0.227505486
28.153079,77.783037,0.159154146,0.148067592,0,0.213107997,0.540451895,0.641347271,0.586902801,0,0.50651341,0.366162847,0.283062645,0.255027422,0.158533502
28.15498,77.77388,0.19560131,0.231325301,0.2188429,0.249598716,0.6,0.698692241,0,0.612688822,0.451725863,0.264974619,0.194086022,0,0
28.154082,77.774202,0.143095885,0.214274022,0,0,0,0.709471954,0,0.685208281,0.619514033,0.342681521,0.203591233,0,0
28.15454,77.774888,0.148378192,0.185718965,0.187338501,0.198279394,0.631254284,0.749020943,0,0.638646288,0.558365319,0.204307169,0.184580036,0.173353145,0.185764765
28.154063,77.776342,0.139626352,0.192805174,0,0.206550056,0,0.750043037,0,0.529764882,0.542746828,0.220661531,0.179315298,0.183126067,0.18736004
28.152885,77.774298,0.145547945,0.170660857,0.209941138,0.209973753,0,0.739738634,0,0.645583424,0.74013677,0.398441305,0.235878788,0.212391457,0
28.155307,77.781122,0,0.153478953,0,0.230054875,0.506860537,0.70076772,0,0,0.619499341,0.355137906,0.18308482,0.160257941,0.162162162
28.154791,77.779282,0.213704497,0.263825067,0,0.356388486,0.623696472,0.691708968,0,0,0.343728182,0.157923202,0.193794632,0.200286807,0.220073439
28.151334,77.79045,0,0.609317682,0,0.26342711,0,0.713619584,0.671785871,0.592827004,0.659778377,0.31070007,0.207154298,0,0
28.150279,77.790627,0.247984827,0.204329288,0,0.234128317,0,0.627386197,0.677163795,0,0.328247804,0.204735001,0.236090226,0,0
28.152209,77.796201,0,0.202633745,0,0.598279409,0.810622056,0.745495923,0.665556018,0,0.199143469,0.157952974,0.193975591,0.216551041,0.229587919
28.152474,77.796067,0,0.200201884,0,0.655390335,0.819729442,0.745252254,0.67844596,0.572626331,0.166384659,0.176719577,0.19194494,0.209245144,0.22020202
28.149555,77.783927,0.150884495,0.496596324,0,0,0.622997808,0.741672573,0.701962476,0,0.359747205,0.331508213,0.26044226,0.193453835,0.195430238
28.150099,77.77874,0.151585205,0.292987512,0,0,0,0.685865933,0.679569034,0.631121054,0.565330557,0.518343816,0.164851861,0.166992188,0.170181462
28.149551,77.777715,0.135222151,0.538590604,0,0,0,0.739191812,0.602879424,0.64042893,0.45258427,0.262729124,0.159869902,0.164105107,0.160880196
28.147564,77.78021,0.191859316,0.197579883,0,0,0.694555521,0.664169068,0.612565445,0.655861456,0.428899609,0.192531374,0.20189905,0.196284527,0.204736063
28.146604,77.77414,0.144034278,0.229822161,0.452662722,0.300824668,0.539346812,0.599378882,0.580513042,0.634023991,0.447006869,0.300450676,0.170396745,0.164112704,0
28.147387,77.775261,0.157470152,0.53978187,0.564695009,0,0.326233184,0.586518887,0.653655381,0.647177419,0.557121288,0.575504181,0.368445368,0.289763411,0
28.145544,77.776986,0.193139926,0.649054142,0,0,0,0.529384544,0.635820896,0.612520749,0.431003902,0.427060803,0.19424097,0.160654036,0
28.143453,77.768727,0.41832249,0.696023243,0.569076891,0.391194057,0,0.383240763,0.557153966,0.573078455,0.192931634,0.165640739,0.192216671,0,0
28.143413,77.771203,0.483760684,0.704744526,0.238835726,0.21012321,0,0.720178372,0.655755474,0.688859299,0.745748988,0.405850091,0.203399123,0,0
28.142727,77.77135,0.185584808,0.186337625,0.160289972,0.155291171,0,0.723836192,0.673273797,0.645419237,0.652777778,0.302394575,0.177565125,0.169829924,0.174786539
28.142368,77.771635,0.175495967,0.17627974,0.151146277,0.145198701,0,0.748211244,0.6789073,0.670926518,0.690174804,0.317197452,0.173123815,0.171914043,0.166200051
28.142027,77.771924,0.164299343,0.163969036,0.14898642,0.145350587,0,0.734465195,0.69356301,0.671806674,0.622969838,0.348877751,0.17434555,0.163021869,0.162534435
28.14268,77.769339,0.199817934,0.468555241,0.803073967,0.810555642,0,0.656893325,0.679064327,0.624351109,0.50014806,0.420271941,0.287024902,0.24838228,0
28.142836,77.768285,0.167112025,0.34275017,0.188840308,0.201276935,0,0.741603053,0.649955237,0.642806183,0.334841629,0.309283552,0.17992278,0.1782105,0.1875
28.143319,77.767923,0.15352381,0.322687957,0.179378829,0.187351779,0,0.743930197,0.686530245,0.653947684,0.434168113,0.324631375,0.184536082,0.182869801,0.186939182
28.140663,77.768446,0.145930587,0.611615245,0.673375503,0.654737623,0,0.56743567,0.587348136,0.591723549,0.379109226,0.378588677,0.165552287,0,0
28.14242,77.765385,0.15705378,0.201083277,0.203814593,0.175126904,0,0.747301824,0.683083512,0.640491082,0.694742793,0.458227848,0.223504159,0,0.218324607
28.152341,77.789426,0,0.504072085,0,0.609552691,0.742113429,0.702740548,0.646661367,0.628638867,0.800427655,0.801118405,0.468915177,0,0
28.153585,77.78382,0.184430512,0.466689385,0,0.557988495,0.400547945,0.542404668,0.664802314,0,0.747368421,0.699858424,0.359510933,0.252091341,0.222666667
28.150946,77.790805,0,0.207371795,0,0.816172777,0,0.784528552,0.748316336,0.645739028,0.803663004,0.737948718,0.517774343,0,0
28.150586,77.790381,0,0.272917758,0,0.804092986,0,0.732857411,0.724330803,0.65284387,0.771964462,0.721649485,0.495375128,0,0
28.151092,77.791786,0,0.275037619,0,0.800753728,0.758449304,0.738317757,0.748469891,0,0.836341757,0.811359026,0.522553416,0,0
28.149456,77.789919,0.17553456,0.320188743,0,0.685254875,0,0.716985093,0.708270024,0.628811132,0.80844236,0.79601227,0.533420708,0,0
28.146277,77.773091,0.173898751,0.439062773,0.794077604,0.797752809,0.753215817,0.702790618,0.696573579,0.744622064,0.788686768,0.760219342,0.497594328,0,0
28.145752,77.776181,0.143075279,0.461396751,0,0,0.523131673,0.526132404,0.592348828,0.627758913,0.579429187,0.57222964,0.258343634,0,0
28.145565,77.769578,0.166783217,0.540647482,0.561904762,0.579860456,0,0.552527255,0.618865031,0.517009494,0.47143543,0.436030103,0.376442179,0,0
28.145769,77.769803,0.165378671,0.549222798,0.686949866,0.681713849,0,0.462045259,0.522613065,0.370251127,0.344186047,0.512054002,0.247405789,0,0
28.15342,77.784995,0.165883628,0.629131209,0,0.687315634,0.55776233,0.693481578,0.646950518,0,0.503759398,0.383454988,0.168322007,0,0
28.154451,77.787559,0.295477055,0.414442163,0,0.741342756,0.594792224,0.51293488,0.406152146,0,0.52196319,0.502497027,0.340761855,0,0
28.152814,77.788922,0.165327979,0.436889078,0,0.795958279,0.663208596,0.467279492,0.484312148,0,0.183446793,0.185530487,0.20363547,0.210194175,0
28.151499,77.789404,0,0.64544223,0,0.817523989,0.680139483,0.630970556,0.553545129,0.504082109,0.393514037,0.332478194,0.273441109,0.254938852,0.199680511
28.153126,77.786003,0.263730288,0.354404145,0,0.726138032,0,0.720113314,0.653281853,0,0.458812485,0.465521244,0.29394166,0,0
28.154682,77.775178,0.159390338,0.159200773,0.203341394,0.215776374,0.606546855,0.747077227,0,0.580973952,0.620384815,0.381472684,0.215620508,0.169470249,0.175506021
28.155013,77.775532,0.15008338,0.295008606,0.262634989,0.217831419,0.589255189,0.674826452,0,0.549732319,0.338110749,0.257886609,0.180020284,0.16892058,0.1975
28.153486,77.776004,0.163947473,0.497473766,0.181124611,0.242734685,0,0.75486827,0,0.584662748,0.282795964,0.149592022,0.168322296,0,0
28.153689,77.780011,0.165598054,0.413087935,0,0.747546531,0,0.594508556,0.321648331,0,0.258761402,0.224894619,0.24573299,0.182677949,0
28.153259,77.781132,0.191834841,0.390320786,0,0.723860099,0,0.358882386,0.327074728,0,0.28,0.344016542,0.253142716,0,0
28.150463,77.79118,0.055357143,0.419459679,0,0.560966258,0,0.54173913,0.600770218,0.333930571,0.181616833,0.15904936,0.187878788,0,0
28.152644,77.795332,0,0.655036679,0.52130898,0.58342879,0.553271812,0.513101477,0.55502008,0,0.144404943,0.165077473,0.195739015,0,0
28.151934,77.796384,0,0.190397654,0,0.790439231,0.763209048,0.606060606,0.459348551,0,0.166635566,0.145257453,0.205331966,0,0
28.150156,77.798401,0,0.178921991,0,0.464615385,0.470763586,0.651853458,0.659287777,0.3728223,0.442951252,0.29361892,0.201519108,0.210163857,0.223793272
28.149002,77.78404,0.202842081,0.265520066,0,0,0.731248902,0.51080344,0.558627264,0,0.55749354,0.498710971,0.185894207,0.180182401,0
28.149546,77.785708,0.167218282,0.452265069,0,0.612803104,0.74853311,0.683450504,0.609954751,0.589237668,0.470811221,0.487082247,0,0,0
28.149049,77.786116,0.226458886,0.634943182,0,0,0.61602728,0.455866168,0.625394156,0,0.495314592,0.319851424,0,0,0
28.148505,77.78647,0.22694906,0.24238806,0,0,0.699604743,0.639580603,0.536561743,0.39517093,0.250065738,0.238237491,0.176560901,0,0
28.148009,77.785612,0.156018299,0.548664635,0,0,0.734870317,0.481330618,0.55682067,0.474190178,0.196947212,0.184477155,0.242050616,0,0
28.147554,77.788047,0.152520942,0.573289902,0,0,0.516546215,0.552880482,0.623334062,0.576638966,0.333685044,0.324302789,0.40625,0,0
28.147829,77.790751,0.152302243,0.283598464,0,0.536617344,0.724124737,0.643029638,0.44459279,0.450959488,0.251403135,0.230733626,0.184387618,0,0
28.148832,77.789099,0.131029987,0.348472472,0,0,0.547839272,0.674597779,0.702834367,0.648243675,0.407490848,0.296194976,0.163112711,0,0
28.148728,77.787833,0.17251462,0.194887118,0,0.51201748,0.694282001,0.694622793,0.571627907,0.579848374,0.313595992,0.201388889,0.198091891,0,0
28.146904,77.773842,0.149294861,0.414362657,0.71986139,0.638204522,0.71553758,0.645595432,0.648185895,0.652332196,0.48630137,0.480890179,0.299949925,0.23325975,0.209507474
28.145904,77.776503,0.15921288,0.416400067,0,0,0.515036704,0.574200315,0.636576239,0.653479504,0.721130552,0.555555556,0.234110654,0,0
28.141013,77.768856,0.144417247,0.491270113,0.774413575,0.77132178,0,0.57680051,0.561365601,0.490672061,0.470647773,0.507083667,0.21749522,0.198678622,0.212862971
28.140258,77.768167,0.203759532,0.285399853,0.522302707,0.486621477,0,0.667201927,0.579683323,0.557522124,0.605648536,0.572848623,0.222920696,0.191714836,0.180319803
28.146436,77.794521,0.162722853,0.405649718,0.72855215,0.609408647,0.703035275,0.675720506,0.730720607,0,0.813238121,0.806951872,0.554563492,0,0
28.147152,77.794789,0,0.393980234,0.688405797,0,0.551561022,0.679948029,0.70969163,0,0.792792793,0.789915966,0.531322506,0,0
28.147405,77.795551,0,0.384726225,0.672392638,0.745783628,0,0.720270842,0.72358804,0,0.83497807,0.823529412,0.559798995,0,0
28.1483,77.795905,0,0.27452501,0.575510204,0.658038644,0,0.624452235,0.656271034,0,0.603253739,0.603955104,0.415853963,0,0
28.149073,77.796624,0,0.395619758,0,0.783505155,0.59375,0.692694064,0.726950355,0,0.811247216,0.768654646,0.548868313,0,0
28.148531,77.796935,0,0.391263058,0,0.782145782,0.503397159,0.697428139,0.718185821,0,0.800834492,0.763352506,0.554388597,0,0
28.148168,77.797772,0,0.402018306,0,0.794341216,0,0.704869232,0.69799957,0,0.813447783,0.801274623,0.530942895,0,0
28.148487,77.798673,0,0.46993865,0.508337303,0.781888578,0,0.658225242,0.713731408,0,0.839435856,0.853822314,0.596551724,0,0
28.147831,77.799081,-0.003094698,0.408357285,0.65893186,0.804540967,0,0,0.704122201,0,0.802809292,0.80597424,0.565848773,0,0
28.149093,77.799102,0,0.386086033,0,0.747292419,0,0.668200745,0.674082016,0,0.812552301,0.80802213,0.54909285,0,0
28.149213,77.800443,0,0.385573928,0,0.734895191,0,0.686820357,0.677085676,0,0.79106946,0.81471536,0.556123754,0,0
28.148585,77.801602,0,0.31809982,0,0.764506405,0,0.631793153,0.651856915,0,0.608974359,0.636214442,0.42103929,0,0
28.14828,77.802321,0,0.26048026,0.582832921,0.778161581,0,0.619544592,0.588035019,0,0.631991051,0.634188034,0.388434117,0,0
28.148579,77.803061,0,0.322057461,0.433803763,0.792207792,0,0.70894874,0.677254317,0,0.785343035,0.82174137,0.569330346,0,0
28.151755,77.807095,0,0.313729551,0.780007719,0.7428051,0.600665557,0.691219309,0.654490761,0,0.726701285,0.753380206,0.509937238,0,0
28.152575,77.807546,0,0.305641662,0.773886563,0,0.694648478,0.691548427,0.66653144,0,0.742051282,0.763704098,0.53326713,0,0
28.151711,77.80481,0.221084001,0.238300161,0.713001383,0.477924781,0,0.621797655,0.636036036,0,0.650485437,0.647849462,0.430379747,0,0
28.153061,77.805679,0.161133245,0.2995005,0.750488854,0,0,0.70107921,0.674309979,0,0.771938776,0.782113821,0.576309795,0,0
28.152093,77.808071,0,0.313106796,0.764637904,0.582352018,0.690402477,0.66558089,0.610208817,0,0.760342368,0.750287026,0,0,0
28.156012,77.800674,0,0.375541647,0.727292818,0,0.531390135,0.68397692,0.643314652,0,0.813554475,0.842502094,0.578168834,0,0
28.160319,77.794902,0.318251299,0.365608586,0.689096158,0,0.640587768,0.646150452,0,0.522989807,0.785587714,0.792736935,0.522858644,0,0
28.159197,77.794043,0.114708345,0.437380497,0.752559727,0,0,0.664349553,0,0,0.828403944,0.82831245,0.590608951,0,0
28.160402,77.793228,0,0.399669889,0.74025974,0,0,0.703111495,0,0,0.838627049,0.827083333,0.576222435,0,0
28.157899,77.794988,0,0.416998012,0.737491586,0,0,0,0,0,0.831702544,0.855952701,0.607533724,0,0
28.159898,77.795932,0,0.318536786,0.683894231,0,0,0.654697286,0.633458276,0,0.765320941,0.738777874,0.518028534,0,0
28.159797,77.792069,0,0.446101198,0.712605042,0,0,0.644890341,0,0,0.789113708,0.777525539,0.529261436,0,0
28.160889,77.801296,0,0.266021545,0.75547025,0.609964413,0.600908747,0.651508526,0.607453919,0,0.685863874,0.685266458,0.426008969,0,0
28.159937,77.80209,0,0.384011091,0.783896537,0,0.627182992,0.700280717,0,0.533384497,0.828066417,0.834328746,0.578742077,0,0
28.159863,77.792305,0,0.358968757,0.605517241,0,0,0.615106287,0,0,0.690102758,0.676720804,0.485089463,0,0
28.157644,77.794944,0,0.384806356,0.758504168,0,0,0,0,0,0.829274966,0.843614719,0.614008942,0,0
28.160078,77.795781,0,0.341040462,0.739840894,0,0.68452604,0.675710318,0.633764199,0,0.820512821,0.825726141,0.573433584,0,0
28.159808,77.794601,0,0.425908667,0.773850085,0,0,0.692702761,0,0,0.849540262,0.849844764,0.585526316,0,0
28.158931,77.793678,0.222579165,0.430267062,0.779906256,0,0,0.68705125,0.647105005,0,0.843639335,0.851297138,0.601684419,0,0
28.160382,77.795567,0.21091355,0.343985391,0.714723926,0,0.687599364,0.683584625,0.632885633,0,0.83117614,0.844633544,0.556014455,0,0
28.150956,77.78763,0.184576023,0.222456881,0,0,0,0.413813344,0.419290949,0,0.295156082,0.287332647,0.270072993,0.251361162,0.264578313
28.150716,77.788006,0.201112141,0.264674868,0,0,0,0.416939444,0.496466431,0.390265886,0.348848143,0.31223825,0.291647003,0,0
28.150354,77.787791,0.201872659,0.277200656,0,0,0.410491563,0.481543624,0.446764947,0.45183432,0.430754066,0.436517533,0.353869271,0,0
28.150559,77.788413,0.237478275,0.237929703,0,0,0,0.376582982,0.306024096,0.344269871,0.265034466,0.240762532,0.253176471,0,0
28.150925,77.788628,0.121612777,0.186983289,0,0,0,0.3717141,0.495028998,0.331913988,0.240044494,0.200946644,0.270710729,0,0
28.150155,77.787845,0.162542282,0.184925796,0,0,0.345171656,0.354251012,0.420953181,0.336877076,0.248596452,0.228016583,0.238788448,0,0
28.150275,77.787566,0.280243161,0.401979364,0,0.489090909,0.427217332,0.578184917,0.596330275,0,0.666128164,0.655902307,0.483042138,0,0
28.152818,77.790615,0,0.268340144,0,0.314202688,0.298896866,0.380971497,0.376264591,0,0.250347705,0.273056058,0.245829244,0,0
28.152721,77.790432,0,0.325004805,0,0.372859025,0.433786408,0.424408784,0.476100232,0,0.426077469,0.393228472,0.307110439,0,0
28.152491,77.790336,0,0.288096607,0,0.379443586,0.374441133,0.492405899,0.42217529,0,0.447984212,0.387644996,0.356809943,0,0
28.152232,77.79025,0,0.295628834,0,0.385961501,0.358733665,0.409532025,0.416701992,0.349521989,0.317373461,0.316101494,0.274245028,0,0
28.152021,77.790389,0,0.293591121,0,0.301496553,0.39026087,0.360217138,0.304850746,0.307812772,0.286748078,0.307189542,0.249242248,0,0
28.151962,77.790701,0,0.22650514,0,0.306167,0.35483871,0.437833227,0.453859805,0.321618743,0.34815913,0.29943779,0.295544554,0,0
28.152242,77.790894,0,0.208979741,0,0.275610191,0.315143747,0.323064113,0.321003963,0,0.313253012,0.310580205,0.26261586,0,0
28.152637,77.790904,0,0.265235722,0,0.317149569,0.335910321,0.398100173,0.36361742,0,0.283794466,0.292670157,0.236916731,0,0
28.152492,77.791248,0,0.182583242,0,0.197606962,0.271864921,0.275623559,0.309663103,0,0.178361827,0.147802929,0,0,0
28.151997,77.790926,0,0.256667297,0,0.301598971,0.355505773,0.361134279,0.351672535,0.324829635,0.255380201,0.242518554,0.242551096,0,0
28.152609,77.790711,0,0.287881698,0,0.32893799,0.356944187,0.352272727,0.299498263,0,0.304347826,0.295279383,0.284399225,0,0
28.134207,77.785728,0.22595778,0.262331839,0,0.30495525,0,0.426068376,0.412227074,0.39372973,0.45317305,0.418502203,0.349558706,0,0
28.134088,77.785191,0.212552946,0.261423221,0,0,0,0.403078296,0.337918386,0.374663073,0.404126547,0.400585574,0.309042553,0,0
28.133836,77.783453,0.182362065,0.220834134,0,0,0.300486855,0.29685586,0.365508366,0.309633992,0.196123673,0.236898269,0.221611284,0,0
28.133092,77.783174,0.19242771,0.205190897,0,0,0.313191153,0.31969728,0.353676019,0.279055052,0.244686366,0.277762238,0.226459144,0,0
28.132739,77.78492,0.207821004,0.252160553,0,0,0,0.448998603,0.548072457,0.421280474,0.416904626,0.411111111,0,0,0
28.131844,77.784512,0.206080431,0.255573982,0,0,0,0.441157961,0.399830221,0.381182909,0.447729673,0.398426905,0.347994825,0,0
28.132935,77.783718,0.196237708,0.233686786,0,0,0,0.300658044,0.283983849,0.287361419,0.233053221,0.250366032,0,0,0
28.132891,77.782903,0.173427152,0.19302281,0,0,0.303545207,0.301894918,0.272644722,0.269123034,0.244254409,0.252698588,0.214266559,0,0
28.132318,77.782967,0.237991266,0.272131148,0,0,0.430470096,0.34501406,0.322002756,0.386655075,0.337107274,0.39244186,0,0,0
28.132028,77.783611,0.256122873,0.324101947,0,0,0.455677291,0.430540599,0.399911229,0.386348575,0.415376401,0.416207277,0.309625668,0,0
28.131606,77.78316,0.220042644,0.260964477,0,0,0.334672559,0.3611709,0.367885238,0.339662447,0.294593229,0.333333333,0.261052632,0,0
28.131846,77.782602,0.149525316,0.16426618,0,0,0.258431085,0.326016785,0.342093736,0.288091636,0.301848049,0.276895944,0.240545408,0,0
28.131177,77.782495,0.26463045,0.340245451,0,0,0.413590604,0.346974697,0.316395223,0.37761926,0.295095594,0.316448326,0.257111894,0,0
28.130869,77.783225,0.267741159,0.280252266,0,0,0.302535453,0.33031488,0.305647841,0.339581256,0.279689993,0.318234882,0.254509995,0,0
28.131582,77.783997,0.201391731,0.220909273,0,0,0,0.396825397,0.380931459,0.295302013,0.320592194,0.283324038,0,0,0
28.131803,77.783396,0.209264527,0.196699794,0,0,0.30759903,0.345532831,0.303737259,0.319458897,0.240244476,0.222795382,0.216284987,0,0
28.130699,77.782817,0.223333333,0.281731332,0,0,0.346613546,0.399067288,0.392330383,0.368950346,0.40035999,0.383747757,0.297001304,0,0
28.130409,77.783654,0.182782283,0.199633364,0,0,0,0.398610508,0.40407785,0.333738602,0.27375619,0.235360615,0.255232139,0,0
28.127565,77.784941,0.185246926,0.188115268,0.241972276,0,0,0.363712027,0.393353759,0.365200765,0.262586377,0.251980198,0.231394463,0,0
28.127199,77.785435,0.198838248,0.259476286,0.271139193,0.292783102,0,0.345967572,0.284449489,0,0.300538048,0.324331083,0.243634548,0,0
28.12672,77.785263,0.160151887,0.170065676,0.200138145,0,0,0.29124647,0.275011018,0.229750607,0.163604549,0.174863388,0.174370709,0,0
28.12643,77.784748,0.187193269,0.222120154,0.255307158,0,0,0.345715492,0.296545536,0.291048133,0.264698707,0.26343444,0.245476773,0,0
28.130588,77.793202,0.139188914,0.170325779,0,0,0.24516129,0.315159835,0.297422898,0,0.165502183,0.16572717,0.179657795,0,0
28.130222,77.793739,0.160027009,0.189385678,0,0.221877768,0.258688642,0.320642978,0.332740609,0.27481635,0.178316032,0.207151371,0.213299233,0,0
28.129989,77.793288,0.240523777,0.292449061,0,0.434450573,0.453211009,0.514213081,0.493365501,0.426707441,0.56429652,0.522038981,0.368124118,0,0
28.129813,77.793889,0.205663881,0.243624951,0,0.320627803,0.293370682,0.379130435,0.377376426,0.345454545,0.260468417,0.264957265,0.249078462,0,0
28.129428,77.794232,0.218765192,0.270180899,0,0,0.390295766,0.454503782,0.501752746,0.356030725,0.38032699,0.395068493,0.306717022,0,0
28.128836,77.794189,0.210025929,0.264590714,0,0.280151947,0.310101946,0.332026144,0.343915344,0,0.219106464,0.147698745,0.214589058,0,0
28.128262,77.794189,0.224864414,0.265103339,0.365172895,0.302533532,0.350993377,0,0.343871806,0,0.378612717,0.344586729,0.265420039,0,0
28.128767,77.793717,0.207451312,0.255675475,0,0.334059233,0.322416303,0.348980852,0.316798196,0.328759067,0.28307123,0.280344745,0.238769531,0,0
28.130275,77.793159,0.279432624,0.327888934,0,0.370542636,0.432180334,0.412548346,0.36022802,0.425489413,0.32461292,0.382613511,0,0,0
28.127695,77.804575,0.144294004,0.17964178,0.239017641,0.25204617,0,0.405163141,0.387764489,0,0.26574655,0.232669524,0.213156553,0,0
28.127349,77.804189,0.231572605,0.28753568,0.306009925,0.339777869,0,0.394932368,0.340097403,0,0.302070342,0.330584901,0.241239208,0,0
28.127134,77.80479,0.351560818,0.438376229,0.494678587,0.544842562,0,0.486486486,0.386709004,0.41284763,0.591347559,0.584233577,0.380952381,0,0
28.127242,77.805283,0.199767937,0.239157373,0.242335008,0.273068972,0,0.334063927,0.286108165,0.225962368,0.25611262,0.255302013,0.215796178,0,0
28.126782,77.804918,0.190685245,0.203045685,0.234958602,0.239383055,0,0.355653569,0.40871177,0.419908676,0.237066801,0.229492188,0.217175478,0,0
28.126814,77.804232,0.188527878,0.22426266,0.277144459,0.293734744,0,0.399016716,0.384439881,0,0.295099062,0.261506814,0,0,0
28.126372,77.804446,0.198791769,0.231907026,0.280834232,0.310216718,0,0.407303931,0.398513179,0,0.30542482,0.286035473,0.266734798,0,0
28.12648,77.805154,0.196951934,0.25229788,0.283067327,0,0,0.378187525,0.327140013,0,0.324655436,0.321521626,0.235955056,0,0
28.125925,77.805326,0.277880468,0.343135307,0.309238429,0,0,0.426741704,0.448421053,0,0.340255977,0.388471178,0.277442095,0,0
28.125806,77.80479,0.174478141,0.184987617,0.167282127,0,0,0.339478329,0.389243391,0.280442076,0.168421053,0.163946774,0.187451387,0,0
28.127522,77.805369,0.16118175,0.18159292,0.226108033,0.225518712,0,0.380514361,0.392984667,0,0.237765466,0.201323251,0.206871522,0,0
28.130752,77.811012,0.195361635,0.248066403,0.294721927,0.335202243,0,0.371839671,0.3847487,0,0.277864992,0.300520833,0.262658228,0,0
28.13031,77.81127,0.181895453,0.228016163,0.281291548,0.295343137,0.350194553,0.392967304,0.398285972,0,0.26011846,0.227097396,0.224669604,0.207715134,0
28.130058,77.810819,0.2,0.238844184,0.301057318,0.262017336,0,0.350815851,0.339148936,0,0.254930255,0.244487996,0.224744325,0,0
28.130488,77.810605,0.25267666,0.326019458,0.366081434,0.360936847,0,0.426844519,0.436295147,0,0.374816554,0.380698638,0,0,0
28.130122,77.810175,0.189837398,0.223601298,0.244190476,0.238057005,0,0.371164355,0.42629108,0,0.243333333,0.228732394,0,0,0
28.1297,77.810647,0.128030303,0.160388614,0.18120139,0,0,0.310499719,0.35396687,0,0.159594287,0.149978513,0.190792596,0.18718623,0
28.129788,77.811484,0.233685221,0.310465796,0.358330255,0,0,0.408522283,0.410430839,0,0.369657586,0.3578125,0.302641509,0,0
28.123213,77.814922,0.157116451,0.208694176,0,0,0.272540281,0.359507313,0.480172218,0,0.214120614,0.167889512,0.195375177,0.169471439,0
28.125061,77.824535,0.172560716,0.190732974,0.229880478,0.216535433,0,0,0,0,0.255172414,0.208121827,0,0,0
28.124544,77.825072,0.178193955,0.228382148,0.227561492,0.3217453,0,0,0.586049408,0,0.365429779,0.318676535,0.288676996,0.244907856,0
28.124216,77.824171,0.19200931,0.211734185,0.216169272,0.298529412,0,0,0.405095541,0,0.363057325,0.357664234,0.288672974,0,0
28.1237,77.823956,0.16724243,0.188526137,0,0.201601602,0,0,0.341551849,0,0.251585624,0.239359039,0,0,0
28.124091,77.824965,0.265577737,0.337618147,0.32858384,0.441032662,0,0,0.40880237,0,0.475744681,0.516209476,0.317046688,0,0
28.124142,77.825759,0.173229874,0.182739212,0,0.224535734,0.341679185,0.393485915,0.397917994,0,0.235392321,0.23279714,0.211633956,0.186733958,0.175553932
28.123183,77.824767,0.152302243,0.180327869,0.164750958,0.172286715,0,0.284845755,0.273523889,0,0.16185567,0.174821476,0.192362768,0,0
28.12312,77.825432,0.130351682,0.115981381,0.135972461,0.146556189,0,0.283803863,0.257083764,0,0.116511469,0.140632158,0.14716614,0,0
28.122622,77.825453,0.228320067,0.254361404,0.307129094,0.335253456,0,0.36426993,0.288469265,0,0.321274298,0.348169014,0.219561381,0,0
28.122635,77.824788,0.156839623,0.162799843,0.154046149,0.178827977,0,0,0.29900111,0,0.139359699,0.142395569,0.151690821,0,0
28.123291,77.824016,0.18490263,0.209610291,0,0.232778198,0,0,0.340454545,0,0.182103611,0.221422862,0.177959399,0,0
28.12514,77.82438,0.172560716,0.190732974,0.229880478,0.216535433,0,0,0,0,0.255172414,0.208121827,0,0,0
28.124623,77.824981,0.178193955,0.228382148,0.227561492,0.3217453,0,0,0.586049408,0,0.365429779,0.318676535,0.288676996,0.244907856,0
28.123992,77.824209,0.128359406,0.147123233,0,0.176517732,0,0,0.364644488,0,0.203566122,0.207179487,0.193790686,0,0
28.124062,77.825217,0.223800384,0.276887047,0.260727154,0.363221884,0,0,0.369185387,0,0.31403118,0.337131533,0.259431525,0,0
28.123072,77.825475,0.130351682,0.115981381,0.135972461,0.146556189,0,0.283803863,0.257083764,0,0.116511469,0.140632158,0.14716614,0,0
28.123653,77.823522,0.186551866,0.198788338,0.207752683,0.232338787,0,0,0.319426336,0,0.198040227,0.229454637,0,0,0
28.124442,77.823544,0.194821732,0.228360546,0,0.33319363,0,0,0.309846827,0,0.32695462,0.364568894,0,0,0
28.158986,77.781084,0.166812609,0.452716298,0.538664555,0.560417093,0.519914803,0.528756957,0,0,0.568200381,0.567053854,0.410032443,0,0
28.15869,77.781363,0.23635634,0.412169426,0,0.523184602,0.50311895,0.441441441,0.374358974,0,0.485216473,0.570205479,0,0,0
28.158639,77.781953,0,0.195209581,0.202863962,0.276475771,0.299729223,0,0.352786885,0,0.196477249,0.215371622,0.235414302,0.212712826,0.241706161
28.158343,77.782318,0,0.352869846,0,0.497659906,0.532599119,0,0.366107383,0,0.541984733,0.577509196,0.370677058,0,0
28.157886,77.782339,0,0.231259968,0,0.313259568,0.377681559,0.361702128,0.424878837,0,0.346669598,0.334682861,0.281084808,0,0
28.157864,77.782081,0.166241342,0.229426861,0,0.329895008,0.316890882,0.380019782,0.436392915,0,0.307350138,0.307222573,0.26500667,0.226333712,0.254429483
28.158325,77.782972,0,0.208149406,0,0.270223152,0.280162675,0.297098788,0.382358018,0,0.180558345,0.196711202,0.212673611,0.192912514,0.198735321
28.158681,77.782779,0,0.207253886,0.267370273,0.300735294,0,0,0.441933241,0,0.297310164,0.296687808,0.276208712,0.253912637,0.263649779
28.158952,77.782414,0,0.334413612,0.473046114,0.480757727,0,0.508576152,0,0,0.540965817,0.526511135,0.392988478,0,0
28.159328,77.782017,0,0.334095674,0.570725949,0.63410302,0.46620776,0.534214619,0,0,0.520987654,0.546707504,0.395496818,0,0
28.164644,77.773837,0,0.314467916,0.418585859,0.463768116,0,0.500222916,0,0,0.433750319,0.399513382,0.355409505,0,0
28.164367,77.773655,0,0.331551901,0.464549318,0.473518851,0,0.467134503,0,0,0.511724138,0.468295521,0.340641711,0,0
28.164127,77.773386,0,0.233433735,0.257841141,0.274010192,0,0.341541268,0,0,0.24442138,0.237176232,0.24475891,0,0
28.163897,77.773236,0,0.254766031,0.294141092,0.339770941,0,0.377634409,0,0,0.292841649,0.363278172,0.255848681,0,0
28.163573,77.773011,0,0.14804935,0.143283088,0.212110786,0.229258714,0.243473431,0,0,0.14693356,0.136422694,0,0,0
28.163192,77.772979,0,0.218606296,0.234729019,0.335394127,0.282758621,0.375736639,0,0,0.262494162,0.260183659,0,0,0
28.163018,77.773204,0,0.214688239,0.251051381,0.29587156,0,0.369317002,0,0,0.27528626,0.254976303,0.230531997,0,0
28.163195,77.773354,0,0.220364742,0.251020046,0.318042813,0,0.361381226,0,0,0.261760596,0.259313014,0.232074017,0,0
28.163514,77.773397,0,0.195632393,0.216937139,0.275157817,0,0.299302993,0,0,0.274836107,0.26383718,0.238240529,0,0
28.163898,77.773451,0,0.184068891,0.194772191,0.248205516,0,0.297297297,0,0,0.21955636,0.213261227,0.209100204,0,0
28.16399,77.77388,0,0.203469734,0.223071047,0.275757576,0,0.310494363,0,0,0.264769066,0.281209278,0.217907228,0,0
28.164365,77.773901,0,0.255434783,0.280167491,0.345179739,0,0.343392973,0,0,0.264248705,0.28953285,0.229371316,0,0
28.163861,77.774041,0,0.270079068,0.383537653,0.361639824,0,0.401240035,0,0,0.435135892,0.400608239,0.310381926,0,0
28.163376,77.773901,0,0.185090444,0.189686924,0.250095456,0.219640331,0.334040297,0,0,0.228870405,0.201041667,0.227392914,0,0
28.163004,77.773633,0,0.286176233,0.347630719,0.405360825,0.339774078,0.372540724,0,0,0.382702989,0.450785773,0.274442988,0,0
28.162783,77.773708,0,0.195911414,0.204233197,0.274829416,0,0.2999223,0,0,0.187455111,0.175203447,0.202007528,0,0
28.16296,77.773944,0,0.187236384,0.247770454,0.28954224,0.27827381,0.325204877,0,0,0.223518432,0.239051095,0.202442002,0,0
28.163335,77.774352,0,0.332103321,0.32557673,0.347131148,0.397920814,0.335988262,0,0,0.397172579,0.41824541,0.277762983,0,0
28.163588,77.774137,0,0.159917122,0.132363908,0.232401157,0,0.270531401,0,0,0.12825412,0.162129607,0.170495151,0,0
28.163878,77.774277,0,0.224934436,0.330066641,0.422633745,0,0.417274133,0,0,0.370924639,0.398590022,0,0,0
28.163837,77.774481,0,0.213229572,0.250480954,0.28657705,0,0.385537013,0,0,0.277916875,0.246885329,0.226055613,0,0
28.163711,77.774738,0,0.254761456,0.413758724,0.34557063,0.353057199,0.482652613,0,0,0.440414508,0.350253807,0.311207835,0,0
28.163415,77.77506,0,0.288998358,0.403653763,0.39070061,0.367155664,0.438526409,0,0,0.398513436,0.36983945,0.285317019,0,0
28.163062,77.774835,0,0.175911854,0.202279202,0.230010718,0.234635775,0.323975549,0,0,0.246974697,0.193495039,0.194143167,0,0
28.162974,77.774588,0,0.184671406,0.190875067,0.239640884,0.226899384,0.281665015,0,0,0.217945898,0.217488789,0.201092354,0,0
28.162734,77.774309,0,0.251775208,0.243296144,0.306344411,0.3125,0.305115346,0,0,0.225005853,0.273046973,0.218007081,0,0
28.162495,77.774513,0,0.236363636,0.224131199,0.310344828,0.255079007,0.305901244,0,0,0.226344086,0.229817008,0.207178675,0,0
28.162341,77.774277,0,0.222178683,0.23738627,0.284171929,0.308425182,0.329211087,0,0,0.28601144,0.303267621,0.241193869,0,0
28.162139,77.773934,0,0.285630955,0.294140549,0.342726731,0.339090909,0.333464104,0,0,0.313184198,0.321419947,0.272543572,0,0
28.161899,77.773848,0,0.243902439,0.276728335,0.326999208,0.360116637,0.354200323,0,0,0.293842192,0.298562819,0.280118256,0,0.23903177
28.162161,77.77462,0,0.223166634,0.228571429,0.269101595,0.272264631,0.301898602,0,0,0.250722126,0.246715328,0,0,0
28.162357,77.775124,0,0.222331048,0.22126324,0.286172345,0.277632374,0.267939698,0,0,0.25831202,0.286500655,0.219537542,0,0
28.162619,77.775564,0,0.26684953,0,0.353751285,0.344634945,0.414241486,0.331856447,0,0.416272966,0.408141962,0.310915675,0,0
28.162918,77.775983,0,0.250433777,0,0.276703769,0,0.321563182,0,0,0.247768396,0.283274736,0,0,0
28.163076,77.775715,0,0.254552499,0,0.323488876,0.325147008,0.428750261,0,0,0.379639449,0.321465969,0.304371002,0,0
28.162685,77.775886,0.244724409,0.245698821,0,0.31686915,0,0.362570736,0,0,0.269896194,0.283498602,0.246225924,0,0
28.1629,77.776154,0,0.163475177,0,0.184158416,0,0.316362223,0,0,0.195984286,0.16570669,0,0,0
28.162462,77.776262,0.285362517,0.300677638,0,0.432093692,0.362594852,0.438803455,0.315697165,0,0.459194777,0.427230047,0,0,0
28.162147,77.776069,0.235822428,0.249626308,0,0.35772197,0.332213073,0.447886145,0.343731254,0,0.383608274,0.329485571,0.28933231,0,0
28.161907,77.77565,0,0.229266424,0.324098594,0.31348799,0.295891444,0.392314991,0,0,0.392895587,0.319804778,0,0,0
28.162103,77.775189,0,0.18190351,0.196850394,0.243512974,0.219095672,0.313844905,0,0,0.200573066,0.205414391,0.195876289,0,0
28.168751,77.756526,0.229971725,0.268395773,0.265637066,0.270238561,0.351189201,0,0.324443097,0.294548786,0.287301587,0.303233324,0,0,0
28.168729,77.756826,0.209504227,0.238149412,0.259425999,0.261971831,0.30436653,0,0.356794637,0.300541712,0.273366834,0.257757758,0,0,0
28.168546,77.756644,0.250427559,0.294232649,0.34372502,0.390162568,0.366957244,0,0.374719281,0.372837165,0.365653246,0.354285714,0,0,0
28.16825,77.756644,0.175364363,0.181547097,0.204873027,0.235032501,0.222299652,0,0.412438901,0.292831617,0.224560642,0.201620162,0.233939394,0,0
28.168285,77.757008,0.168366191,0.184718243,0.202359882,0.215286114,0.268172485,0,0.271751145,0.236518237,0.20382968,0.185803758,0,0,0
28.168537,77.757448,0.225984796,0.289533995,0.295201536,0.369502672,0.348258706,0,0.310561939,0.365384615,0.36322617,0.374856487,0,0,0
28.168335,77.757727,0.1840507,0.226166733,0.248022152,0.296374368,0.291096611,0,0.238618794,0.313707865,0.249809403,0.308894879,0,0,0
28.167973,77.757759,0.198100028,0.243384271,0.277067023,0.298821711,0.307825418,0,0.276595745,0.323772273,0.290719444,0.277633627,0.243130071,0,0
28.167611,77.757534,0,0.238800304,0.278859125,0.279767667,0.301323849,0,0.384878549,0.29763222,0.272481772,0.275471698,0.233675121,0,0
28.167068,77.757287,0,0.210868281,0.259938838,0.234596696,0.272058824,0,0.22037037,0.268346112,0.246075949,0.258297979,0.201002506,0,0
28.167501,77.757116,0,0.175931232,0.197017707,0.229846269,0.23926868,0,0.274907424,0.24950364,0.172827173,0.190366385,0.180386179,0,0
28.167479,77.757674,0,0.298202614,0.35508314,0.356083086,0.335247078,0,0.401416969,0.357885224,0.352182267,0.347459929,0.258695652,0,0
28.16723,77.758092,0.221116639,0.270816492,0.300539892,0.322356675,0.298273467,0,0.352285221,0.327197423,0.350568182,0.324972129,0,0,0
28.166905,77.758038,0,0.167837338,0.211289387,0.20653951,0.197291706,0,0.362457338,0.244087838,0.242847009,0.190181125,0.202992519,0,0
28.166751,77.757706,0,0.230017588,0.26870527,0.258514567,0.316994126,0,0.379760226,0.293541618,0.275152863,0.289533561,0,0,0
28.166559,77.757717,0.206668301,0.232277526,0.252525253,0.271415356,0.288629738,0,0.356635514,0.288787185,0.266720387,0.272295515,0,0,0
28.166357,77.758199,0.255913978,0.318524557,0.283726813,0.351419032,0.348509934,0,0.342940533,0.319158561,0.284646062,0.323459402,0,0,0
28.166089,77.757674,0.261997704,0.278524163,0.317450366,0.281455672,0.336583384,0,0,0.30762209,0.371573891,0.350714886,0,0,0
28.165878,77.757062,0.183395872,0.207976146,0.212075755,0.233723833,0.277384821,0,0,0.302295366,0.217961655,0.25986256,0.208269525,0,0
28.164551,77.756772,0.242472902,0.287395596,0.314604651,0,0.323267518,0,0,0.342179682,0.313293599,0.321218326,0.261672653,0,0
28.16573,77.759219,0.184226491,0.213692594,0.271410465,0.305274566,0.269299182,0,0.379834254,0.34625,0.288378766,0.265805261,0.241244183,0,0
28.165935,77.758865,0.204120244,0.224906065,0.260486049,0.251422475,0.274432564,0,0.401464946,0.270027191,0.178856231,0.203035181,0.202102246,0,0
28.166178,77.758564,0.224353256,0.245198202,0.219430486,0.267322673,0.263769277,0,0.312784972,0.276330952,0.254953765,0.263443781,0,0,0
28.166743,77.758553,0.234670355,0.259287483,0.339194439,0.300691244,0.307392996,0,0.342521008,0.340080972,0.400055602,0.338969617,0,0,0
28.166976,77.758929,0.217269545,0.254001929,0.25799919,0.310274669,0.303523035,0,0.316098707,0.319642857,0.311502477,0.333870535,0.245413454,0,0
28.167512,77.759229,0.26941144,0.352685624,0.456656989,0.454362281,0.392138063,0,0,0.429340511,0.537442396,0.475274725,0,0,0
28.167897,77.759304,0,0.191581432,0.224039409,0.257506463,0.251179468,0,0,0.266272189,0.249671139,0.243429785,0,0,0
28.168367,77.759208,0.167214774,0.175055514,0.228502145,0.219289918,0.232067511,0,0,0.259069569,0.257556832,0.22158667,0.190559879,0,0
28.167948,77.759862,0,0.273461892,0.279896812,0.33602052,0,0,0,0.342355678,0.319518072,0.332844575,0.262705436,0,0
28.167661,77.760249,0,0.185329554,0.222080988,0.22276301,0.286261449,0,0.27338843,0.287533932,0.257368299,0.243334949,0.200305421,0,0
28.167337,77.759787,0,0.162486369,0.16927839,0.178087349,0.233519957,0,0,0.230834935,0.175876861,0.181254649,0.180102041,0,0
28.16739,77.760517,0,0.236553136,0.237174721,0.310357815,0.293003682,0,0.269531874,0.31063472,0.25840708,0.268337976,0.24841386,0,0
28.167151,77.760302,0,0.270480897,0.343455068,0.339592489,0.365929375,0,0,0.345232912,0.378486056,0.348539211,0.261015202,0,0
28.166949,77.760023,0,0.276144399,0.358592133,0.348538254,0.362714509,0,0.342013889,0.355405405,0.376940133,0.374127751,0.283542977,0,0
28.169368,77.760334,0.236644497,0.264066151,0.235533822,0.296377607,0,0,0,0.316595224,0.286219081,0.324810606,0.229379055,0,0
28.169261,77.760141,0.217596973,0.263490808,0.335652886,0.337116435,0,0,0,0.32415757,0.38551062,0.332760596,0.283249861,0,0
28.169049,77.760291,0,0.196255079,0.220638643,0.245397609,0,0,0,0.27781479,0.259198243,0.23423913,0.218981972,0,0
28.169255,77.760731,0.203814064,0.235366497,0.301264045,0.254076802,0,0,0,0.304912708,0.3520645,0.297015632,0.262135922,0,0
28.171853,77.767684,0.162413546,0.187521079,0.249076734,0.223212725,0.252576388,0.300962567,0,0.280379883,0.227282632,0.192680776,0.193959415,0,0
28.171736,77.767458,0.222369467,0.21500091,0.255055959,0.265818115,0.274633124,0.409681757,0,0.344179652,0.281871345,0.258601048,0.27080256,0,0
28.173776,77.772179,0.285835095,0.355512573,0,0.46869445,0.483419896,0.608557509,0,0,0.353448276,0.341121495,0.257174091,0,0
28.173508,77.772007,0.178272981,0.191877794,0,0.220729367,0.287388282,0.324285714,0,0.277164141,0.222480021,0.215603585,0.198961039,0,0
28.173344,77.771696,0.189516129,0.218181818,0,0.262662399,0.298445203,0.344023324,0,0.329673203,0.266289648,0.260092978,0.235858586,0,0
28.173578,77.771803,0.187178472,0.227215304,0,0.283381364,0.286621675,0,0,0.337110482,0.276209677,0.25985367,0.236649215,0,0
28.187199,77.774736,0.274786325,0.299622098,0.332569683,0.39542923,0.398511782,0.391127391,0,0,0.417699115,0.409874379,0,0,0
28.187326,77.775251,0.18776585,0.254149378,0.277246012,0.253874539,0.291188485,0.383170098,0,0,0.311510032,0.263468239,0.236450584,0,0
28.186828,77.774693,0.169098007,0.248231966,0.209966893,0.199856348,0.240221176,0.317425306,0,0,0.218234215,0.2,0,0,0
28.186273,77.774843,0.244931734,0.284951974,0.330695918,0.356774669,0.432919503,0.382622559,0,0,0.424109589,0.435267857,0.280166797,0,0
28.185927,77.775423,0.214811865,0.257123474,0.24471711,0.286242604,0.319033816,0.32831385,0,0,0.238870516,0.278808466,0.212310902,0,0
28.186337,77.774929,0.271686108,0.301023156,0.294386768,0.315318605,0.393878776,0.322862823,0,0.32881684,0.280289331,0.326591965,0.228549343,0,0
28.193092,77.791965,0.439910814,0.498098859,0.556433037,0.646356033,0.582077225,0.511188355,0,0,0.503139503,0.491867639,0,0,0
28.192689,77.792351,0.240881929,0.285139092,0,0.35491512,0.357312253,0.41540431,0,0,0.357515801,0.335865437,0.277056277,0,0
28.192096,77.792759,0.288235294,0.313863076,0,0.424372598,0.422541157,0.41936851,0,0.378120744,0.362221069,0.342931183,0,0,0
28.191599,77.793123,0.166011015,0.195308335,0,0,0.314285714,0.40776699,0,0.366432337,0.368557369,0.29982229,0.242336914,0,0
28.191176,77.793016,0.194473519,0.242988895,0,0,0,0.291041577,0,0.309160305,0.281340266,0.292151597,0,0,0
28.19117,77.792372,0.213344666,0.256736527,0,0,0,0.346504559,0,0.356816102,0.203995006,0.244608101,0.198947368,0,0
28.191826,77.792737,0.146322068,0.160821821,0,0,0.21109581,0.259015042,0,0.268038905,0.166666667,0.172759857,0.155745968,0,0
28.191745,77.793445,0.23964616,0.284529899,0,0,0.403281345,0.391138435,0,0.421265715,0.376365947,0.377601586,0.25083612,0,0
28.211104,77.763907,0.286110518,0.318661657,0.395121951,0,0.394388778,0.413848631,0,0,0.440971325,0.434942288,0.305189968,0,0
28.210833,77.764679,0.173557278,0,0.236582224,0,0.259845636,0.351068287,0,0,0.237379162,0.220348355,0,0,0
28.210392,77.7641,0.203828141,0,0.381058084,0,0.320036934,0.391605699,0,0.340719064,0.381223681,0.314189998,0.287050714,0,0
28.209535,77.763542,0.202349869,0.251057828,0.27537342,0,0.280739721,0.372998616,0,0.351751142,0.250559841,0.27978646,0,0,0
28.209227,77.764486,0.169836957,0.246133781,0.255998414,0,0.242398649,0.353679086,0,0.309665598,0.201396973,0.226586103,0.200557103,0,0
28.209523,77.76543,0.190705831,0.241229656,0.196471532,0,0.231856935,0.307771593,0,0.299138112,0.15930803,0.145049885,0,0,0
28.209064,77.766095,0.129660315,0,0.219740049,0,0.205424003,0.303932218,0,0.269616788,0.266200183,0.20672368,0,0,0
28.208301,77.766203,0.263923525,0.306226175,0.440881369,0,0.342073897,0.466695132,0,0.408862876,0.42717736,0.31280389,0,0,0
28.207577,77.765559,0.245055174,0.312577393,0.325859217,0,0.337998056,0,0,0.367932489,0.344508381,0.371414799,0,0,0
28.207022,77.766095,0.170294494,0.182926829,0.260342505,0,0.260642919,0,0,0.302818489,0.249070632,0.247915509,0.215355295,0,0
28.208208,77.764422,0.171144489,0.219967087,0.17653737,0,0.210285031,0.328673835,0,0.268641042,0.175417372,0.172193564,0.170974155,0,0
28.208769,77.762963,0.186558045,0.244051666,0.206039076,0,0.273738872,0.354466859,0,0.365663564,0.285856574,0.275023832,0.2549791,0,0
28.208101,77.763606,0.234124439,0.280752533,0,0,0.326402511,0.393891626,0,0.367136545,0.381151832,0.353861945,0.285230529,0,0
28.209702,77.765623,0.189480491,0.264185038,0.236647329,0,0.281358707,0.33081761,0,0.32382134,0.230112923,0.245993386,0.211892164,0,0