"Latitude","Longitude","20171002","20171007","20171022","20171027","20171101","20171121","20171201","20171206","20171211","20171226","20180110","20180115","20180120","20180130","20180209","20180214","20180301","20180306","20180311","20180326","20180331","20180405","20180410","20180415","20180420","20180425","20180430"
28.149719,77.777076,0.530585456,0.436424351,0.152757443,0.154422789,0.160158181,NA,0.259902333,0.223674828,NA,0.517836594,0.823095823,0.829329329,0.882149047,0.858829198,0.891571368,0.889025389,0.879064235,0.876380729,0.825075599,0.597194389,0.487274655,NA,0.19200539,0.170790878,0.150865312,0.155035336,0.1552
28.150003,77.777554,0.446564885,0.387722132,0.160839161,0.171980676,0.183057449,NA,NA,0.334813718,NA,0.559076262,0.819775404,0.825496849,0.870352717,0.840980062,0.858658839,0.861815031,0.804715302,0.824169987,0.702012764,0.530453448,0.320883745,0.253888742,0.138823529,0.166787352,0.120484137,0.141987389,0.159040426
28.149295,77.777393,0.487133984,0.233763295,0.154467441,0.164260826,0.158925433,NA,0.165586329,0.222805344,NA,NA,0.778507463,0.796548117,0.862411719,0.850148368,0.891072191,0.878570002,0.880625118,0.889782403,0.837813212,0.60855975,0.536160824,0.325215627,0.1942194,0.187627812,0.212031069,0.160389898,0.155012446
28.149655,77.777902,0.492416582,0.232354918,0.165432099,0.159498648,0.170578272,NA,0.183290708,0.322765302,NA,NA,0.56742671,0.582833133,0.665843113,0.692084662,0.820519549,0.812810328,0.848309975,0.869957537,0.808908046,0.594791667,0.51417004,0.304466977,0.175418994,0.194211729,NA,0.149289617,0.166021407
28.148755,77.780996,0.731765835,0.708788599,0.533381889,NA,NA,0.277856135,0.273576642,NA,NA,NA,0.633847122,0.697242206,0.759649123,0.772751184,0.787091797,0.8218024,0.823955172,0.845051006,0.783172284,0.588315588,0.472972973,0.326554329,0.224190881,0.200635257,NA,0.172052799,0.188071188
28.149976,77.781709,0.718399219,0.70795617,0.544046467,NA,NA,NA,NA,NA,NA,NA,0.713301537,0.775,0.820706456,0.796985398,0.77823882,0.823490957,0.809546093,0.829748002,0.714929577,NA,0.342991914,0.229753016,0.199168207,0.16874711,NA,0.157532775,0.224443819
28.149277,77.782047,0.728951787,0.693313953,0.543462201,NA,NA,0.267757009,0.208747515,NA,NA,NA,0.559585492,0.634734666,0.73549001,0.77630854,0.79336596,0.860756324,0.880817014,0.883673469,0.836907954,0.64362851,0.570983281,NA,0.271322109,0.177703912,NA,0.159250056,0.151482768
28.15249,77.780949,0.57253048,0.328982726,0.235162874,0.21512792,NA,NA,0.187518934,NA,NA,NA,0.784147412,0.823754789,0.855648536,0.856921488,0.876506765,0.884717314,0.890330682,0.899828976,0.871106852,0.622240849,0.544103699,NA,NA,0.185163721,0.177625961,0.169499106,0.163146998
28.152112,77.781207,0.541497976,0.285411447,0.211407316,0.207161125,NA,NA,0.167076167,NA,NA,NA,0.764142472,0.803340517,0.849863014,0.860366339,0.861007694,0.888813559,0.891304348,0.90835851,0.865924492,0.605744861,0.523901809,NA,NA,0.180482069,0.161887559,0.168929446,0.154004955
28.150606,77.782306,0.362041467,0.340039254,0.20661986,NA,NA,NA,NA,NA,NA,NA,0.679840773,0.724698626,0.785388128,0.788767812,0.777270421,0.834087481,0.824392591,0.834373227,0.712513484,0.447460875,0.292935839,0.229109159,0.17621048,0.168605978,NA,0.140156919,0.155096012
28.150276,77.782634,0.465217391,0.444771723,0.205445545,NA,NA,NA,NA,NA,NA,NA,0.706862468,0.750486246,0.807703617,0.802738195,0.792144425,0.85717675,0.831123517,0.84070325,0.732142857,0.561034275,0.33835058,0.245791246,0.169450011,0.167395809,0.031756607,0.156673114,0.163882619
28.151195,77.783284,0.612300123,0.408873423,0.199908613,0.173689139,0.160822249,NA,0.141147675,NA,0.213303326,NA,0.529484029,0.587465774,0.64556962,0.659025033,0.677794638,0.769610532,0.69261477,0.74475424,0.657112527,NA,0.288639551,0.240405117,0.189414359,0.175097276,NA,0.144527681,0.142730888
28.150926,77.783461,0.594887469,0.553288591,0.212304589,0.182209469,0.169729207,NA,0.157526254,NA,NA,NA,0.544580709,0.624292008,0.705024311,0.739130435,0.790788013,0.833285592,0.860398177,0.856521739,0.83501006,0.552213394,NA,NA,0.222028986,0.189246178,NA,0.156278229,0.167773084
28.152262,77.782866,0.703647029,0.547312642,0.223736969,0.181837204,NA,NA,0.113676732,NA,NA,NA,NA,0.572637995,0.666223404,0.726019001,0.73247336,0.801969058,0.845606351,0.868041237,0.825092884,NA,NA,NA,0.230500582,0.190413484,NA,0.145469321,0.161676647
28.151719,77.782963,0.389830508,0.309955284,0.236697248,0.174432788,NA,NA,0.135718692,NA,NA,NA,0.683453237,0.761478487,0.81299435,0.812533766,0.824438903,0.867790361,0.874749276,0.882880638,0.859878788,0.596922166,NA,NA,0.224828375,0.176305446,NA,0.152439024,0.148775895
28.151933,77.783419,0.786918963,0.661814556,0.207736142,0.198879552,NA,NA,0.146467547,NA,NA,NA,0.51944793,0.616282739,0.70507201,0.777901166,0.811638233,0.862660944,0.862456747,0.87394958,0.841785974,0.565576186,NA,NA,0.235463443,0.175514108,0.164085189,0.138211382,0.153561316
28.151409,77.783762,0.570497785,0.497973658,0.184608121,0.172782164,0.180506269,NA,0.154167828,NA,0.223252318,NA,0.575007733,0.649867374,0.720070423,0.732283465,0.781751249,0.825705673,0.853525323,0.858254586,0.817994859,0.512895662,0.427067203,NA,0.209580838,0.166585956,0.15693904,0.140797477,0.182237601
28.152393,77.783724,0.784304047,0.697769249,0.26893617,0.238476954,0.15421871,NA,0.167714885,0.129322871,NA,NA,NA,NA,0.585247493,0.675527039,0.756360078,0.792342025,0.834196891,0.828480678,0.821082919,0.516388729,NA,NA,0.245084464,0.181006112,0.185703936,0.149989422,0.164925034
28.152162,77.783859,0.845506209,0.777963621,0.447710185,0.260696956,0.213424722,NA,0.140490798,NA,NA,NA,0.653729533,0.728963685,0.778091474,0.784964069,0.844631371,0.849831,0.858067499,0.874786845,0.851506984,0.556105611,NA,NA,0.232551568,0.176525602,0.152483045,0.197537473,0.181245626
28.1526,77.78506,0.639442775,0.464551314,NA,NA,0.228287841,NA,0.21307578,NA,NA,NA,NA,NA,0.574621959,0.675295622,0.725248189,0.803224925,0.876156584,0.882934058,0.865771812,0.572352941,0.555912253,NA,0.260568793,0.189632372,0.182470909,0.162162162,0.163844394
28.149481,77.783983,0.378621865,0.368499627,0.290338645,0.183443546,0.173718268,NA,0.14612525,NA,NA,NA,NA,0.559461043,0.625225225,0.710177615,0.791590494,0.801030928,0.874391862,0.868244982,0.826639553,0.495479732,0.436911488,0.273270014,0.191073919,0.170797053,0.247354497,0.142254116,0.162137681
28.149619,77.784487,0.57925636,0.369560212,0.285532672,0.244592346,0.194148277,NA,0.13785822,NA,NA,NA,0.598862919,0.668109668,0.746298984,0.798921833,0.853695707,0.87238236,0.883706338,0.876770538,0.851442308,0.606942889,0.504111322,NA,0.240659341,0.196749569,0.126466754,0.154179298,0.155276616
28.14926,77.784648,0.792235047,0.70023298,0.255678266,0.236514523,NA,NA,0.135088724,NA,NA,NA,0.600123419,0.658036984,0.754069767,0.785066667,0.839303992,0.864206642,0.847442681,0.857426726,0.821782178,0.574873474,0.425820042,0.270077165,0.19484559,0.160134378,0.15006413,0.132014534,0.144415358
28.148849,77.784648,0.810720698,0.750859561,0.270165871,0.23408032,NA,NA,0.132132132,NA,NA,NA,0.593790427,0.647641235,0.75098455,0.778604119,0.831029987,0.841185041,0.863596103,0.857214681,0.814411612,NA,NA,0.25770797,0.206128134,0.149079479,0.166785291,0.12422227,0.149315068
28.148377,77.785313,0.673018503,0.664589235,NA,NA,NA,NA,0.255969436,NA,NA,NA,NA,NA,0.536849711,0.631737529,0.731428571,0.758817427,0.820575329,0.8165561,0.793551742,0.548148148,NA,NA,0.214751773,0.162512463,0.141304348,0.141563786,0.149163569
28.148023,77.785619,0.196947212,0.184477155,0.242050616,NA,NA,NA,0.166859122,NA,NA,NA,0.627432217,0.625559869,0.710108865,0.692214846,0.738534842,0.76582085,0.847671233,0.841221374,0.786148942,NA,NA,0.194085895,0.160400445,0.140922001,0.112453145,0.132625442,0.147045952
28.147788,77.785946,0.74101453,0.723183391,0.509709962,NA,NA,0.346117424,0.147690306,NA,NA,NA,NA,NA,0.648875462,0.684054535,0.718835805,0.767491354,0.842130751,0.844328704,0.783158461,NA,NA,0.266499057,0.233409611,0.184142623,0.121507472,0.152490084,0.143766838
28.148748,77.785689,0.659290856,0.627859685,NA,NA,NA,NA,NA,NA,NA,NA,NA,NA,0.206330598,0.211925866,0.235130347,NA,0.44137416,0.470737913,0.503078983,NA,0.333692432,0.287729571,0.241113878,0.180241493,0.118859649,0.168720954,0.177440927
28.14829,77.786246,0.249068501,0.269714286,0.185921959,NA,NA,NA,0.179916318,NA,NA,NA,0.546252532,0.570262391,0.680526473,0.757442117,0.757398027,0.778129117,0.841589014,0.840803709,0.786835443,0.568208092,NA,NA,0.241882708,0.17328437,0.172457359,0.132216015,0.152145644
28.148476,77.786504,0.250065738,0.238237491,0.176560901,NA,NA,NA,0.161196631,NA,NA,NA,0.53447099,0.524655436,0.636690647,0.704257768,0.749668523,0.763038246,0.838807479,0.846904701,0.787255649,0.526347668,NA,0.295272079,0.250608273,0.167947822,0.12895268,0.151605996,NA
28.147422,77.787931,0.43195968,0.36128759,0.382249561,NA,NA,NA,NA,NA,NA,NA,0.572479765,0.640957447,0.699342105,0.785885167,0.755717256,0.740808344,0.831302718,0.832789355,0.780635401,0.473242392,0.459522423,0.309641873,0.23194922,0.25108115,0.194637299,0.224526601,0.239585842
28.149574,77.785705,0.470811221,0.487082247,NA,NA,NA,NA,NA,NA,NA,NA,0.632778805,0.630465444,0.693947946,0.720971564,0.73986585,0.731776765,0.757696693,0.732790989,0.756354075,NA,NA,NA,0.285609218,0.299744246,NA,0.262790117,0.207177814
28.149821,77.786048,0.664245359,0.567168118,0.261833981,0.236133122,NA,NA,0.145800672,NA,NA,NA,NA,NA,0.584531143,0.671957672,0.798259924,0.818881478,0.892445025,0.882381297,0.867195243,0.589025102,0.535560701,NA,0.241752299,0.202,NA,0.153629032,0.154535519
28.148989,77.786128,0.495314592,0.319851424,NA,NA,NA,NA,NA,NA,NA,NA,0.693093093,0.683612764,0.776467119,0.771812081,0.800258732,0.806680162,0.827977772,0.835666148,0.760312152,NA,0.338516359,0.211339018,0.168170632,0.151233917,NA,0.152028533,0.128638965
28.149275,77.786649,0.802552048,0.752620545,NA,0.249888839,0.23609286,NA,NA,NA,NA,NA,0.750288351,0.714431673,0.794425087,0.799948307,0.802192067,0.795834405,0.808212058,0.799943646,0.737145855,NA,NA,0.228963938,0.206349206,0.156492786,NA,0.146273756,0.151350125
28.14927,77.788027,0.779464074,0.706435286,0.253384913,NA,NA,NA,0.231836196,NA,NA,NA,0.740595171,0.702636719,0.802756012,0.792537708,0.763494853,0.809966434,0.756564551,0.773677737,0.690432663,NA,0.365676568,0.255237533,0.221525601,0.168085624,0.184108967,0.159752868,0.164997616
28.149569,77.788306,0.775062344,0.688434304,0.249168053,NA,NA,0.170685279,0.212142118,NA,NA,NA,0.731282647,0.702945582,0.817524339,0.818831335,0.786568987,0.82797271,0.808560311,0.813504823,0.751373229,NA,0.386446281,NA,0.209353508,0.170594262,0.159355416,0.132680692,0.152877698
28.148945,77.788253,0.749130651,0.414699162,0.232893911,NA,NA,NA,NA,NA,NA,NA,0.747037915,0.726817043,0.834290402,0.84496124,0.827148671,0.864712514,0.865895458,0.8718623,0.814520139,0.534772182,NA,NA,0.195617317,0.149871405,0.153711023,0.135573123,0.140044743
28.149391,77.788768,0.759362893,0.663080895,0.242571128,NA,NA,NA,NA,NA,NA,NA,0.721661721,0.690312738,0.794563662,0.797275204,0.782122905,0.832870487,0.859083583,0.868098926,0.811088296,0.484936269,NA,0.252991453,0.214822493,0.164367547,0.11167002,0.151119033,0.149573634
28.149161,77.790211,0.813333333,0.738629822,NA,NA,NA,NA,NA,NA,NA,NA,0.748661417,0.761637689,0.780283319,0.795373665,0.783405172,0.832056893,0.859325843,0.864713065,0.820978316,0.550869194,NA,NA,0.214893617,0.164897381,0.184549356,0.126781418,NA
28.149512,77.789846,0.80844236,0.79601227,0.533420708,NA,NA,NA,0.378347578,NA,NA,NA,NA,NA,0.236413043,NA,0.611443779,0.721487857,0.861975643,0.86832655,0.83636805,0.641135512,0.604537094,NA,NA,0.223633678,0.158490566,0.104420466,0.153660145
28.149892,77.790238,0.537229309,0.515935057,0.371544952,NA,0.251447269,NA,NA,NA,NA,NA,0.749767153,0.773767843,0.805744744,0.840559441,0.851909995,0.869839048,0.881866997,0.877468582,0.842435959,0.572576595,0.493850779,0.303246239,0.226686884,0.181957187,0.203602749,0.125069278,0.151411043
28.137867,77.763927,0.590459274,0.558481013,0.299184044,0.237790963,0.217411765,NA,0.135084428,0.159689922,NA,NA,0.692307692,0.733574442,0.812259402,0.836656651,0.856528626,0.86247036,0.856818182,0.799244808,0.818540434,0.515713858,0.36238806,NA,0.191541677,0.169201521,NA,0.129348453,0.138888889
28.137378,77.765348,0.568703345,0.41952895,0.168171833,NA,NA,NA,0.168954889,NA,NA,NA,0.616216216,0.65661104,0.714098361,0.787869552,0.824864865,0.820134899,0.815339521,0.806488332,0.759871072,NA,0.315755627,0.217047184,0.178108497,0.143695015,NA,0.129460116,0.136910835
28.138303,77.764614,0.565378671,0.350724638,0.172900863,NA,NA,NA,NA,0.22139957,NA,NA,0.74904943,0.784862932,0.853497448,0.868957484,0.870059289,0.87548997,0.880008571,0.854945055,0.833729216,0.549652119,NA,NA,0.196686264,0.184927846,NA,0.139273356,0.152439024
28.13854,77.765027,0.631118314,0.61562392,0.173425827,0.153846154,0.149682338,NA,NA,0.192836114,NA,NA,0.78210556,0.812714323,0.878802993,0.879909707,0.880284325,0.889031313,0.883992467,0.86559679,0.83714419,0.555898703,NA,NA,0.210641933,0.175568182,NA,0.17209073,0.175187457
28.140613,77.767673,0.69047619,0.71081951,0.483140537,NA,NA,NA,0.42217595,0.295918367,0.290610329,NA,0.237140084,0.231399748,NA,0.52710738,0.602378298,0.657903278,0.763488957,0.818129496,0.7696,0.574689396,NA,NA,0.235744681,0.205665722,NA,0.16923755,0.183616477
28.139107,77.768531,0.56115942,0.573992351,0.373551106,NA,NA,NA,NA,NA,NA,NA,0.631680618,0.715869312,0.773369402,0.798422436,0.838350056,0.83835032,0.833943275,0.860869565,0.815117198,0.536945813,NA,NA,0.245614035,0.202130642,NA,0.163960668,0.153192417
28.138501,77.768827,0.664934271,0.692358366,0.359675237,NA,NA,NA,0.398294762,NA,NA,NA,NA,NA,0.575384615,0.710382514,0.701617401,0.722431415,0.794413408,0.798784195,0.752301752,0.573529412,NA,NA,0.25501771,0.207383905,0.163927336,0.17498985,0.172694027
28.137799,77.768865,0.714897031,0.70957833,NA,NA,NA,NA,0.247519442,0.306543698,NA,NA,NA,NA,NA,0.535868006,0.606660383,0.696218621,0.742219774,0.806702573,0.736386484,0.590528444,0.450665017,NA,0.231567449,0.206659013,NA,0.176494428,0.181213811
28.137507,77.76842,0.774286462,0.731471536,0.317244224,0.243472723,0.26244765,NA,NA,NA,NA,NA,0.769585253,0.819578828,0.834188034,0.849683544,0.803490318,0.850711989,0.840447866,0.846468782,0.781025777,NA,0.322372284,0.187951207,0.164311327,0.146139119,NA,0.14015444,0.142372162
28.140294,77.768221,0.406200736,0.424209378,0.242223855,0.224224946,0.167905665,NA,0.176366843,NA,NA,NA,0.631399317,0.702935073,0.793588301,0.825833774,0.866465863,0.865252927,0.857545272,0.885614495,0.852650494,0.613733906,NA,NA,0.212432697,0.196712892,NA,0.178929409,0.162900796
28.140546,77.768468,0.374870734,0.404588394,0.17963598,NA,NA,NA,0.165228113,NA,NA,NA,0.64175339,0.714951909,0.790123457,0.801070724,0.837247406,0.837244898,0.857207207,0.887536514,0.843063106,0.60937059,NA,NA,0.203652042,0.173210162,NA,0.15113687,0.153935996
28.14289,77.765622,0.783770411,0.772739397,NA,0.26590106,0.269856459,0.1796875,0.202395965,0.253345639,NA,NA,0.740686418,0.792171996,0.815673289,0.825191444,0.824023727,0.873877917,0.877862595,0.873023479,0.851151515,0.578887304,NA,NA,0.214033317,0.198608137,NA,0.16117621,0.168784029
28.14317,77.76596,0.810164771,0.786010236,NA,0.275673209,0.295127493,0.167237621,0.212651413,0.2725965,NA,NA,0.783347738,0.825312935,0.855119826,0.844977053,0.832144555,0.882713348,0.883701542,0.863291139,0.859318347,0.575599884,NA,NA,0.209889532,0.186422119,NA,0.169017238,0.168374817
28.142631,77.766513,0.801897709,0.7774517,NA,0.285096154,0.263536053,0.169240466,0.208783548,0.277210461,NA,NA,0.791366906,0.817393522,0.863551898,0.853721349,0.866412214,0.8811749,0.883199323,0.836558161,0.846743295,0.578171091,NA,NA,0.196703881,0.178553104,NA,0.159834178,0.16369684
28.144035,77.76622,0.818423973,0.80236604,NA,NA,0.267919276,NA,NA,0.355515944,NA,NA,0.750380518,0.825112108,0.834548514,0.833595801,0.840175953,0.86139925,0.856924087,0.835249042,0.83007862,0.583501586,NA,NA,0.236630037,0.166172783,NA,0.146712936,0.145924628
28.144367,77.766761,0.821907782,0.821518351,0.523615011,NA,NA,0.289517471,0.27106817,0.27817514,NA,NA,0.211250382,0.192064923,0.226478701,NA,NA,NA,0.688928465,0.641538943,0.737974684,0.576797869,0.515189873,NA,0.280022447,0.243447717,NA,0.166956186,0.190663176
28.142357,77.768548,0.686263426,0.682193396,NA,NA,NA,NA,NA,NA,NA,NA,0.297784271,NA,0.213842638,0.270380862,NA,0.434402332,0.700934579,0.801248699,0.758079848,0.632576769,0.55473781,NA,0.309556221,0.252336449,NA,0.200362237,0.195100612
28.144895,77.767337,0.806823028,0.683200653,0.271915394,0.219316843,0.210735586,NA,0.181847441,NA,NA,NA,0.76703421,0.815995818,0.867816092,0.843037975,0.866695709,0.862802335,0.90106296,0.874270557,0.851796778,0.551148883,NA,NA,0.194416244,0.190401669,NA,0.174108097,0.173633441
28.142603,77.769358,0.50014806,0.420271941,0.287024902,0.24838228,NA,NA,NA,NA,NA,NA,0.617866005,0.676841221,0.750303767,0.730921425,0.803022126,0.83337312,0.852324521,0.879201681,0.810444874,0.601516919,NA,NA,0.234823043,0.173197871,NA,0.153978495,0.168819397
28.143039,77.769612,0.601222307,0.598255655,NA,NA,NA,NA,NA,NA,NA,NA,NA,NA,0.292840176,0.233446328,0.284615385,0.32098476,0.700657895,0.755176614,0.704894434,0.647499331,0.605008537,NA,NA,0.305655836,NA,0.17771773,0.179549114
28.142619,77.76994,0.625376128,0.630828305,NA,NA,NA,NA,0.20921659,NA,NA,NA,0.66075319,0.717211949,0.797507788,0.797842135,0.867142465,0.861863354,0.877165354,0.891134465,0.831455399,0.637864612,0.57891548,NA,NA,0.175240249,NA,0.153911565,0.175075564
28.143979,77.770863,0.757838389,0.702390131,0.450897571,0.282608696,0.250664733,NA,NA,NA,NA,NA,0.662507427,0.685994175,0.783139535,0.801801802,0.835040984,0.83778759,0.858608894,0.876065947,0.788187373,0.53680203,NA,0.22088802,0.166949153,0.15352144,NA,0.13608723,0.150540106
28.143715,77.771099,0.526643224,0.492973271,0.387231816,0.264292879,0.252219321,NA,NA,0.200365965,NA,NA,0.702287866,0.72934322,0.829523003,0.81682243,0.850254422,0.867157075,0.876431195,0.889933628,0.824406945,0.559259259,NA,NA,0.172774869,0.150895141,NA,0.132512131,0.162598082
28.144725,77.770875,0.810613944,0.774742268,0.430630631,0.286403086,NA,NA,NA,NA,NA,NA,0.747931605,0.762728621,0.838692098,0.822876323,0.849304678,0.865503787,0.879925727,0.906485671,0.831384892,0.645811241,0.537651069,NA,0.214096449,0.19068846,NA,0.169246131,0.152261019
28.144499,77.771352,0.849152936,0.781835206,0.332298137,NA,NA,NA,NA,0.192473782,NA,NA,0.740848344,0.763612903,0.845172031,0.830617152,0.860381247,0.887742864,0.921702128,0.935826175,0.866211604,0.630237826,NA,NA,0.19803516,0.172308475,NA,0.151650312,0.18746196
28.144183,77.771626,0.703515028,0.411509229,0.289377289,0.213803089,NA,NA,NA,0.175667656,NA,NA,0.724075744,0.762064516,0.862651875,0.844798857,0.855416392,0.883502892,0.905668016,0.926706827,0.861608208,0.598680264,NA,NA,0.200520156,0.170228445,NA,0.141888839,0.14619314
28.145988,77.770087,0.4870317,0.580107665,0.382461701,NA,NA,NA,NA,NA,NA,NA,NA,NA,0.576395534,0.734756954,0.837886252,0.845462329,0.888586387,0.892736267,0.834283209,0.631179702,0.546337621,NA,0.292116755,0.228284805,NA,0.203482486,0.179239059
28.145639,77.770382,0.610714286,0.593740774,0.368781258,NA,NA,0.273592831,NA,0.197858099,NA,NA,NA,NA,0.620097245,0.692401587,0.8054371,0.843361512,0.919883163,0.901622457,0.856612022,0.655358104,0.646008119,NA,0.323797139,0.185278548,NA,0.166412878,0.174087266
28.146278,77.770532,0.609994568,0.627072574,0.332637621,0.18751524,0.172346641,NA,NA,0.211155378,NA,NA,NA,NA,NA,0.567208762,0.738075078,0.807897545,0.930241776,0.911037891,0.863289103,0.709598433,0.655172414,NA,NA,0.224521876,NA,0.156646909,0.161359265
28.145161,77.771584,0.379780386,0.363714531,0.22915546,NA,NA,NA,NA,NA,NA,NA,0.680727874,0.734582358,0.791342952,0.770679771,0.789016603,0.809781273,0.799665312,0.812653563,0.592426036,NA,0.331881804,0.215203426,0.161541615,0.150722022,NA,0.16800428,0.149039762
28.144599,77.772041,0.810046665,0.738185769,0.324656189,0.240975152,NA,NA,NA,NA,NA,NA,NA,NA,NA,0.582161235,0.664122137,0.781152917,0.866847091,0.884184309,0.806136302,0.630149527,NA,NA,0.211447624,0.183050847,NA,0.169218208,0.174668029
28.144571,77.772599,0.743303571,0.639442775,0.26129666,0.229065131,NA,NA,NA,NA,NA,NA,NA,NA,0.68288854,0.741697417,0.746096009,0.832218845,0.890443443,0.906432749,0.825749741,0.560236998,NA,NA,0.217343578,0.197097242,NA,0.176994907,0.186475835
28.144024,77.772497,0.751215327,0.678719293,0.24170173,0.220930233,NA,NA,NA,NA,NA,NA,NA,0.594956659,0.717806041,0.741300066,0.770511296,0.836206897,0.871574422,0.895592373,0.824074074,0.593101246,NA,NA,NA,0.17142034,NA,0.166561647,0.166872174
28.143868,77.773146,0.7244284,0.634350688,0.258246937,0.219615204,NA,NA,NA,NA,NA,NA,NA,0.593920499,0.696212732,0.751780264,0.767183387,0.822585719,0.848996832,0.88906299,0.834630872,0.569143932,NA,NA,0.222819594,0.196711328,NA,0.189440994,0.184842105
28.14324,77.77313,0.74423609,0.671668667,0.279698894,0.233769322,NA,NA,NA,NA,NA,NA,0.61237911,0.697796432,0.8125,0.832230908,0.827911857,0.871700106,0.88590455,0.92956593,0.856870229,0.623337364,0.52260274,NA,NA,0.17752809,NA,0.17517354,0.172482952
28.143279,77.773651,0.753718025,0.701393095,0.299089423,0.244012331,NA,NA,NA,NA,NA,NA,NA,0.596441569,0.720520352,0.759684833,0.766956522,0.834939759,0.883081496,0.925458716,0.84651043,0.608863198,NA,NA,NA,0.179501861,NA,0.175392137,0.175442163
28.146205,77.771394,0.659989457,0.535060976,NA,NA,NA,NA,0.178582294,0.18346517,NA,NA,0.647131783,0.733936652,0.775836095,0.764289923,0.808797654,0.834867664,0.885641677,0.894248609,0.821536906,0.60523322,0.523026316,NA,0.226425439,0.193722413,0.156122449,0.148962916,0.161556064
28.145071,77.775786,0.205829507,0.213976165,0.202340322,0.180407371,0.213806328,NA,NA,0.60637183,NA,NA,0.666373498,0.669064748,0.728077692,0.749583565,0.696777602,0.722852512,0.575384615,0.474033149,0.456772674,0.236554022,0.321538462,0.211350872,0.168316832,0.153170268,NA,0.114042319,0.188446439
28.144916,77.775968,0.391235896,0.402626432,0.175886877,0.171449595,0.207198444,NA,NA,0.281830539,NA,NA,0.637941006,0.658198614,0.738101788,0.74939759,0.714936709,0.795570698,0.638764325,0.684678523,0.577614138,NA,0.250478011,0.17469409,0.157743786,0.126812428,NA,NA,0.173562321
28.144699,77.776901,0.491399083,0.468505986,0.204116638,0.204358354,0.233958539,NA,0.216671593,0.184385763,NA,NA,NA,NA,NA,0.634034767,0.704154538,0.792986699,0.868895733,0.89932341,0.819397993,0.61567934,0.520460746,NA,0.228969637,0.182440406,NA,0.154183343,0.166558089
28.146973,77.775554,0.512290285,0.48125,0.165370658,NA,NA,NA,0.120936281,0.163617624,NA,NA,0.574040875,0.588803089,0.729200653,0.758408891,0.759708105,0.802727716,0.831990232,0.852822581,0.753357084,NA,0.319961178,0.229244778,0.177698893,0.157800224,NA,0.137083333,0.159545455
28.146671,77.775881,0.35827027,0.317310027,NA,NA,NA,NA,NA,NA,NA,NA,0.724117647,0.703761755,0.782421987,0.788294595,0.755387931,0.814132527,0.739993795,0.728305316,0.617207437,0.313320826,0.282158921,0.228320527,0.212193379,0.17971831,NA,0.162018048,0.18067591
28.146052,77.775763,0.752159827,0.644503311,0.234828496,0.218080548,NA,NA,0.101716465,0.175237144,NA,NA,NA,0.570767808,0.673026316,0.736902706,0.720084344,0.788832487,0.791799787,0.832790445,0.777777778,NA,NA,0.269349845,0.20459878,0.179253867,NA,0.142960813,0.142797056
28.145694,77.776187,0.664906919,0.642705005,0.36775178,NA,NA,NA,NA,0.158410733,NA,NA,NA,NA,0.581470684,0.699203775,0.704669971,0.811330428,0.830743486,0.834596376,0.799787573,0.513831666,NA,0.277315744,0.193104953,0.186197625,NA,0.154602675,0.178810907
28.145349,77.776798,0.393939394,0.430394167,0.186237846,NA,NA,NA,NA,0.626737531,NA,NA,0.6835,0.687322611,0.73081761,0.714727085,0.658227848,0.655857741,0.495934959,NA,0.293030623,0.165471185,NA,NA,0.162521979,0.116925214,NA,0.144316044,0.195593767
28.14588,77.776487,0.721130552,0.555555556,0.234110654,NA,NA,NA,NA,NA,NA,NA,0.68455381,0.6996337,0.778529163,0.786595174,0.721506442,0.823816496,0.799647621,0.797588601,0.682719547,NA,0.251170816,0.231755424,0.178178801,0.19954597,NA,0.154639175,0.174421379
28.146425,77.776321,0.477992711,0.305145414,0.220496174,0.216674301,NA,NA,NA,0.156962025,NA,NA,0.605531775,0.618800461,0.750379593,0.794029033,0.770200148,0.845794393,0.850718591,0.882428115,0.814824314,0.566048667,0.38573508,0.248505551,0.178683386,0.165388303,NA,0.167677748,0.177126242
28.146104,77.776793,0.824456522,0.718635467,0.290959156,NA,NA,NA,NA,0.320239112,NA,NA,0.676327116,0.669715182,0.75422515,0.757993385,0.701500395,0.791871602,0.723907598,0.752285952,0.60762565,NA,0.234339905,0.19604056,0.156582915,0.159786951,NA,0.146228403,0.165850245
28.148032,77.778391,0.321914594,0.336124107,0.306064209,0.25906857,0.194858612,NA,0.196155002,0.227625453,NA,NA,0.675759454,0.699971695,0.799252229,0.791948122,0.830804834,0.844051826,0.873191995,0.880291184,0.83541714,0.601566872,0.54181601,NA,0.194444444,0.178128797,NA,0.162612036,0.1942324
28.147622,77.780141,0.173226849,0.187481889,0.178121284,0.196832052,0.195364238,NA,NA,0.279646452,NA,NA,0.649478013,0.668938103,0.771770063,0.787086446,0.816958924,0.820319849,0.833063584,0.820793007,0.747292419,0.515415939,0.366421569,0.239845835,0.170122631,0.157403083,NA,0.144222415,0.164199815
28.147609,77.781037,0.710191944,0.68097166,0.491834003,NA,NA,0.310395675,NA,NA,NA,NA,0.586934331,0.652641003,0.734902447,0.766763848,0.778080698,0.832519908,0.843663275,0.86756393,0.814579629,0.603613778,0.532365396,NA,0.29332252,0.2,0.206679035,0.171117283,0.151219512
28.150572,77.790389,0.771964462,0.721649485,0.495375128,NA,NA,NA,NA,NA,NA,NA,NA,NA,NA,0.636705293,0.767810026,0.802400223,0.895699148,0.876260928,0.855840208,0.582580115,0.608508347,NA,0.311777077,0.204209471,0.107910272,0.14900509,0.163841808
28.149944,77.790915,0.771760155,0.689079422,0.28772298,NA,NA,NA,NA,NA,NA,NA,0.803304485,0.823878471,0.847130647,0.863561515,0.869239501,0.871359732,0.853770342,0.848042978,0.761120264,0.489415965,0.335853446,0.236074271,0.160738406,0.163333333,0.203623636,0.155555556,0.155729167
28.148983,77.791352,0.402616638,0.412170485,0.248940678,NA,NA,NA,NA,NA,NA,NA,0.694616639,0.765490944,0.760611205,0.781526549,0.753093061,0.821529021,0.821767349,0.860766046,0.7864612,0.581550431,0.431093394,0.315744193,0.241208519,0.18411723,0.176831944,0.150306053,0.164686699
28.148754,77.791628,0.693333333,0.67942828,NA,NA,NA,NA,NA,NA,NA,NA,0.391183617,0.334792123,NA,0.227904227,NA,0.264957265,0.56225426,0.558712121,0.704559271,0.576476168,0.630680326,0.496496237,0.513601741,0.408637874,0.265692641,0.211431596,0.212829438
28.150995,77.790757,0.803663004,0.737948718,0.517774343,NA,NA,NA,NA,NA,NA,NA,NA,NA,0.525259516,0.673947452,0.778569471,0.811036339,0.908670034,0.903979239,0.878697595,0.661163322,0.625578231,NA,0.323838081,0.210126582,NA,0.158640817,0.161823871
28.151117,77.791777,0.836341757,0.811359026,0.522553416,NA,NA,0.314654104,NA,NA,NA,NA,NA,NA,NA,0.634333121,0.772188494,0.80044843,0.906073606,0.897333333,0.861889251,0.685432971,0.661503802,NA,NA,0.2318277,0.135526588,0.178762578,0.144204517
28.15049,77.791975,0.651965994,0.62815782,NA,NA,NA,NA,NA,NA,NA,NA,0.779866586,0.795418221,0.828785447,0.845243963,0.85620915,0.865810452,0.878909741,0.877855254,0.814631606,0.539485628,NA,NA,0.203049555,0.170893577,0.199061033,0.159375,0.163076923
28.150306,77.792147,0.651588584,0.637737962,NA,NA,NA,NA,NA,NA,NA,NA,0.778974034,0.806651635,0.826207662,0.840601504,0.861098502,0.859123435,0.879497182,0.872646184,0.821355236,0.562653563,NA,NA,0.215780998,0.168089778,0.191663086,0.165062916,0.16515079
28.14933,77.792908,0.631655514,0.597962852,NA,NA,NA,NA,NA,NA,NA,NA,0.719211823,0.809308339,0.800822562,0.837671425,0.848646147,0.859477818,0.887742468,0.894567958,0.83148335,0.562217924,NA,NA,NA,0.181142857,0.177255871,0.159260889,0.176165803
28.148664,77.792853,0.616975557,0.631550218,NA,NA,NA,NA,NA,NA,NA,NA,NA,NA,NA,NA,NA,0.535637149,0.795177305,0.82052858,0.801686537,0.655132971,0.589876703,NA,NA,NA,NA,0.174462114,0.174382346
28.150937,77.792401,0.751017477,0.724775225,0.545035203,NA,NA,0.196311719,0.208096142,NA,NA,NA,0.741875,0.758530184,0.829501421,0.844988864,0.861620343,0.858334951,0.878879637,0.879562044,0.828767123,0.585855728,NA,NA,0.183363971,0.16355248,0.150580621,0.126688858,0.146439957
28.150594,77.79269,0.625161124,0.605879151,NA,NA,NA,NA,NA,NA,NA,NA,0.752139678,0.774795799,0.83178562,0.852841295,0.85725938,0.860085503,0.881830469,0.881824309,0.829660807,0.577029948,NA,0.244210526,0.16447944,0.155737705,0.141965106,0.134651959,0.148454506
28.148997,77.794046,0.666666667,0.574069253,0.287853577,NA,NA,NA,NA,NA,NA,NA,0.636708861,0.712787649,0.727641178,0.776834748,0.731607956,0.769764838,0.737070064,0.718860244,0.599687663,0.574372001,0.342904473,0.300304456,0.184911243,0.204070981,NA,0.158699809,0.163562133
28.149439,77.794556,0.494103774,0.531950673,0.201640135,0.199127907,NA,NA,0.189139155,NA,NA,NA,0.669098143,0.746698679,0.78613396,0.844864865,0.812828121,0.827692308,0.837709858,0.837611056,0.772488098,0.555625196,0.410540013,0.250853242,0.176900251,0.168194317,NA,0.140655106,0.153898613
28.149158,77.794856,0.574249808,0.538156591,0.192115768,NA,0.199798944,NA,0.18384569,NA,NA,NA,0.652317881,0.724781692,0.783239562,0.82881222,0.827127059,0.831453218,0.860278599,0.862650602,0.799301048,0.573555688,NA,NA,0.211384217,0.172429907,NA,0.143983402,0.155229847
28.150906,77.794346,0.781960784,0.712169312,0.255407654,NA,NA,NA,NA,NA,NA,NA,0.734620887,0.720998532,0.802061856,0.831106056,0.842721695,0.831,0.85308613,0.863788229,0.799442897,0.569083856,NA,NA,NA,0.18689253,0.174174174,0.15641805,0.166829268
28.151133,77.794676,0.808035714,0.749558192,0.303245218,NA,NA,NA,NA,NA,NA,NA,0.761937716,0.714527982,0.808504484,0.832586786,0.839805825,0.850476423,0.857805255,0.871125214,0.811559009,0.604536202,0.522548092,NA,NA,0.186206897,0.22673031,0.152471571,0.164207981
28.150215,77.794501,0.293624531,0.216657881,0.226396441,NA,NA,NA,0.301133297,NA,NA,NA,NA,NA,0.276955603,0.263447586,0.242798354,0.316254818,0.351740139,NA,0.338299512,0.30219471,0.223620523,0.200816535,0.171578707,0.145065136,0.105817452,0.138135074,0.139124456
28.152018,77.795056,0.73800905,0.734294078,0.531723485,NA,NA,NA,NA,NA,NA,NA,0.560393258,0.627921668,0.721783117,0.77573318,0.810058718,0.829071332,0.826602283,0.853069116,0.792567403,0.600709849,0.503355705,NA,0.248665355,0.169659735,0.115315959,0.153846154,0.157032115
28.150723,77.796094,0.795081967,0.775910364,0.584391161,NA,NA,NA,0.347054959,NA,NA,NA,NA,0.584450402,0.685510071,0.785081452,0.808875441,0.826418479,0.806951424,0.842707118,0.779105905,0.619047619,0.487088157,NA,0.270980503,0.192230071,0.154799334,0.148473442,0.156858455
28.150901,77.796368,0.799105145,0.78810663,0.590627154,NA,NA,0.403726708,0.290441932,NA,NA,NA,NA,0.567239636,0.677503251,0.780316344,0.811886305,0.828718911,0.822702703,0.842744818,0.794226499,0.594297594,NA,NA,0.196800776,0.154986523,0.083829281,0.139251157,0.157941635
28.149825,77.797197,0.752448798,0.736605133,0.548006605,NA,NA,NA,NA,NA,NA,NA,NA,0.557792433,0.568021498,0.654562678,0.68213866,0.789274106,0.888252805,0.888361045,0.865732369,0.672626542,0.636463181,NA,NA,0.195287958,0.236817237,0.168648173,0.176861702
28.150135,77.797417,0.725355342,0.70909916,0.521119961,NA,NA,0.358690641,0.300665457,NA,NA,NA,NA,0.559121032,0.585454545,0.653504744,0.679592414,0.798647242,0.888268156,0.888216116,0.868566176,0.670753065,0.637008734,NA,NA,0.187614799,0.28146275,0.15916876,0.133048954
28.150423,77.797955,0.510373444,0.258317025,0.190526876,NA,NA,NA,0.157336476,0.167304348,NA,NA,NA,0.610853739,0.652309613,0.737293325,0.709481009,0.784813673,0.820648078,0.817406143,0.776387378,0.518451301,0.371794872,0.258900598,0.196721311,0.151695692,NA,0.125536281,0.142488384
28.150596,77.798226,0.633076309,0.319281118,0.206516291,NA,NA,NA,NA,NA,NA,NA,0.582080577,0.633705933,0.64692013,0.677339901,0.586659065,0.640880858,0.6016,0.575895395,0.427973856,NA,0.278667923,0.212137203,0.162653339,0.156146179,NA,0.138731952,0.134109312
28.150007,77.798281,0.244884488,0.181940442,0.178279673,0.205511998,NA,NA,0.139176701,0.183636907,NA,NA,0.605962411,0.679125934,0.677018634,0.705695288,0.662613982,0.773433584,0.699369483,0.740306583,0.681777778,NA,0.317104836,0.245328511,0.204369837,0.192217899,NA,0.14924213,0.150431307
28.149624,77.798295,0.228549734,0.171383921,0.184949914,NA,0.212687485,NA,0.141364296,0.171264019,NA,NA,0.626485569,0.671000907,0.670011806,0.702422145,0.701366982,0.791547835,0.803145611,0.787779434,0.744416873,NA,NA,NA,0.213153259,0.181262729,0.19391635,0.142187782,0.140606061
28.149282,77.778283,0.753917051,0.706154558,0.510076775,NA,NA,NA,NA,0.540831296,NA,NA,NA,NA,0.514227642,0.499168607,0.507517541,0.485637943,0.379512195,0.330404769,0.29594722,NA,0.26520531,0.195773408,0.168242797,0.198113208,NA,0.23387873,0.273333333
28.148985,77.778514,0.733796296,0.699416569,0.520717228,NA,NA,NA,0.537336815,0.551292299,NA,NA,NA,NA,0.519752662,NA,NA,0.515453639,0.252221463,0.230034492,0.21857671,NA,0.202983139,0.195470799,0.185610241,0.217437533,NA,0.257564576,0.296487603
28.148559,77.778852,0.395679921,0.191551775,NA,NA,NA,NA,0.585590466,0.561557178,NA,NA,0.697988592,0.688625975,0.745495495,0.697700505,0.693678641,0.688264377,0.620129032,0.610974323,0.47777482,NA,0.323361823,0.192076831,0.181586861,0.178484108,NA,0.221529373,0.255587949
28.148267,77.779088,0.348407937,0.158021713,NA,NA,0.211295516,NA,0.561787905,0.472498343,NA,NA,0.686425608,0.662751678,0.73309921,0.698582586,0.719631388,0.702479339,0.662386303,0.633381924,0.478787879,NA,0.31377899,0.1875,0.175238095,0.166712899,NA,0.213959556,0.247942048
28.148954,77.77956,0.676518501,0.653930397,0.505221283,NA,NA,NA,0.573472757,NA,NA,NA,0.541448382,NA,0.530097087,0.517699115,0.376580539,0.315949367,0.210288809,0.209685729,0.213045519,0.262058677,0.251996695,0.249341065,0.228835979,0.257402101,NA,0.305196389,0.344400396
28.148699,77.779791,0.70568259,0.685799223,0.533301618,NA,NA,NA,0.576514346,NA,NA,NA,0.522879805,NA,0.516645327,NA,0.422699968,0.268418583,0.212585034,0.219246032,0.206441512,0.25171737,0.24186633,0.234447301,0.241271959,0.251640112,NA,0.289299242,0.325991189
28.148439,77.780472,0.800690449,0.766913809,0.57834486,NA,NA,NA,0.604958232,NA,NA,NA,0.577540107,0.560800717,0.598496712,0.579175705,0.568210263,0.592754528,0.593961799,0.614884393,0.468116368,0.368004224,0.331622177,0.30221519,0.28096158,0.25984619,NA,0.24525805,0.250424448
28.148146,77.78067,0.808064879,0.758266819,0.581055608,NA,NA,NA,0.607635207,NA,NA,NA,0.562119367,0.5509839,0.572120039,0.552182163,0.553367217,0.566525008,0.590077519,0.606712879,0.55370844,0.316176471,0.268538517,0.256806475,0.217251108,0.227548953,NA,0.227088229,0.246137106
28.149738,77.778947,0.27155668,0.163125,0.1581085,NA,NA,NA,0.553039333,NA,NA,0.559793814,0.657092614,0.601070155,0.586860392,0.502082666,0.366915423,0.335853812,0.220375723,0.19960733,0.140849195,0.163378058,0.232253618,0.15786419,0.130862175,0.125958379,NA,0.14389256,0.186432856
28.149417,77.779209,0.314300025,0.147574124,0.167612788,NA,NA,NA,0.616524217,NA,NA,NA,0.686674009,0.645733596,0.615312792,0.544209215,NA,0.388213283,NA,0.17007274,0.128767123,0.2,0.211385199,0.151962231,0.120517098,0.124661247,NA,0.150261324,0.17791411
28.15008,77.778705,0.565330557,0.518343816,0.164851861,0.166992188,0.170181462,NA,NA,NA,NA,0.554385041,0.647507331,0.60202864,0.598535692,0.498024916,0.346218487,0.218626677,0.221540179,0.160493827,0.159202692,0.181191531,0.175023652,0.184723305,0.155457992,0.173482566,NA,0.189482471,0.217983651
28.150147,77.779703,0.38652576,0.183717579,NA,NA,NA,NA,0.563527653,NA,NA,0.601953602,0.68172378,0.6914446,0.683515221,0.616894706,0.529229818,0.390431582,NA,0.206810926,0.168316832,0.181075753,0.262047133,0.239309429,0.153865399,0.135283821,NA,0.156332296,0.192407696
28.14986,77.779939,0.273660714,0.182672935,0.176222088,NA,NA,NA,0.606908874,NA,NA,0.6,0.666405638,0.669913721,0.666666667,0.592030925,0.505376344,0.377102199,NA,0.174363808,0.142493639,0.169709989,NA,0.209623894,0.127008813,0.12747465,NA,0.141209045,0.165950998
28.149449,77.780454,0.82883476,0.793364507,0.60245343,NA,NA,NA,0.656847545,NA,NA,0.590829803,0.640424952,0.645992637,0.67194157,0.644483881,0.630895853,0.648009578,0.654335961,0.666892809,0.39243807,0.233599019,0.224397929,0.234590616,0.201823456,0.22420242,NA,0.236931432,0.265954923
28.149062,77.780486,0.823896663,0.796647072,0.607086791,NA,NA,NA,0.665470208,NA,NA,NA,0.635226964,0.638942976,0.664,0.635993011,0.626100152,0.634022162,0.575533878,0.545400239,0.449010654,0.22993311,0.226261762,0.226366409,0.216470118,0.205573321,NA,0.243452517,0.267045455
28.14834,77.782031,0.715330692,0.679877112,NA,NA,NA,NA,NA,NA,NA,NA,NA,NA,NA,NA,NA,0.535532995,NA,0.556072592,NA,NA,0.383344804,0.293272684,0.21057047,0.161221591,NA,NA,0.222405272
28.148998,77.781505,0.726051402,0.689909297,NA,NA,NA,NA,NA,NA,NA,NA,NA,NA,0.542406312,0.534351145,NA,0.546794106,0.577865613,0.583022388,0.549606299,0.410788382,0.255891554,0.238095238,0.2153757,0.125888749,NA,0.160080375,0.196604414
28.149482,77.781366,0.753058321,0.72482663,0.541323412,NA,NA,NA,0.554024428,NA,NA,NA,NA,NA,0.548480463,0.508081518,0.512774379,0.451739788,0.282129609,0.250303472,0.258874459,0.27059387,0.283316881,0.261111111,0.271953405,0.260755883,NA,0.295692383,0.313317937
28.149752,77.781119,0.773087071,0.743836781,0.544102019,NA,NA,NA,0.562065841,NA,NA,NA,NA,NA,0.550667714,0.535450517,NA,0.534117647,0.575648415,0.561904762,0.555151074,0.399698341,0.342511942,0.309662398,0.288606977,0.334428924,NA,0.351434426,0.370774831
28.150458,77.78135,0.819036954,0.779205876,0.609756098,NA,NA,NA,0.661083744,NA,NA,NA,0.621754578,0.650218978,0.657817109,0.641192092,0.616752034,0.644749143,0.661680092,0.704035874,0.668166817,0.509736541,0.513589241,0.388285184,0.441396509,0.21689757,NA,0.21584515,0.238008223
28.148734,77.782492,0.728043912,0.713233489,0.539378882,NA,NA,NA,NA,NA,NA,NA,0.24988146,NA,0.187651332,0.189158983,0.205532638,0.18913676,0.183917879,0.176399395,0.170842825,0.191141069,0.214197071,0.210720433,0.231333621,0.191256831,NA,0.190644307,0.256626506
28.149127,77.782868,0.697270471,0.681481481,0.491133385,NA,NA,NA,NA,NA,NA,0.519453519,0.7448618,0.781744239,0.839075447,0.831146847,0.799347116,0.839297193,0.839419589,0.827856025,0.760830861,NA,0.323908263,0.200974421,0.165846351,0.156780595,NA,0.140050167,0.164477799
28.149545,77.782525,0.754735308,0.707425743,0.522267206,NA,NA,NA,NA,NA,NA,NA,NA,NA,NA,0.469770674,0.44980627,0.49100072,0.476206547,0.491830065,NA,0.376893939,0.369572423,0.313602392,0.343608823,0.294362172,NA,0.289012941,0.310106383
28.150137,77.782095,0.714061683,0.692834563,0.504816454,NA,NA,NA,NA,NA,NA,NA,NA,NA,NA,0.496103896,NA,0.484529296,0.250261342,0.244060475,0.26357268,0.28392638,0.286987522,0.273997413,0.284166859,0.284444444,0.126867441,0.322509225,0.346398575
28.150663,77.781682,0.776629766,0.746478873,0.567644276,NA,NA,NA,0.564832734,NA,NA,NA,0.52985782,NA,0.53439512,0.523453433,NA,0.564718537,0.585244267,0.60551827,0.441588785,0.262262917,0.23873219,0.2546851,0.232169064,0.197638459,NA,0.250828064,0.290976514
28.151127,77.781344,0.739773027,0.709042553,0.534710127,NA,NA,NA,0.553728381,NA,NA,NA,NA,NA,0.530483532,0.531720995,NA,0.566003617,0.601237539,0.622995698,0.588901059,0.350718467,0.285058644,0.248135256,0.212065814,0.16833381,NA,0.209087916,0.224156118
28.151626,77.781598,0.787666264,0.748115731,0.527695351,NA,NA,NA,0.534279674,NA,NA,NA,0.572963605,0.583036351,0.593083149,0.582089552,0.566896552,0.604458828,0.660126372,0.663536776,0.633903134,NA,0.328003997,NA,0.187878788,0.143882905,0.137809187,0.210462582,0.269992082
28.15114,77.781952,0.80444001,0.75600099,0.553772875,NA,NA,NA,0.574566474,NA,NA,NA,NA,NA,0.56827853,0.543966502,0.523738318,0.570626003,0.590669676,0.616040956,0.574102964,0.288173485,0.194067797,NA,0.168566578,0.163040559,NA,0.218856864,0.301706682
28.151854,77.782184,0.765714286,0.756097561,0.522715926,NA,NA,NA,0.524575514,NA,NA,NA,NA,0.573687994,0.574725691,0.583121135,0.555631399,0.605311693,0.623595506,0.641501817,0.464194009,NA,NA,NA,0.184342766,NA,NA,0.234417344,NA
28.151448,77.782436,0.774225774,0.753637732,0.534239678,NA,NA,NA,0.525754343,NA,NA,NA,NA,NA,0.588483685,0.567708333,0.538570921,0.593009709,0.391782256,0.354370288,NA,0.227442207,0.227575401,NA,0.211289487,NA,NA,0.263108832,0.319507063
28.147595,77.786279,0.732435034,0.738101364,0.51887972,NA,NA,NA,0.391304348,NA,0.271036315,NA,NA,NA,0.127261187,0.152444316,0.16347731,0.16197365,NA,0.18835731,0.173292868,NA,0.164987043,0.149249659,0.126766688,0.123329682,0.087194608,NA,0.195521102
28.147402,77.786606,0.730291508,0.732905983,0.51388535,NA,NA,NA,NA,NA,NA,NA,NA,NA,0.116957392,0.126931567,0.140524493,0.160634019,NA,0.167019027,0.142598734,0.182677646,0.142857143,0.150552114,0.12478185,0.118397887,0.103983657,NA,0.200482364
28.147256,77.78704,0.798742138,0.795754717,0.518936544,NA,NA,NA,0.564995752,0.623296159,NA,NA,NA,NA,0.528333899,0.539402174,0.514408745,0.518219929,0.254515599,0.307521139,0.239745403,0.337991266,0.33722287,0.35840324,0.443057325,0.249392056,0.239224629,0.267187107,NA
28.149366,77.785276,0.739942529,0.712930012,NA,NA,NA,NA,NA,NA,NA,NA,NA,NA,0.353273138,0.382163824,0.394331984,0.328320802,0.368680641,0.340284842,0.338777661,NA,0.222477064,0.154419595,0.129840547,0.12202381,NA,0.125286637,0.165685831
28.149098,77.785415,0.741728395,0.711760373,NA,NA,NA,NA,0.505630321,NA,NA,NA,NA,NA,0.403021893,0.35655058,0.267035878,0.28011611,0.278128655,0.289582825,0.273577936,NA,0.203921569,0.149684153,0.125451072,0.12240576,0.093764434,0.127650728,0.162801378
28.147895,77.786788,0.624006155,0.616145833,NA,NA,NA,NA,NA,NA,NA,NA,NA,NA,0.399939632,0.261657405,NA,NA,0.200389105,0.167330677,0.151482768,0.161836368,0.153331549,0.163598652,0.149271002,NA,NA,0.167097775,0.192771084
28.148061,77.787019,0.633610901,0.656639004,NA,NA,NA,NA,0.530289466,NA,NA,NA,NA,NA,0.390041494,0.25670128,NA,NA,0.185907518,0.143093923,0.134226425,0.148958065,0.163286531,0.160437325,0.150875617,NA,NA,0.153806847,0.184389733
28.147865,77.787985,0.667733333,0.658087239,NA,NA,NA,NA,NA,NA,NA,NA,NA,NA,NA,NA,0.355301621,0.326276793,0.28194147,0.266147273,0.254303984,0.270375162,0.145056246,NA,0.160316675,0.132183908,0.162712677,0.118367347,0.135820532
28.147375,77.788489,0.785957737,0.787864964,0.534894614,NA,NA,NA,0.530942741,0.607385079,NA,NA,0.554980595,0.573928787,0.56667743,0.588586596,0.368096584,0.34184977,0.337283951,0.322677323,0.328556807,0.307846077,0.31430028,0.284814908,0.288584259,0.285202008,0.261398176,0.272855464,0.291463727
28.149113,77.78644,0.747935891,0.690726694,NA,NA,0.280371661,NA,NA,NA,NA,NA,0.601633679,0.573807508,0.637114712,0.642921551,0.653397186,0.653140968,0.66511357,0.66031941,0.475377382,NA,NA,0.189956332,0.15706021,0.130416313,NA,0.131300022,0.146435892
28.149456,77.786949,0.743188698,0.728735632,0.491308793,NA,NA,NA,NA,NA,NA,NA,NA,NA,NA,NA,NA,NA,0.529917592,0.534935305,0.524216524,0.411411411,0.436061381,0.340954558,0.396617567,0.269573597,NA,0.197761194,0.220267119
28.148279,77.787303,0.736557877,0.724220052,0.516650343,NA,NA,NA,0.532526049,NA,NA,NA,NA,NA,0.482627922,0.460405157,0.238686779,0.242440902,0.237717908,0.213342599,0.241307371,0.213879408,0.288112367,0.168165713,0.128941074,NA,NA,0.141743119,0.158420552
28.148464,77.78747,0.715867159,0.695557174,0.488718076,NA,NA,NA,NA,NA,NA,NA,0.402342513,0.342541436,0.357736081,0.334265734,0.257129164,0.258195741,NA,0.229895932,0.279300755,0.272904483,0.305975049,0.251559252,0.141710559,0.125263404,0.125514968,0.124371285,0.135015927
28.147233,77.789658,0.710359408,0.702981651,NA,NA,NA,NA,0.541543514,NA,NA,NA,NA,NA,NA,0.527101335,NA,NA,NA,0.481602617,0.405105438,0.269089236,0.201126496,0.220308656,0.19425793,0.202791103,0.171102662,0.201270706,0.214862682
28.147159,77.790077,0.708168121,0.686440678,NA,NA,NA,NA,NA,NA,NA,NA,NA,NA,NA,NA,NA,0.379726724,0.386975793,0.366566966,0.362968148,0.274291027,0.252747253,0.245476882,0.222315789,0.2146098,0.2105887,0.221337195,0.238798856
28.147909,77.790055,0.734913793,0.669235003,NA,NA,NA,NA,NA,NA,NA,NA,NA,NA,0.519224108,0.517952364,NA,0.504527814,0.320368985,0.297683588,0.285605869,0.287819253,0.249589491,0.198435277,0.16957807,0.148720547,0.102697095,0.199306759,0.1975042
28.147726,77.790442,0.729893073,0.330783939,0.188413361,NA,NA,NA,NA,0.647496897,NA,NA,0.747558227,0.76947811,0.738918656,0.732818533,0.653255691,0.635529158,0.366935484,0.36355111,0.206349206,0.192196532,0.176430518,0.193678339,0.148254424,0.120203421,0.087992451,0.146250582,0.178302116
28.147637,77.79079,0.296158068,0.243024088,0.195859873,NA,0.190488633,NA,0.579005221,0.765403624,NA,NA,0.755566551,0.786746388,0.735662025,0.714213582,0.597932535,0.561230093,0.263219059,0.260896255,0.1684935,0.213410058,0.165,0.200129116,0.168874172,0.133510638,0.074798619,0.154649428,0.184917355
28.147349,77.791101,0.614887568,0.606813739,NA,NA,NA,NA,NA,NA,NA,NA,NA,0.32053973,0.299868594,0.257707696,0.221383648,0.194936709,NA,0.25354814,0.171166307,NA,0.146187923,0.15625,0.147445907,0.124720608,0.051828466,0.134653906,NA
28.147028,77.791375,0.69571231,0.673433875,NA,NA,NA,NA,NA,NA,NA,NA,NA,NA,NA,0.275702209,0.166216216,0.174024312,NA,NA,0.196162752,NA,0.171815165,0.16070926,0.132438479,0.129245699,NA,0.127678571,NA
28.147498,77.791761,0.703310431,0.695351137,NA,NA,NA,NA,NA,NA,NA,NA,NA,NA,NA,NA,0.310580205,0.299546142,NA,NA,0.171308017,NA,NA,0.247207969,0.208344622,0.21930745,NA,0.240441365,NA
28.148034,77.7913,0.288212582,0.147181965,0.195058891,NA,NA,NA,0.692232535,0.741912799,NA,NA,0.749203591,0.796334012,0.736523652,0.74786081,0.659660236,0.633122484,0.347238682,0.213439691,0.130008177,0.19427288,0.165701881,0.199143469,0.138545953,0.127808288,NA,0.135796428,0.159620805
28.148229,77.791032,0.280823558,0.13097455,0.191727222,NA,NA,NA,0.66134843,0.726077429,NA,NA,0.74394069,0.797875395,0.742145179,0.742042624,0.666572478,0.643397813,0.371991749,0.241067175,0.132542819,0.173639595,0.199863341,0.201456311,0.162903226,0.117143556,0.167835942,0.124612819,0.160794045
28.148305,77.790404,0.763030629,0.7593656,0.537091988,NA,NA,NA,0.546675192,NA,NA,NA,NA,NA,NA,0.535890619,NA,0.508797127,0.540850277,0.547434478,0.455136541,0.276804485,0.274158912,NA,0.176008969,0.143168209,0.177869986,NA,0.275006668
28.14859,77.790774,0.762386511,0.75436739,0.542600897,NA,NA,NA,NA,NA,NA,NA,NA,NA,0.525584795,0.532663317,NA,0.518191452,0.493791786,0.285008237,0.254866861,0.288483999,0.279804162,NA,0.168282944,0.14881933,0.167030568,0.191724138,0.23362558
28.148567,77.79013,0.770206022,0.748492679,0.518640351,NA,NA,NA,NA,NA,NA,NA,NA,NA,NA,NA,NA,0.494160584,NA,0.49880178,0.443218689,0.281178095,0.25418791,0.170893054,0.183380354,0.149407115,0.14554258,0.200380469,0.276559865
28.148875,77.79049,0.787427417,0.78179938,0.514277636,NA,NA,NA,NA,NA,NA,NA,NA,NA,0.528455285,0.560125479,0.545175588,0.536959554,0.41096202,0.332739421,0.359456399,0.294619578,0.347163866,NA,0.200329761,0.154829932,0.180591444,0.206406769,0.207692308
28.14889,77.789819,0.702025072,0.674224655,NA,NA,NA,NA,NA,NA,NA,NA,0.362557078,0.337016575,0.350042723,NA,NA,0.221621622,NA,0.157310302,0.195679012,0.175613311,0.168578554,0.15844806,0.148519164,0.133083205,NA,0.191342535,0.239370996
28.149248,77.789444,0.776086423,0.766281513,0.512869141,NA,NA,NA,NA,NA,NA,NA,NA,NA,NA,NA,NA,0.543469304,0.589725545,0.597611049,0.56635514,0.412878788,0.299123905,0.260224949,0.228464419,0.237376121,0.191537377,0.196488859,0.216812127
28.149566,77.790549,0.748027354,0.743670886,0.494771602,NA,NA,NA,NA,NA,NA,NA,0.596904937,0.564903056,0.602166065,0.637681159,0.652173913,0.640735502,0.719308526,0.700098652,0.655241265,NA,NA,NA,0.281062777,0.336044148,0.208874459,0.330984007,0.318610288
28.137695,77.765692,0.751592357,0.738108256,0.504350119,NA,NA,NA,NA,NA,NA,NA,NA,NA,NA,0.533080489,NA,0.519675456,NA,0.540939597,NA,0.374756018,0.345522157,0.266268826,0.226182761,0.270682329,NA,0.203813559,0.229042904
28.137824,77.766078,0.760212202,0.755949087,0.51317176,NA,NA,NA,NA,NA,NA,NA,NA,NA,0.55071249,0.536895674,0.546586518,0.544159544,NA,0.536141907,0.494897959,0.258547486,0.242323835,0.232372183,0.233656174,0.219428326,NA,0.216278006,0.23041261
28.137824,77.767405,0.293810394,0.173924804,0.177290837,0.209701127,NA,NA,0.564797424,0.597388466,NA,NA,0.715617716,0.717601547,0.720455209,0.69837037,0.616755793,0.573109244,0.401610468,0.339150669,0.285121825,0.210756723,0.190794755,0.1703865,0.169949611,0.129684211,NA,0.130601793,0.143115942
28.139617,77.767196,0.235365854,0.12195122,0.164720497,NA,NA,NA,0.629036563,0.568569623,NA,NA,0.748578924,0.740320856,0.756864586,0.715778995,0.607687959,0.549051491,0.20200613,0.175268817,0.138318994,0.154334038,0.180140038,NA,0.294294294,0.155300311,NA,0.144918033,0.155841066
28.140076,77.767453,0.276779026,0.173056443,0.188292683,NA,NA,NA,0.578613023,0.465457842,NA,NA,0.728318584,0.732177681,0.750720461,0.713443106,0.625524769,0.576141462,0.230979748,0.168122271,0.158356417,0.152945767,NA,NA,0.300800413,0.167901235,NA,0.153675819,0.161136309
28.139907,77.766847,0.24484959,0.138911454,0.159688413,0.169117647,0.171300894,NA,0.584487535,0.64636094,NA,NA,0.76191476,0.757977621,0.773072497,0.727030303,0.602928752,0.530595594,0.202390231,0.21242236,0.139524838,0.160688956,0.169349646,0.224336973,0.330495183,0.161347127,NA,0.173634152,0.17599811
28.140296,77.767179,0.365522306,0.224164524,0.255937954,NA,NA,NA,0.521245711,0.399804878,NA,NA,0.663928655,0.68359739,0.700429401,0.662351113,0.590226671,0.578860446,0.29810901,0.275873118,0.258832012,0.172275641,0.238382619,0.264389043,0.351390568,0.182896799,NA,0.172154696,0.178554779
28.139526,77.767737,0.611065007,0.603432968,NA,NA,NA,NA,NA,0.392815215,NA,NA,NA,NA,NA,0.492376112,NA,0.504367519,0.367789834,0.470106986,0.413893754,0.436210404,0.311239193,NA,0.318058635,0.367686527,NA,0.287607533,0.232104121
28.139385,77.768183,0.758375099,0.765987154,NA,NA,NA,NA,NA,NA,NA,NA,NA,NA,0.558547532,0.546088304,0.540677306,0.521821632,0.566548043,0.613412229,0.574514039,NA,0.400513479,NA,0.333510638,0.347851677,NA,0.309537089,0.290944123
28.138015,77.769498,0.758796669,0.75377728,NA,NA,NA,NA,0.548857868,0.373543878,NA,NA,NA,NA,0.552610442,0.572402728,NA,0.549718574,0.578015492,0.58873929,0.288581315,0.251015801,0.253753027,0.229353354,0.227973801,0.218729391,NA,0.222854541,0.240037951
28.137567,77.769863,0.765487902,0.734749455,0.514713751,NA,NA,NA,0.549673203,NA,NA,NA,NA,NA,0.544833132,0.547945205,NA,0.538461538,0.558685446,0.556313993,NA,0.242671369,0.233031674,0.235971576,0.216433715,0.215860994,NA,0.218590171,0.239952438
28.138563,77.769351,0.202319875,0.170731707,0.180084746,NA,NA,NA,0.711087645,NA,NA,NA,0.709710744,0.77193426,0.793586634,0.788586957,0.70668773,0.729544857,0.592706872,0.518087855,NA,NA,0.242390906,0.208995502,0.197618502,0.169230769,0.109862672,0.168253968,0.170656371
28.139217,77.769431,0.70984456,0.717660957,NA,NA,NA,NA,NA,NA,NA,NA,NA,NA,NA,NA,0.277306469,0.282417321,0.249207068,0.239755064,0.238685088,0.245588937,0.252213653,0.227359781,0.228070175,0.207456979,0.204661017,0.217807563,0.241517969
28.139019,77.769651,0.743918738,0.747392162,NA,NA,NA,NA,NA,NA,NA,NA,NA,NA,NA,NA,0.404934688,0.452549575,0.241099979,0.238363282,0.225997046,0.247346562,0.241983968,0.22265727,0.214127055,0.212066637,0.148207813,0.218951242,0.236556547
28.139885,77.768697,0.682023487,0.695849546,NA,NA,NA,NA,NA,NA,NA,NA,NA,NA,NA,0.271390047,0.166190022,0.175117616,0.144080605,0.160893855,0.131988767,0.21952776,0.155469184,0.154279581,0.135918367,0.124566769,NA,0.133838901,0.13713268
28.139626,77.769057,0.724521309,0.732858991,NA,NA,NA,NA,NA,NA,NA,NA,0.273324213,0.25782881,0.243720673,0.244521912,0.161330049,0.165247872,0.1366765,0.145252774,0.133474079,0.203099774,0.152570481,0.152759264,0.128640777,0.123836503,0.195398033,0.123492723,0.142477876
28.140076,77.769523,0.721607769,0.732337737,NA,NA,NA,NA,NA,NA,NA,NA,NA,0.313268778,0.257299725,0.232897012,0.17445688,0.183610755,0.154583333,0.151878914,0.149396997,0.209182024,0.164606742,0.153119093,0.133681253,0.123632611,NA,0.135892748,0.162758621
28.142837,77.767253,0.682320442,0.685185185,NA,NA,NA,NA,NA,NA,NA,NA,NA,NA,NA,NA,NA,0.503819863,NA,0.50331384,0.461331281,0.3773833,0.263205829,0.235014703,0.198726115,0.204373048,NA,0.206888839,0.216120669
28.142446,77.767645,0.717378917,0.718124813,NA,NA,NA,NA,NA,NA,NA,NA,NA,NA,NA,NA,NA,NA,NA,NA,0.468102073,0.266622487,0.240456341,0.238706719,0.205086136,0.195407474,NA,0.203989121,0.222196207
28.144075,77.767298,0.769540693,0.777777778,0.522045395,NA,NA,NA,NA,0.549082007,NA,NA,NA,NA,NA,NA,NA,NA,NA,NA,0.402904424,0.25354262,0.258145363,0.238228438,0.217675941,0.214192425,NA,0.212095933,0.210480349
28.143693,77.767598,0.692272415,0.666744457,NA,NA,NA,NA,NA,0.489763055,NA,NA,NA,NA,NA,NA,0.327638804,0.306021446,0.230732861,0.2271035,0.225220922,0.222832577,0.233478051,0.219960278,0.20479899,0.202482188,NA,0.205315615,0.219854941
28.143296,77.767909,0.434168113,0.324631375,0.184536082,0.182869801,0.186939182,NA,NA,NA,NA,NA,0.612002069,0.628437987,0.673675357,0.663950548,0.625929862,0.611416601,0.466359683,NA,0.226448474,0.187022901,0.182235095,0.169113649,0.136316766,0.134277134,NA,0.144853875,0.173460145
28.142848,77.768242,0.348974943,0.301983835,0.182873356,0.169428642,0.180771157,NA,0.51750547,0.567338282,NA,NA,0.631338742,0.683845391,0.729402039,0.705274909,0.642703863,0.629372497,0.467084639,NA,0.219480798,0.130237826,0.20272186,0.167930661,0.139100062,0.131851852,NA,0.147257384,0.172770164
28.14222,77.769073,0.762800418,0.772616797,0.502185792,NA,NA,NA,NA,NA,NA,NA,NA,NA,NA,0.536816125,0.562770563,0.582686811,0.600808081,0.618099548,0.577151924,NA,NA,NA,NA,0.378534509,NA,0.322905028,0.321537186
28.144076,77.768167,0.776573787,0.775510204,0.520501436,NA,NA,NA,NA,0.52593335,NA,NA,NA,NA,NA,NA,NA,0.501770956,0.456506111,0.375147001,0.440844558,0.25,0.28176202,0.233685221,0.232796486,0.213864975,NA,0.212185769,0.227312775
28.144776,77.76844,0.734769056,0.724475122,NA,NA,NA,NA,NA,NA,NA,NA,NA,NA,0.56997144,0.593121112,0.618524871,0.578049685,0.67695621,0.586174242,0.583401139,NA,0.361344538,NA,0.250941974,0.210514073,NA,0.193591455,0.208749204
28.1441,77.769325,0.775787049,0.771202114,0.526078899,NA,NA,NA,NA,NA,NA,NA,NA,NA,NA,NA,NA,0.482370047,0.510580993,0.492307692,0.415516108,0.371633752,0.255334115,0.244109331,0.215122252,0.210456358,NA,0.217738359,0.246097337
28.143533,77.769934,0.34914611,0.242652899,0.188684427,0.164869029,0.167274622,NA,0.586294416,NA,NA,NA,0.717416115,0.700544465,0.715860687,0.62476648,0.463504774,0.419097329,0.15209373,0.217287867,0.186118479,0.17928073,0.172339276,0.184730379,0.157648061,0.151577328,NA,0.161922985,0.190994182
28.142801,77.770556,0.452826548,0.271092077,0.177616927,0.181505945,NA,NA,NA,NA,NA,NA,0.757782101,0.735361918,0.761430396,0.707236842,0.585284281,0.523109887,NA,NA,0.212136409,0.185622016,0.180716098,0.17335563,0.159238425,0.153784861,NA,0.177239709,0.202264539
28.144031,77.770143,0.628585318,0.281821721,0.215995647,NA,NA,NA,0.583948794,NA,NA,NA,0.658791345,0.651794374,0.67074211,0.53327365,0.204617605,0.217367409,0.181242079,0.167813341,0.179562761,0.268464244,0.194905213,0.173489279,0.157644002,0.141689373,NA,0.166146993,0.197193322
28.143611,77.770492,0.52855615,0.264589905,0.183106267,0.171032357,0.163596966,NA,0.670489118,NA,NA,NA,0.69736211,0.657932349,0.65819989,0.501043219,0.212882096,0.22879315,0.172173913,0.160708922,0.169774289,0.247919144,0.193023256,0.180309735,0.148863878,0.148275074,NA,0.156347439,0.185748219
28.143144,77.770868,0.256147541,0.307359307,0.380901857,NA,NA,NA,NA,NA,NA,NA,0.519754977,NA,0.528040328,0.510537905,0.400247066,0.433939755,0.319472914,0.351422033,0.341704515,0.251461988,0.1772377,0.167461431,0.150833153,0.139355424,NA,0.167102967,0.194756554
28.144692,77.769683,0.800783162,0.789690722,0.538738739,NA,NA,NA,NA,NA,NA,NA,NA,NA,NA,NA,NA,NA,NA,NA,NA,0.378591727,0.382254837,0.297413793,0.30035879,0.290393013,NA,0.27325024,0.242597899
28.144608,77.770267,0.735096034,0.738345865,0.513881878,NA,NA,NA,NA,NA,NA,0.268735806,0.293766938,0.278091329,NA,0.24841169,0.253756734,0.251236943,0.321081831,NA,0.250644514,0.395084088,0.399116348,NA,0.326923077,0.385162602,NA,0.378852285,0.323470839
28.145065,77.770542,0.815343443,0.81159096,0.591910929,NA,NA,NA,0.611544462,0.640112465,NA,NA,0.607163161,0.614806867,0.632033343,0.588785047,0.615946439,0.614998524,0.587321318,0.636968577,0.267579909,0.294200849,0.271696252,0.256875973,0.245519326,0.279287948,NA,0.308462694,0.320540541
28.145295,77.770752,0.702107048,0.672552977,0.4935164,NA,NA,NA,NA,0.514683922,NA,NA,NA,NA,0.520439711,0.428830462,0.338125518,0.347853143,0.30493537,0.279551035,0.307108738,0.312683578,0.328671329,0.297888976,0.27595386,0.352747253,NA,0.368167203,0.338825953
28.145764,77.770983,0.775074593,0.7724661,0.52073963,NA,NA,NA,0.519414744,0.544241885,NA,NA,NA,NA,0.516721311,0.494129487,0.516117851,0.529810298,0.552072449,0.57209698,0.520938023,0.437731196,0.37466145,0.300425532,0.290338048,0.236778263,NA,0.199912511,0.222272317
28.145008,77.771369,NA,0.461090161,0.213592233,NA,NA,NA,NA,0.418446374,NA,NA,0.553912508,0.5785777,0.610486891,0.624809973,0.628706999,0.615681616,NA,NA,NA,NA,0.228605625,0.177316736,0.149754326,0.121790652,NA,0.108230719,NA
28.145826,77.777774,0.718409586,0.664895105,NA,NA,NA,NA,NA,0.490967299,NA,NA,NA,NA,NA,0.299072848,0.268327068,0.258532233,0.259140768,0.279311368,0.268915663,0.314586071,0.313772139,0.267739383,0.27620784,0.308243728,NA,0.341395818,0.35771725
28.146546,77.777646,0.696298162,0.659853646,0.507638367,NA,NA,NA,NA,0.513449833,NA,0.247939722,NA,NA,NA,NA,NA,0.187943262,0.1437751,0.150606709,0.1468039,0.16890352,0.151483602,0.156348374,0.157256378,0.162546489,NA,0.257999423,0.263837638
28.146968,77.777147,0.724185092,0.698485846,0.528773585,NA,NA,NA,0.416863672,0.512159175,NA,NA,NA,NA,NA,0.424525266,NA,0.459904913,0.446018256,NA,0.383487408,0.276691729,0.233507853,0.179992955,0.177360121,0.182902584,NA,0.254545455,0.330224904
28.147702,77.777163,0.714913351,0.667847862,NA,NA,NA,0.2355974,0.214451135,0.246991979,NA,NA,NA,0.172723194,0.182005293,0.1873165,0.189156627,0.191262952,0.25443787,NA,0.166313238,0.174311927,0.165380375,0.17511647,0.162642187,0.196007645,NA,0.227047146,NA
28.147352,77.777453,0.732846715,0.687250528,0.528279182,NA,NA,0.231648754,0.219465649,0.239590444,NA,NA,NA,0.186235759,0.191814294,0.235383217,0.178947368,0.192439863,0.230715532,NA,0.166410335,0.18614021,0.175664566,0.183573565,0.181580535,0.213649207,NA,0.239974539,NA
28.147003,77.778311,0.783745247,0.730453158,0.538055222,NA,NA,NA,0.512303014,0.547147147,NA,NA,NA,NA,NA,NA,0.260606061,0.257011494,0.263281617,0.276679842,0.312035661,0.346163459,0.350755829,0.308258811,0.284965035,0.299443234,NA,0.327322815,0.356110381
28.147297,77.778778,0.777884385,0.737765466,0.525407245,NA,NA,NA,0.590746351,0.594040164,NA,NA,0.570929864,0.544256121,0.579837618,0.565245688,0.548648649,0.343669251,0.258566978,0.27480916,0.245422943,0.303387704,0.311833418,0.284603421,0.27718092,0.307347035,NA,0.344919141,0.352380952
28.147568,77.778048,0.673423423,0.627688913,NA,NA,NA,0.241475296,0.249112846,0.229449607,NA,NA,NA,NA,0.230342917,0.184520124,0.179810726,0.180825243,0.236350575,NA,0.20598469,0.183717775,0.157103064,0.177692728,0.166565226,0.172664953,NA,0.209051277,0.257783883
28.148516,77.778896,0.369270957,0.167971102,NA,NA,0.224987799,NA,0.551968281,0.498813479,NA,NA,0.684695759,0.663247863,0.735837981,0.687517852,0.700084722,0.679651321,0.660005329,0.616691285,0.510968432,NA,0.332635253,0.194174757,0.176470588,0.174944812,NA,0.209009009,0.247097844
28.148271,77.779121,0.348407937,0.158021713,NA,NA,0.211295516,NA,0.561787905,0.472498343,NA,NA,0.686425608,0.662751678,0.73309921,0.698582586,0.719631388,0.702479339,0.662386303,0.633381924,0.478787879,NA,0.31377899,0.1875,0.175238095,0.166712899,NA,0.213959556,0.247942048
28.147184,77.779566,0.702479339,0.676863181,NA,NA,NA,NA,0.545674531,0.565625863,NA,NA,NA,NA,0.548051948,0.524324324,0.518107908,0.515718563,0.510907811,NA,0.485098743,0.35315568,0.286032276,0.261261261,0.234335552,0.315762274,NA,0.340431057,0.353709509
28.148931,77.779581,0.676518501,0.653930397,0.505221283,NA,NA,NA,0.573472757,NA,NA,NA,0.541448382,NA,0.530097087,0.517699115,0.376580539,0.315949367,0.210288809,0.209685729,0.213045519,0.262058677,0.251996695,0.249341065,0.228835979,0.257402101,NA,0.305196389,0.344400396
28.148691,77.779785,0.70602624,0.686372974,0.542316785,NA,NA,NA,0.579308525,NA,NA,NA,0.52666043,NA,0.51786289,0.489415482,NA,0.285017082,0.212721146,0.221689786,0.219047619,0.249321825,0.243121561,0.224658241,0.230399651,0.245335821,NA,0.283891163,0.319532392
28.147012,77.780646,0.700902659,0.687560739,0.498017839,NA,NA,0.278210606,0.272823498,NA,0.267913529,NA,0.26559621,0.262820513,NA,0.193786982,0.168476747,0.206251915,0.168158267,0.219314079,0.164027149,0.177033493,0.162314939,0.159365762,0.1439479,0.148867314,NA,0.147480351,0.186699507
28.148367,77.780474,0.800690449,0.766913809,0.57834486,NA,NA,NA,0.604958232,NA,NA,NA,0.577540107,0.560800717,0.598496712,0.579175705,0.568210263,0.592754528,0.593961799,0.614884393,0.468116368,0.368004224,0.331622177,0.30221519,0.28096158,0.25984619,NA,0.24525805,0.250424448
28.148112,77.780678,0.79371183,0.753270185,0.571631879,NA,NA,NA,0.612600885,NA,NA,NA,0.577677225,0.574443142,0.60292249,0.572422517,0.573366215,0.586628094,0.602685383,0.620740741,0.570384493,0.417110799,0.353568499,0.321075741,0.263674927,0.331997997,NA,0.290123457,0.261603376
28.149239,77.790969,0.768729642,0.753820961,0.535085343,NA,NA,NA,NA,NA,NA,NA,NA,NA,NA,0.544231553,NA,0.544734759,0.564478764,0.577058135,0.527863777,0.36969697,0.395493934,0.313131313,0.358846041,0.214537445,0.252588924,0.203296703,0.209044558
28.149486,77.791239,0.752902156,0.74519774,0.530227399,NA,NA,NA,NA,NA,NA,NA,NA,NA,NA,0.544080605,NA,0.547154134,0.349227852,0.322119428,0.275781856,0.279777107,0.258612553,0.250639981,0.227628149,0.22079646,0.226589833,0.211954023,0.234774067
28.149951,77.791643,0.757019438,0.739707101,0.528610354,NA,NA,NA,NA,NA,NA,NA,NA,NA,NA,0.545972335,NA,0.52,NA,0.205357143,NA,0.21752451,0.222120379,0.195191757,0.207354443,NA,0.246805649,0.270535997,0.325859873
28.149491,77.79204,0.770417193,0.773206751,0.555324134,NA,NA,NA,0.551129608,NA,NA,NA,0.582653818,0.630745462,0.580945559,0.58174336,0.582949309,0.614457831,0.633020908,0.653876273,0.605437179,0.498729352,NA,0.331640427,0.162457125,0.147727273,0.208252427,0.172487527,0.179125529
28.149056,77.792419,0.753287743,0.731197393,0.539352461,NA,NA,NA,0.544675643,NA,NA,NA,NA,NA,0.543242231,0.573720397,0.567877629,0.600289122,0.637967537,0.664812755,0.614353026,0.461128263,0.319249941,0.244755245,0.177437642,0.182531381,NA,0.192540323,0.207093822
28.150873,77.79142,0.788519637,0.759276438,0.585831063,NA,NA,NA,0.5836586,0.684871919,NA,NA,0.616413916,0.613968598,0.628119294,0.633928571,0.648324623,0.650998825,0.707455891,0.701333333,0.49907822,0.274679113,0.299676697,0.256448413,0.269239349,0.213188799,0.129259931,0.2,0.219382835
28.149811,77.79252,0.76916996,0.763870628,0.559599156,NA,NA,NA,0.538923956,0.618058691,NA,NA,0.57362308,0.575594781,0.554140127,0.558943845,0.548142532,0.568115942,0.599567879,0.605085419,0.578908003,NA,NA,NA,0.372652582,0.300270514,0.247227015,0.288262371,0.236765037
28.151259,77.792825,0.638167939,0.638611257,NA,NA,NA,NA,NA,NA,NA,NA,0.314788533,0.285846438,0.233364574,0.251423434,NA,0.46910299,0.83223604,0.847251963,0.799239884,0.696969697,0.646838156,0.509454349,NA,0.361858191,0.244142455,0.203413284,0.195160922
28.150994,77.793123,0.696969697,0.683328518,NA,NA,NA,NA,NA,NA,NA,NA,NA,NA,NA,NA,NA,NA,0.587614835,0.572434235,0.372138334,NA,NA,NA,0.254390935,0.190588235,0.199906803,0.196511031,0.217203138
28.152212,77.793183,0.750777202,0.763881681,0.501294666,NA,NA,NA,NA,NA,NA,NA,NA,NA,0.579415031,0.621179815,0.671994441,0.641830939,0.690282132,0.684675501,0.646280992,0.295622233,0.27979798,0.231167338,0.202525725,0.178529203,0.174590491,0.190016482,0.225437202
28.151729,77.793542,0.760979505,0.75374376,0.534325241,NA,NA,NA,NA,NA,NA,NA,NA,NA,NA,NA,NA,0.526811298,0.312184571,NA,NA,NA,0.244711083,0.196358118,0.221513218,0.220543807,0.176347681,0.246571927,0.284867395
28.151533,77.793724,0.767394617,0.756186507,0.537950422,NA,NA,NA,0.536991369,0.638124363,NA,NA,NA,NA,NA,NA,NA,0.513855899,0.265866957,NA,NA,NA,0.238679969,0.20620155,NA,0.216620499,0.1676397,0.240801827,0.300289855
28.151271,77.794003,0.811744007,0.792995762,0.598759965,NA,NA,NA,0.6205,0.674990682,NA,NA,0.652576365,0.604254128,0.633520212,0.628571429,0.62730974,0.62488836,0.622482717,0.643764246,0.610307982,0.534642032,0.505148206,NA,0.240644137,0.199912319,0.185503456,0.194621997,0.20993228
28.151887,77.794123,0.612177027,0.61005291,0.481368045,NA,NA,NA,NA,NA,NA,NA,NA,NA,NA,0.284412706,0.251621714,0.245714286,0.238432066,0.212491514,0.211973122,NA,0.222326162,0.173312068,0.145014435,0.129879023,0.137839879,0.132017544,0.150665054
28.151511,77.794383,0.809814613,0.80472103,0.591701611,NA,NA,NA,0.617937674,0.705544933,NA,NA,0.650684932,0.586841372,0.632009346,0.601950625,0.591849729,0.604863222,0.5924821,0.636660144,0.577384713,0.52433372,NA,NA,0.398053144,0.235333783,0.169905509,0.189491817,0.209887442
28.150678,77.794025,0.760591133,0.72666025,0.536154776,NA,NA,NA,0.571390588,0.653432032,NA,NA,0.622405272,0.594520548,0.616671929,0.610613811,0.61585171,0.620299603,0.656626506,0.624918033,0.608338598,NA,0.469933185,0.34609969,0.353430353,0.322563274,0.271628806,0.186685962,0.197971688
28.15057,77.794785,0.630343464,0.612672458,0.430268595,NA,NA,NA,NA,NA,NA,NA,NA,NA,NA,NA,NA,0.254284715,0.254519369,0.212058212,0.222830787,0.15842895,0.175363942,NA,0.185582365,0.127782358,NA,0.110104862,0.139741314
28.15049,77.795026,0.680648236,0.654165618,0.474829244,NA,NA,NA,NA,NA,NA,NA,NA,NA,NA,NA,0.183153771,0.215535339,0.171012735,0.169836957,0.152282769,0.158994885,0.155565489,NA,NA,0.132392838,NA,0.124735729,0.13716591
28.149977,77.795419,0.742636408,0.719153079,0.503675539,NA,NA,NA,0.523421589,NA,NA,NA,0.341730196,0.318275154,0.330263966,0.291689905,0.262355545,0.260340633,0.168113654,0.15954416,0.155865024,0.204981488,0.173415247,0.168993021,0.144483363,0.129850423,NA,0.123228854,0.141680018
28.151467,77.795183,0.784503632,0.766748166,0.548917102,NA,NA,NA,0.554033012,0.652525253,NA,NA,0.571653543,NA,0.560559006,0.564356436,0.567981616,0.562269713,0.578611898,0.581433225,0.549253731,NA,0.403939296,0.308338332,0.331863286,0.300365271,0.204446957,0.106046512,0.148604269
28.151096,77.795613,0.807058824,0.798894558,0.589090096,NA,NA,NA,0.629230769,0.697185185,NA,NA,0.630759651,0.61424993,0.622687291,0.627510651,0.603332265,0.57016203,0.348336126,0.365764828,0.296818943,0.266593164,0.25984252,0.247647464,0.251475261,0.210526316,0.033876579,0.20254833,0.241505131
28.150299,77.796395,0.775018624,0.755725191,0.550077042,NA,NA,NA,0.556309781,0.601084431,NA,NA,NA,NA,NA,0.534774067,NA,0.53709856,0.564147627,0.555974369,0.521909512,0.413639261,0.256561086,0.243655962,0.194655489,0.219789593,NA,0.190807055,0.191718204
28.150212,77.796695,0.782108946,0.761427524,0.568032372,NA,NA,NA,0.568126521,0.613001912,NA,NA,NA,NA,0.53928299,0.540641312,NA,0.542125844,0.502341555,0.474471545,0.441468553,0.323950741,0.248466258,0.240888889,0.156282999,0.169552239,0.231473631,0.150114155,0.177753544
28.151353,77.796058,0.797601515,0.784359685,0.593121929,NA,NA,NA,0.635905194,0.71637986,NA,NA,0.639618138,0.624726477,0.640577965,0.62830246,0.61734213,0.606939874,0.26133489,0.250629723,0.253541367,0.278114792,0.277749874,0.273907615,0.284033613,0.266634981,NA,0.285428142,0.317557252
28.151162,77.796836,0.814964826,0.81044905,0.590664273,NA,NA,NA,0.597896845,0.664355864,NA,NA,0.579391383,0.584415584,0.585692068,0.586508432,0.564747057,0.587730061,0.621749409,0.659184319,0.623257194,0.246203209,0.253139458,0.242727273,0.247018,0.206010453,NA,0.206021119,0.217193541
28.150686,77.797065,0.790458372,0.776770808,0.575555025,NA,NA,NA,0.611764706,0.639986019,NA,NA,0.564962553,0.57884797,0.572136018,0.595131326,0.558543785,0.566188198,0.582844801,0.573857953,0.579857893,0.256030095,0.240790656,0.239145107,NA,0.162692104,-0.021457705,0.158346753,0.171808511
28.152063,77.79702,0.657636058,0.651231527,0.50757764,NA,NA,NA,0.536100057,0.539726027,NA,NA,0.313112164,0.308051342,NA,0.25016372,0.232917409,0.220710256,0.176034237,0.18027918,0.168350168,0.213822894,0.171000788,0.169744498,0.145111793,0.131927842,NA,0.129940936,0.16506256
28.151402,77.797207,0.779839519,0.751322751,0.560244026,NA,NA,NA,0.582695703,0.590043924,NA,NA,NA,NA,0.519837233,0.512504168,NA,0.507722642,0.517948718,0.549168975,0.540858506,0.35656697,0.346153846,0.278465034,0.319623389,0.263567778,NA,0.286,0.342522757
28.150777,77.782576,0.161774983,0.186996239,0.189860321,NA,NA,NA,0.595104039,NA,NA,NA,0.664367816,0.697892272,0.739776952,0.717051843,0.669621749,0.707165109,0.498624106,0.335088181,0.243203883,0.193908629,0.17059709,0.171421358,0.146012812,0.134593487,NA,0.140661686,0.140292867
28.150532,77.783069,0.352451434,0.322701689,0.23101018,NA,NA,NA,0.520685579,NA,NA,NA,0.576703693,0.561743341,0.522378308,NA,NA,0.433846154,0.47689769,0.267589049,0.272347099,0.206854936,0.219142259,0.174020823,0.174516496,0.144933921,-0.004456328,0.140147524,0.15389956
28.151799,77.784191,0.134998597,0.131879543,0.185311284,NA,NA,NA,0.582009289,0.530434783,NA,NA,0.586264193,0.582668187,0.569960023,0.519402127,NA,NA,0.213350785,0.180097087,0.138822593,0.17561272,0.149068323,0.141749246,0.13117284,0.122386848,0.068077461,0.112890625,0.126598465
28.152136,77.784572,0.180865359,0.162354135,0.16163846,0.187245265,0.20580145,NA,0.571867008,0.560530191,NA,NA,0.650569723,0.686672302,0.684421535,0.648547599,0.58838897,0.5996588,0.304129592,0.231492944,0.171949631,0.180182088,0.159574468,0.157593123,0.137799236,0.125621891,0.10201079,0.120114007,0.129824561
28.14766,77.787207,0.42258559,0.382999511,0.283047427,NA,NA,NA,NA,NA,NA,NA,0.514467593,NA,0.43060137,0.392968189,NA,NA,0.219512195,0.201163098,0.182188173,0.166936791,0.154072096,0.157326478,0.156761413,0.100423068,0.133063556,0.143098354,0.194519317
28.14802,77.787668,0.425712856,0.363697858,0.306293019,NA,NA,NA,NA,NA,NA,NA,NA,NA,0.424570674,0.39364676,0.341909946,0.428644241,0.254204398,0.241950322,0.231913068,0.170182167,0.2286345,0.181548422,0.15695682,0.116490792,0.131055584,0.129830301,0.178250384
28.148853,77.787872,0.313595992,0.201388889,0.198091891,NA,NA,NA,0.639054667,NA,NA,NA,0.70893617,0.694396445,0.776082811,0.769784173,0.751006171,0.752416756,0.671080508,0.660265879,NA,NA,NA,0.268639053,0.15354901,0.15004985,0.165488667,0.130453848,0.134201183
28.148318,77.788322,0.349794239,0.209233501,0.250846575,NA,NA,NA,0.554486272,NA,NA,NA,0.698339232,0.692899257,0.73042292,0.738448614,0.68189415,0.66657151,0.528765539,0.447693307,0.239490752,0.207566999,0.154916929,0.198872534,0.166713523,0.165529441,0.174799542,0.15736505,0.15148465
28.148536,77.788628,0.280128334,0.146556798,0.222080895,NA,NA,NA,0.527133897,NA,NA,NA,0.704400775,0.691774034,0.735660848,0.72985244,0.636462585,0.652249135,NA,0.370860927,0.22940613,0.175215846,0.201328564,0.212269939,0.180641531,0.136012776,0.133851468,0.131060079,0.138135812
28.147866,77.788795,0.292655786,0.136258661,0.196797521,NA,NA,NA,0.571070932,0.576682316,NA,NA,0.724422442,0.735971944,0.740588074,0.747055524,0.683333333,0.689458689,0.561981105,NA,0.242774566,0.173105134,0.170719222,0.190519599,0.15879575,0.136386768,0.14460371,0.123772102,0.143069307
28.147956,77.789245,0.27536758,0.147617656,0.188814913,NA,NA,NA,0.574150787,0.605553287,NA,NA,0.733666945,0.729854183,0.748197449,0.73253833,0.662537848,0.684606481,0.565578635,0.494153024,0.26765519,0.169689441,NA,0.185296776,0.14479638,0.144848954,0.109851787,0.130735531,0.141694225
28.148867,77.789047,0.350689924,0.298770195,0.188803513,NA,NA,NA,NA,NA,NA,NA,0.627810651,0.610478963,0.664339732,0.668814794,0.640022051,0.695519065,0.606801275,0.522845575,NA,0.190091546,0.175593595,0.162854031,0.143998003,0.131323454,0.073736537,0.120723363,0.165171153
28.148513,77.789412,0.649730343,0.358968119,0.182208744,0.191561591,NA,NA,NA,NA,NA,NA,0.598312784,0.597059624,0.640905084,0.657657658,0.631351351,0.658426966,0.586985749,0.528492913,NA,0.232805381,0.162836669,0.159370389,0.130960689,0.129821261,0.11001642,0.120909724,0.174573643
28.148225,77.789712,0.651187905,0.457023061,0.166365747,0.18134458,0.196242701,NA,0.316770186,NA,NA,NA,NA,0.530605967,0.571291866,0.579231693,0.568779408,0.580834803,0.516459795,0.442165242,0.388387824,0.214436372,0.154495777,0.161161161,0.130215497,0.1260464,0.109116675,0.122342938,0.172060237
28.137726,77.764447,0.171682099,0.181020296,0.176440721,NA,NA,NA,0.55736371,0.616460572,NA,NA,0.707923655,0.716371806,0.75415677,0.747471829,0.721615721,0.689396048,0.597063622,0.498682725,0.41218638,0.252628879,0.250068776,0.203823447,0.206185567,0.177669678,NA,0.176050045,0.172831204
28.137604,77.764817,0.155902004,0.128921848,0.168521874,NA,NA,NA,0.644354635,0.673795797,NA,NA,0.715983027,0.736639118,0.763615295,0.749415888,0.699135447,0.677844655,0.503521127,NA,0.327423823,0.256210078,0.234118967,0.213040182,0.192026578,0.178981184,NA,0.179634119,0.164692737
28.137875,77.766879,0.285891601,0.181934167,0.214185721,0.224941176,NA,NA,0.621081327,0.614949594,NA,NA,0.697549986,0.721484692,0.712741752,0.678227922,0.608203245,0.610419682,0.302647859,0.233392721,0.16339581,0.208277103,0.169984686,0.184072485,0.172047405,0.140309913,NA,0.138217983,0.137602769
28.138139,77.767257,0.653670341,0.605617655,0.306613226,NA,NA,NA,0.537917912,0.533487298,NA,NA,0.65300393,0.678356164,0.694460641,0.675045984,0.653543307,0.586553732,NA,NA,0.322508755,0.213245655,0.214267772,0.191124559,0.177443936,0.152737752,NA,0.147253687,0.158601528
28.138059,77.767761,0.241336117,0.156072491,0.182044888,NA,NA,NA,0.655976676,0.651813976,NA,NA,0.758069043,0.760915868,0.771428571,0.746268657,0.67389994,0.664363846,0.35099672,0.272727273,0.222381636,0.182694569,0.148140622,0.167430692,0.136967294,0.112887502,NA,0.12037037,0.131611828
28.138289,77.768137,0.343029443,0.193635545,0.21632226,NA,NA,NA,0.584725537,NA,NA,NA,0.708506841,0.70723593,0.711229947,0.687133601,0.614986293,0.601176471,NA,0.359481583,0.306345733,0.23065513,0.207197943,0.20744956,0.194063414,0.17222964,NA,0.169687705,0.16616732
28.138553,77.767729,0.698778062,0.692261185,NA,NA,NA,NA,NA,NA,NA,NA,NA,NA,0.561863173,0.553914328,0.577785951,0.571187014,0.616995074,0.622286541,0.582079791,0.452054795,NA,NA,0.360699153,0.351961311,NA,0.306591722,0.315939034
28.138785,77.768059,0.672844954,0.683223993,NA,NA,NA,NA,NA,NA,NA,NA,NA,NA,0.554130517,0.552631579,0.579297597,0.547906317,0.616200579,0.617862372,0.594986807,NA,NA,NA,NA,0.368571429,NA,0.311769503,0.314956332
28.143479,77.766551,0.208721215,0.162105263,0.193264639,0.213608748,0.254400772,NA,0.670668954,0.701731025,NA,NA,0.738743455,0.753053638,0.751428571,0.71859869,0.626104303,0.637337845,0.432789911,0.249612403,0.228017133,0.176692517,NA,NA,0.182339736,0.1394443,NA,0.136760427,0.150684932
28.143305,77.766738,0.199820989,0.172266667,0.189751395,0.206326034,0.253490081,NA,0.685633001,0.703041145,NA,NA,0.736322391,0.759061834,0.758533145,0.718082034,0.624221845,0.603433476,NA,0.261349064,0.212255992,0.173199037,NA,NA,0.164640324,0.131034483,NA,0.138326421,0.147373789
28.14367,77.76851,0.206957547,0.184393064,0.206110962,NA,NA,NA,0.536064628,NA,NA,NA,0.67252094,0.688936398,0.721497448,0.683994126,0.633786178,0.618801949,NA,NA,0.235899951,0.182227946,0.18,NA,0.167221511,0.16024974,NA,0.140191388,0.153516511
28.143245,77.768821,0.173913043,0.167183535,0.184440328,0.196791176,NA,NA,0.577418471,0.530635188,NA,NA,0.691983122,0.714069592,0.743247006,0.71830194,0.691860465,0.66798419,0.508187302,NA,0.264334999,0.185733513,0.167311163,NA,0.173431734,0.149791232,NA,0.139599814,0.141061101
28.147557,77.779277,0.563884157,0.233785269,0.168918919,NA,NA,NA,0.629075361,0.671354899,NA,0.597744361,0.713288457,0.724290999,0.795353694,0.765047518,0.738113399,0.748892941,0.690118153,0.600301659,0.509822264,NA,0.267269206,NA,0.222025652,0.138604197,NA,0.133349645,0.15835252
28.148046,77.779766,0.250051964,0.200232153,0.21759379,0.213122722,0.249156627,NA,0.521023766,0.566090612,NA,NA,0.645528455,0.655567118,0.699198231,0.660500544,0.618969747,0.650194336,0.475800053,NA,0.326959847,0.202939782,0.217413313,0.182972367,0.168735032,0.147401434,NA,0.187713311,0.195164946
28.150263,77.790628,0.309324759,0.247156153,0.209616829,NA,NA,NA,0.619346405,0.670267731,NA,NA,0.73181698,0.753205904,0.774736842,0.776994031,0.756166714,0.753813219,0.611940299,NA,0.292791612,0.291925466,0.197145406,0.177892031,0.149315366,0.163863266,0.162078245,0.153526971,0.18742515
28.150572,77.791092,0.181616833,0.15904936,0.187878788,NA,NA,NA,0.614597007,0.718216319,NA,NA,0.703151862,0.732977303,0.734855136,0.741313869,0.707201889,0.68148794,0.536301165,0.317004505,0.275806452,0.200729095,0.218037407,0.180222497,0.165233137,0.139366516,0.116898608,0.145325654,0.188644203
28.150358,77.793453,0.287808965,0.313767597,0.245928788,NA,NA,NA,0.61875,0.741226732,NA,NA,0.74286591,0.736796032,0.74033468,0.727817404,0.668381241,0.670964126,0.565515095,0.454183267,0.29317491,0.244885307,0.210187174,0.184013322,0.190592847,0.147073053,0.149036201,0.152056404,0.220829315
28.150088,77.793732,0.484935813,0.248051948,0.176171654,NA,NA,NA,0.613564669,0.692446584,NA,NA,0.757540603,0.775028121,0.767891683,0.761462729,0.710128388,0.696498054,0.519293078,0.324269598,0.227546478,0.24366872,0.173984632,0.16310522,0.141037736,0.127689429,NA,0.121749137,0.173700833
28.149864,77.793947,0.472917173,0.264822134,0.172995781,NA,NA,NA,0.624799572,0.675709779,NA,NA,0.747239977,0.771924909,0.762129193,0.761117446,0.683094556,0.661768783,0.480138169,0.286440678,0.204956118,0.236388231,0.188674389,0.158120805,0.132850806,0.124647225,0.11733395,0.123318897,0.137427706
28.149656,77.794164,0.63918041,0.476621028,0.181397879,NA,NA,NA,0.539779682,0.626459144,NA,NA,0.701181767,0.76461126,0.756229686,0.785752833,0.734592185,0.713768116,0.630769231,0.4804744,0.253101737,0.251582806,0.172883065,0.160426346,0.137218045,0.124691081,NA,0.127627302,0.170025189
28.149729,77.794916,0.260235947,0.195074167,0.257788945,NA,NA,NA,0.637333333,0.709695927,NA,NA,0.685344828,0.686123348,0.700374532,0.699350266,0.631040364,0.619742991,NA,0.262745098,0.223621606,0.177939646,0.18278481,0.18922853,0.16276916,0.143856377,NA,0.135440181,0.150408457
28.14946,77.795187,0.155953817,0.195692146,0.19931187,0.218111003,NA,NA,0.600930473,0.582303188,NA,NA,0.647278383,0.646854161,0.64702381,0.635817308,0.559264498,0.550097684,NA,0.278441558,0.211987227,0.240441365,0.166201117,0.182713085,0.135066042,0.147887324,0.113176599,0.144684605,0.146415981
28.151753,77.795768,0.595598349,0.257859414,0.20661157,NA,NA,NA,0.674360261,0.791071971,NA,NA,0.718832891,0.7656817,0.791411043,0.779909406,0.727576602,0.72265943,0.605581885,0.515984655,NA,0.166376307,0.183991684,NA,0.178864457,0.157689087,NA,0.133227777,0.157894737
28.152222,77.796218,0.199143469,0.157952974,0.193975591,0.216551041,0.229587919,NA,0.548587571,0.687111111,NA,NA,0.697605596,0.729617088,0.754738016,0.75673424,0.730445247,0.724254361,0.591678225,0.507102742,NA,0.185407527,0.166666667,0.177068886,0.144432662,0.131877729,0.103153394,0.132137704,0.150121601
28.151897,77.796371,0.166635566,0.145257453,0.205331966,NA,NA,NA,0.649635036,0.756124415,NA,NA,0.704918033,0.734337187,0.742865379,0.731024531,0.673331283,0.684458862,0.544514647,NA,0.322571177,0.196464088,0.190200936,0.199770708,0.142150247,0.12715713,0.1023273,0.130357143,0.184685769