"20171022","20171027","20171201","20171206","20180110","20180115","20180120","20180130","20180209","20180214","20180301","20180306","20180311","20180326","20180331","20180405","20180410","20180415","20180420","20180425"
96.0291789010368,80.8848844387383,16.5056389314215,12.0732401667723,0.601633679,0.573807508,0.637114712,0.642921551,0.653397186,0.653140968,0.66511357,0.66031941,0.475377382,0.211412097184203,0.203142368505268,0.189956332,0.15706021,0.130416313,0.11934899671613,0.131300022
0.510076775,0.514462028234606,0.538555013247176,0.540831296,0.532248923283614,0.524448979733004,0.514227642,0.499168607,0.507517541,0.485637943,0.379512195,0.330404769,0.29594722,0.300169887738842,0.26520531,0.195773408,0.168242797,0.198113208,0.237088354978753,0.23387873
0.180084746,0.348193470778157,0.711087645,0.693787877924362,0.709710744,0.77193426,0.793586634,0.788586957,0.70668773,0.729544857,0.592706872,0.518087855,0.449958468909048,0.285755731739104,0.242390906,0.208995502,0.197618502,0.169230769,0.109862672,0.168253968
0.520717228,0.502627452318065,0.537336815,0.551292299,0.504690447278978,0.50708217752277,0.519752662,0.566435592716805,0.565201855438332,0.515453639,0.252221463,0.230034492,0.21857671,0.205469606363478,0.202983139,0.195470799,0.185610241,0.217437533,0.255393732899641,0.257564576
0.1581085,0.185807904183498,0.553039333,0.607252195491215,0.657092614,0.601070155,0.586860392,0.502082666,0.366915423,0.335853812,0.220375723,0.19960733,0.140849195,0.163378058,0.232253618,0.15786419,0.130862175,0.125958379,0.131783567224877,0.14389256
0.430268595,0.186188004069632,-0.58044555112639,-0.584555490981762,-0.21557210227451,-0.135190709232514,-0.0551800391377127,0.0940116748242085,0.212568124839051,0.254284715000001,0.254519369,0.212058212,0.222830787,0.15842895,0.175363942,0.196740513878084,0.185582365,0.127782358,0.0851757146939463,0.110104862
2.16527487558868,1.78422950460529,0.563527653,0.536303306681869,0.68172378,0.6914446,0.683515221,0.616894706,0.529229818,0.390431582,0.227885556595858,0.206810926,0.168316832,0.181075753,0.262047133,0.239309429,0.153865399,0.135283821,0.150988450416391,0.156332296
0.560244026,0.552585343468896,0.582695703,0.590043924,0.538575067483601,0.528027016827121,0.519837233,0.512504168,0.51131488301246,0.507722642,0.517948718,0.549168975,0.540858506,0.35656697,0.346153846,0.278465034,0.319623389,0.263567778,0.20935557008596,0.286
0.539352461,0.550599471057626,0.544675643,0.536573596713267,0.515116797472956,0.526257598402148,0.543242231,0.573720397,0.567877629,0.600289122,0.637967537,0.664812755,0.614353026,0.461128263,0.319249941,0.244755245,0.177437642,0.182531381,0.208605348114575,0.192540323
1.87117044906243,1.71379629331574,0.929422639687478,0.857288883354669,0.568776486156943,0.553076975104687,0.542406312,0.534351145,0.540435921327777,0.546794106,0.577865613,0.583022388,0.549606299,0.410788382,0.255891554,0.238095238,0.2153757,0.125888749,0.0709833701070963,0.160080375
0.504816454,0.299445754406503,-0.218211269161368,-0.194591010042017,0.258851247557973,0.330937485441008,0.396388808016828,0.496103896,0.523321912161102,0.484529296,0.250261342,0.244060475,0.26357268,0.28392638,0.286987522,0.273997413,0.284166859,0.284444444,0.126867441,0.322509225
25.1172543753818,21.3451280916478,4.89379628819433,3.70083864888448,0.362557078,0.337016575,0.350042723,0.334576506922579,0.264378873369917,0.221621622,0.140373793374782,0.157310302,0.195679012,0.175613311,0.168578554,0.15844806,0.148519164,0.133083205,0.137927127560522,0.191342535
0.555324134,0.589583998649358,0.551129608,0.525769377041244,0.582653818,0.630745462,0.580945559,0.58174336,0.582949309,0.614457831,0.633020908,0.653876273,0.605437179,0.498729352,0.448958491009735,0.331640427,0.162457125,0.147727273,0.208252427,0.172487527
0.505221283,0.521745440600548,0.573472757,0.574153652282192,0.541448382,0.532453568807949,0.530097087,0.517699115,0.376580539,0.315949367,0.210288809,0.209685729,0.213045519,0.262058677,0.251996695,0.249341065,0.228835979,0.257402101,0.298239537229401,0.305196389
0.513881878,0.520133375967175,0.454285558338378,0.43483080935037,0.293766938,0.278091329,0.263385042022015,0.24841169,0.253756734,0.251236943,0.321081831,0.282251434261802,0.250644514,0.395084088,0.399116348,0.350230177428369,0.326923077,0.385162602,0.428322897539144,0.378852285
-13.5555253351788,-11.9461795407719,-3.99336233298724,-3.26639817945561,-0.294158537797449,-0.107834905141035,0.0349373349059768,0.211186457171793,0.277306469,0.282417321,0.249207068,0.239755064,0.238685088,0.245588937,0.252213653,0.227359781,0.228070175,0.207456979,0.204661017,0.217807563
0.504350119,0.540221274099722,0.648649090848887,0.648169316439403,0.584498043513014,0.571198030134007,0.55794998856238,0.533080489,0.517073177971823,0.519675456,0.552309672934434,0.540939597,0.506015157688064,0.374756018,0.345522157,0.266268826,0.226182761,0.270682329,0.299526666221878,0.203813559
0.516650343,0.529029447274297,0.532526049,0.520920674719261,0.457306038811601,0.465868987976135,0.482627922,0.460405157,0.238686779,0.242440902,0.237717908,0.213342599,0.241307371,0.213879408,0.288112367,0.168165713,0.128941074,0.146582692599205,0.162645245199205,0.141743119
0.609756098,0.650377090413631,0.661083744,0.642300122230511,0.621754578,0.650218978,0.657817109,0.641192092,0.616752034,0.644749143,0.661680092,0.704035874,0.668166817,0.509736541,0.513589241,0.388285184,0.441396509,0.21689757,0.017393158465851,0.21584515
0.494771602,1.03145105865192,1.89027402531943,1.74653415430571,0.596904936999999,0.564903056,0.602166065,0.637681159,0.652173913,0.640735502,0.719308526,0.700098652,0.655241265,0.357703112872114,0.275255461803403,0.241619515519745,0.281062777,0.336044148,0.208874459,0.330984007
0.567644276,0.575492751833406,0.564832734,0.557639191724649,0.52985782,0.534230787540911,0.53439512,0.523453433,0.554719848084951,0.564718537,0.585244267,0.60551827,0.441588785,0.262262917,0.23873219,0.2546851,0.232169064,0.197638459,0.191095373351982,0.250828064
0.182873356,0.169428642,0.51750547,0.567338282,0.631338742,0.683845391,0.729402039,0.705274909,0.642703863,0.629372497,0.467084639,0.344596400074995,0.219480798,0.130237826,0.20272186,0.167930661,0.139100062,0.131851852,0.137090951277604,0.147257384
2.39114403161598,2.02311357288703,0.541543514,0.455772938495433,0.380776403884323,0.414624094948497,0.451988330662664,0.527101335,0.584721706326923,0.599023703729689,0.543830063385203,0.481602617,0.405105438,0.269089236,0.201126496,0.220308656,0.19425793,0.202791103,0.171102662,0.201270706
0.534325241,0.765562738424273,1.54702352356635,1.56029758549454,1.21243924265233,1.1210141320811,1.02446551843939,0.823076798381835,0.62243111535425,0.526811298,0.312184571,0.289793987134444,0.287748262744063,0.284528807956824,0.244711083,0.196358118,0.221513218,0.220543807,0.176347681,0.246571927
0.581055608,0.585385054885072,0.607635207,0.60939002736241,0.562119367,0.5509839,0.572120039,0.552182163,0.553367217,0.566525008,0.590077519,0.606712879,0.55370844,0.316176471,0.268538517,0.256806475,0.217251108,0.227548953,0.24787521373007,0.227088229
0.514277636,0.404080606074737,0.165785913838335,0.186364583054496,0.461528743498971,0.498034242911101,0.528455285,0.560125479,0.545175588,0.536959554,0.41096202,0.332739421,0.359456399,0.294619578,0.347163866,0.298576849720606,0.200329761,0.154829932,0.180591444,0.206406769
0.188413361,0.285441914547618,0.631808082743696,0.647496897,0.747558227,0.76947811,0.738918656,0.732818533,0.653255691,0.635529158,0.366935484,0.36355111,0.206349206,0.192196532,0.176430518,0.193678339,0.148254424,0.120203421,0.087992451,0.146250582
0.590664273,0.476170182161894,0.597896845,0.664355864,0.579391383,0.584415584,0.585692068,0.586508432,0.564747057,0.587730061,0.621749409,0.659184319,0.623257194,0.246203209,0.253139458,0.242727273,0.247018,0.206010453,0.17154444745104,0.206021119
0.607086791,0.626881468565106,0.665470208,0.663097853734181,0.635226964,0.638942976,0.664,0.635993011,0.626100152,0.634022162,0.575533878,0.545400239,0.449010654,0.22993311,0.226261762,0.226366409,0.216470118,0.205573321,0.209299764670838,0.243452517
-49.0893301086581,-43.5683712665351,-15.8708712783172,-13.2750559704352,-2.26044319230446,-1.50602355306344,-0.90557735060255,-0.0988710144211473,0.295144299439745,0.379726724,0.386975793,0.366566966,0.362968148,0.274291027,0.252747253,0.245476882,0.222315789,0.2146098,0.2105887,0.221337195
0.528610354,0.380108840268444,0.0194382017064118,0.0393274603722112,0.380206873028383,0.432148231073456,0.478509788594356,0.545972335,0.556052813220435,0.52,0.271187031918045,0.205357143,0.176918186691093,0.21752451,0.222120379,0.195191757,0.207354443,0.227420765591845,0.246805649,0.270535997
-1.88876463529577,-1.38898730515877,0.530289466,0.623860937555986,0.539398217403234,0.466678550022652,0.390041494,0.25670128,0.216968298229825,0.2190891712588,0.185907518,0.143093923,0.134226425,0.148958065,0.163286531,0.160437325,0.150875617,0.14211171792322,0.14069241572322,0.153806847
10.2748114896087,8.92072766312529,2.72753700186956,2.23368080317989,0.59755325994686,0.545487467184239,0.519224108,0.517952364,0.529112443051691,0.504527814,0.320368985,0.297683588,0.285605869,0.287819253,0.249589491,0.198435277,0.16957807,0.148720547,0.102697095,0.199306759
0.522267206,0.832603305786753,1.57435770397509,1.53040005533464,0.808472512259019,0.700613771684642,0.605185628278208,0.469770674000001,0.44980627,0.49100072,0.476206547,0.491830065,0.477438058150564,0.376893939,0.369572423,0.313602392,0.343608823,0.294362172,0.242643403419298,0.289012941
0.188684427,0.164869029,0.586294416,0.645906002895977,0.717416115,0.700544465,0.715860687,0.62476648,0.463504774,0.419097329,0.15209373,0.217287867,0.186118479,0.17928073,0.172339276,0.184730379,0.157648061,0.151577328,0.158284192295988,0.161922985
11.1351797963972,9.64875064887304,2.9062413561324,2.37603162315923,0.643182024275493,0.58808421785331,0.558547532,0.546088304,0.540677306,0.521821632,0.566548043,0.613412229,0.574514039,0.442446384097113,0.400513479,0.355884020292534,0.333510638,0.347851677,0.352727208779682,0.309537089
0.534239678,0.521276362924769,0.525754343,0.533574203982229,0.584037478886516,0.587196687015299,0.588483685,0.567708333,0.538570921,0.593009709,0.391782256,0.354370288,0.318781244478342,0.227442207,0.227575401,0.221154872550684,0.211289487,0.209406831847987,0.224065969714654,0.263108832
0.164851861,0.166992188,0.494651925255501,0.552722969440539,0.647507331,0.60202864,0.598535692,0.498024916,0.346218487,0.218626677,0.221540179,0.160493827,0.159202692,0.181191531,0.175023652,0.184723305,0.155457992,0.173482566,0.201263733542937,0.189482471
0.527695351,0.528761956247571,0.534279674,0.536190378494457,0.572963605,0.583036351,0.593083149,0.582089552,0.566896552,0.604458828,0.660126372,0.663536776,0.633903134,0.413414848331864,0.328003997,0.25120058925358,0.187878788,0.143882905,0.137809187,0.210462582
0.533301618,0.54889905503704,0.576514346,0.573210923414442,0.522879805,0.514141257024267,0.516645327,0.546447956914329,0.422699968,0.268418583,0.212585034,0.219246032,0.206441512,0.25171737,0.24186633,0.234447301,0.241271959,0.251640112,0.266836391345571,0.289299242
0.534710127,0.541390412100064,0.553728381,0.552382688086794,0.535588627479673,0.532961413124533,0.530483532,0.531720995,0.554695637329358,0.566003617,0.601237539,0.622995698,0.588901059,0.350718467,0.285058644,0.248135256,0.212065814,0.16833381,0.154074132454007,0.209087916
0.491133385,0.611622080344948,0.840729052233215,0.821650108992898,0.7448618,0.781744239,0.839075447,0.831146847,0.799347116,0.839297193,0.839419589,0.827856025,0.760830861,0.454827937083796,0.323908263,0.200974421,0.165846351,0.156780595,0.153125210951227,0.140050167
38.2946684388098,33.7312585282423,11.4334006956547,9.43327019312568,1.48085561280781,1.01614377431738,0.671087810269269,0.275702209,0.166216216,0.174024312,0.197195316807507,0.198208826595996,0.196162752,0.178032782569632,0.171815165,0.16070926,0.132438479,0.129245699,0.134823166101476,0.127678571
0.188292683,0.501198821101613,0.578613023,0.465457842,0.728318584,0.732177681,0.750720461,0.713443106,0.625524769,0.576141462,0.230979748,0.168122271,0.158356417,0.152945767,0.236939215968408,0.314215006737427,0.300800413,0.167901235,0.0808334467408227,0.153675819
0.518936544,0.440607478752822,0.564995752,0.623296159,0.553515064357253,0.533993474167383,0.528333899,0.539402174,0.514408745,0.518219929,0.254515599,0.307521139,0.239745403,0.337991266,0.33722287,0.35840324,0.443057325,0.249392056,0.239224629,0.267187107
0.502185792,0.526850841389779,0.579267512327553,0.575219201556811,0.531932560591491,0.529253806580386,0.528861452260184,0.536816125,0.562770563,0.582686811,0.600808081,0.618099548,0.577151924,0.464024707859524,0.440412653294334,0.419880889250476,0.400048484796262,0.378534509,0.353203894473179,0.322905028
0.51317176,0.574157607724704,0.720790169217859,0.7127878551899,0.583488918790174,0.56563719568834,0.55071249,0.536895674,0.546586518,0.544159544,0.551390045091553,0.536141907,0.494897959,0.258547486,0.242323835,0.232372183,0.233656174,0.219428326,0.206651259429132,0.216278006
0.535085343,0.551732370880455,0.592591281459059,0.590613216190169,0.557002920386679,0.552373032157964,0.548534786619472,0.544231553,0.544543560549289,0.544734759,0.564478764,0.577058135,0.527863777,0.36969697,0.395493934,0.313131313,0.358846041,0.214537445,0.252588924,0.203296703
0.507638367,0.525431916861718,0.526633737129583,0.513449833,0.369434008398222,0.344078242755027,0.318173045180063,0.265575803797262,0.213365183374685,0.187943262,0.1437751,0.150606709,0.1468039,0.16890352,0.151483602,0.156348374,0.157256378,0.162546489,0.190238619715011,0.257999423
-31.6147838277368,-28.2315728332222,-10.8527520576437,-9.16374501985732,-1.64999280817654,-1.08537283191841,-0.621235987907557,0.041201859322307,0.408547845413049,0.503819863,0.54287268177717,0.50331384,0.461331281,0.3773833,0.263205829,0.235014703,0.198726115,0.204373048,0.220754524599393,0.206888839
0.530227399,0.341876796211723,-0.130409251897851,-0.107960522951871,0.317372695939893,0.385484740866285,0.447693574182536,0.544080605,0.576194994127856,0.547154134,0.349227852,0.322119428,0.275781856,0.279777107,0.258612553,0.250639981,0.227628149,0.22079646,0.226589833,0.211954023
0.542600897,0.505760422829553,0.412304640627564,0.416505424896822,0.499495078694504,0.513067586238249,0.525584795,0.532663317,0.501114487740334,0.518191452,0.493791786,0.285008237,0.254866861,0.288483999,0.279804162,0.227268291524632,0.168282944,0.14881933,0.167030568,0.191724138
0.534894614,0.402536986705597,0.530942741,0.607385079,0.554980595,0.573928787,0.56667743,0.588586596,0.368096584,0.34184977,0.337283951,0.322677323,0.328556807,0.307846077,0.31430028,0.284814908,0.288584259,0.285202008,0.261398176,0.272855464
0.553772875,0.553938638520859,0.574566474,0.577506490812031,0.577491607575871,0.573511737011341,0.56827853,0.543966502,0.523738318,0.570626003,0.590669676,0.616040956,0.574102964,0.288173485,0.194067797,0.165419216510758,0.168566578,0.163040559,0.174117843323969,0.218856864
0.501294666,0.501549994675655,0.509051725922867,0.511935023568494,0.556410995617632,0.567230393093836,0.579415031,0.621179815,0.671994441,0.641830939,0.690282132,0.684675501,0.646280992,0.295622233,0.27979798,0.231167338,0.202525725,0.178529203,0.174590491,0.190016482
0.215995647,0.278442257531592,0.583948794,0.610703849494824,0.658791345,0.651794374,0.67074211,0.53327365,0.204617605,0.217367409,0.181242079,0.167813341,0.179562761,0.268464244,0.194905213,0.173489279,0.157644002,0.141689373,0.13988618225596,0.166146993
15.6119447724447,13.7257568824107,4.61329728805298,3.81088465562764,0.697426615197183,0.525239169142396,0.399939632,0.261657405,0.224600524657774,0.224386313873617,0.200389105,0.167330677,0.151482768,0.161836368,0.153331549,0.163598652,0.149271002,0.129069104890373,0.128065421190373,0.167097775
5.63944612093799,4.54921899978814,0.548857868,0.373543878,0.444638121607963,0.50841839501777,0.552610442,0.572402728,0.563470479698457,0.549718574,0.578015492,0.58873929,0.288581315,0.251015801,0.253753027,0.229353354,0.227973801,0.218729391,0.212098379862061,0.222854541
0.60245343,0.620076639239184,0.656847545,0.655599067404452,0.640424952,0.645992637,0.67194157,0.644483881,0.630895853,0.648009578,0.654335961,0.666892809,0.39243807,0.233599019,0.224397929,0.234590616,0.201823456,0.22420242,0.255835487112714,0.236931432
0.481368045,0.542801239856801,0.651901887477885,0.633516069854775,0.405564551166284,0.370697127077493,0.338222913540867,0.284412706,0.251621714,0.245714286,0.238432066,0.212491514,0.211973122,0.246597134879752,0.222326162,0.173312068,0.145014435,0.129879023,0.137839879,0.132017544
0.550077042,0.488819581338669,0.556309781,0.601084431,0.605918659919285,0.584574788458089,0.564169926232528,0.534774067,0.530671565580922,0.53709856,0.564147627,0.555974369,0.521909512,0.413639261,0.256561086,0.243655962,0.194655489,0.219789593,0.248750748233525,0.190807055
0.537950422,0.410522279358969,0.536991369,0.638124363,0.908956157859001,0.887983934988186,0.85408384691346,0.750150414640141,0.60245654001478,0.513855899,0.265866957,0.23512420128654,0.231133861316272,0.257668990931059,0.238679969,0.20620155,0.217924418140019,0.216620499,0.1676397,0.240801827
0.52073963,0.482793087620859,0.519414744,0.544241885,0.548056313248872,0.533025511043014,0.516721311,0.494129487,0.516117851,0.529810298,0.552072449,0.57209698,0.520938023,0.437731196,0.37466145,0.300425532,0.290338048,0.236778263,0.186281741074977,0.199912511
0.591701611,0.452351444197121,0.617937674,0.705544933,0.650684932,0.586841372,0.632009346,0.601950625,0.591849729,0.604863222,0.5924821,0.636660144,0.577384713,0.52433372,0.530306381280239,0.500722149457421,0.398053144,0.235333783,0.169905509,0.189491817
0.512869141,0.456227568292823,0.282751378366884,0.283361209008584,0.389925336907543,0.413295283578908,0.437085076114349,0.483768493320008,0.525664177609619,0.543469304,0.589725545,0.597611049,0.56635514,0.412878788,0.299123905,0.260224949,0.228464419,0.237376121,0.191537377,0.196488859
0.571631879,0.582654322738615,0.612600885,0.61308218226178,0.577677225,0.574443142,0.60292249,0.572422517,0.573366215,0.586628094,0.602685383,0.620740741,0.570384493,0.417110799,0.353568499,0.321075741,0.263674927,0.331997997,0.393225378986038,0.290123457
0.505221283,0.521745440600548,0.573472757,0.574153652282192,0.541448382,0.532453568807949,0.530097087,0.517699115,0.376580539,0.315949367,0.210288809,0.209685729,0.213045519,0.262058677,0.251996695,0.249341065,0.228835979,0.257402101,0.298239537229401,0.305196389
12.8028558080119,11.3944052183631,4.38060088857412,3.73016366919757,0.996836921714823,0.811379927010588,0.663441567340392,0.461806181502118,0.355301621,0.326276793,0.28194147,0.266147273,0.254303984,0.270375162,0.145056246,0.134248201159966,0.160316675,0.132183908,0.162712677,0.118367347
30.0812268765301,25.7983175669601,6.57890380968532,5.09919974834825,0.436979843904118,0.313268778,0.257299725,0.232897012,0.17445688,0.183610755,0.154583333,0.151878914,0.149396997,0.209182024,0.164606742,0.153119093,0.133681253,0.123632611,0.124745581898652,0.135892748
-0.652778674837414,-0.201894093991131,1.66315556394333,1.77336390913546,1.78048302789088,1.70053031182886,1.60739056131008,1.39095715530221,1.14999720666727,1.02619927786464,0.669755268716161,0.563763190086464,0.468102073,0.266622487,0.240456341,0.238706719,0.205086136,0.195407474,0.200443995758726,0.203989121
0.559599156,0.419335542205104,0.538923956,0.618058691,0.57362308,0.575594781,0.554140127,0.558943845,0.548142532,0.568115942,0.599567879,0.605085419,0.578908003,0.502284290518206,0.471658768122707,0.430122016059936,0.372652582,0.300270514,0.247227015,0.288262371
0.51887972,0.531123400897193,0.391304348,0.352936851301786,0.13351535751837,0.12544666067584,0.127261187,0.152444316,0.16347731,0.16197365,0.190699914666092,0.18835731,0.173292868,0.168649388557499,0.164987043,0.149249659,0.126766688,0.123329682,0.087194608,-0.0380355453049352
1.04510351558935,0.864525737197778,0.249112846,0.229449607,0.251262795037561,0.245805798655415,0.230342917,0.184520124,0.179810726,0.180825243,0.236350575,0.223857068155643,0.20598469,0.183717775,0.157103064,0.177692728,0.166565226,0.172664953,0.190861800785653,0.209051277
-139.900102185993,-123.450128691594,-42.4453469030881,-35.0820565149431,-5.19530020141763,-3.35047684272688,-1.94457166981792,-0.226502376545376,0.404934688,0.452549575,0.241099979,0.238363282,0.225997046,0.247346562,0.241983968,0.22265727,0.214127055,0.212066637,0.148207813,0.218951242
0.164720497,0.404879958094764,0.629036563,0.568569623,0.748578924,0.740320856,0.756864586,0.715778995,0.607687959,0.549051491,0.20200613,0.175268817,0.138318994,0.154334038,0.180140038,0.269660545114343,0.294294294,0.155300311,0.051602855563141,0.144918033
30.2097213926644,25.9902939184155,6.94615846688812,5.4650971125577,0.749122108459208,0.623454762047203,0.56997144,0.593121112,0.618524871,0.578049685,0.67695621,0.586174242,0.583401139,0.436756456723017,0.361344538,0.300187925825719,0.250941974,0.210514073,0.188675992558157,0.193591455
0.541323412,0.531493702667896,0.554024428,0.564743627962701,0.587399532889707,0.571730952291569,0.548480463,0.508081518,0.512774379,0.451739788,0.282129609,0.250303472,0.258874459,0.27059387,0.283316881,0.261111111,0.271953405,0.260755883,0.256177261712643,0.295692383
0.528773585,0.366503837284912,0.416863672,0.512159175,0.533874924751299,0.495193818383597,0.460800936735274,0.424525266,0.445034335333381,0.459904913,0.446018256,0.417948594225072,0.383487408,0.276691729,0.233507853,0.179992955,0.177360121,0.182902584,0.204171294388778,0.254545455
0.474829244,0.171204946923721,-0.764035304365877,-0.765810025509682,-0.300936911835653,-0.204528818922324,-0.110168193446214,0.0596814825771427,0.183153771,0.215535339,0.171012735,0.169836957,0.152282769,0.158994885,0.155565489,0.148264997510717,0.140075811621951,0.132392838,0.126687305158444,0.124735729
0.522045395,0.512220593362951,0.536015275104887,0.549082007,0.649383810629467,0.657827889510688,0.663001427097434,0.661137740064428,0.638994472884317,0.61881853528718,0.514676091498237,0.463424451300191,0.402904424,0.25354262,0.258145363,0.238228438,0.217675941,0.214192425,0.216557920618123,0.212095933
5.42172645805567,4.2757876640433,0.561787905,0.472498343,0.686425608,0.662751678,0.73309921,0.698582586,0.719631388,0.702479339,0.662386303,0.633381924,0.478787879,0.37942273640554,0.31377899,0.1875,0.175238095,0.166712899,0.171539544947638,0.213959556
0.514713751,0.524018382934612,0.549673203,0.549292404332389,0.542281099068119,0.543039507596306,0.544833132,0.547945205,0.540380806451074,0.538461538,0.558685446,0.556313993,0.498776394284547,0.242671369,0.233031674,0.235971576,0.216433715,0.215860994,0.222274011006536,0.218590171
0.55049401483367,0.543688709350302,0.497166381364034,0.489763055,0.421945868957673,0.409056318315431,0.395137287837023,0.363905274659363,0.327638804,0.306021446,0.230732861,0.2271035,0.225220922,0.222832577,0.233478051,0.219960278,0.20479899,0.202482188,0.205519800653357,0.205315615
0.177290837,0.209701127,0.564797424,0.597388466,0.715617716,0.717601547,0.720455209,0.69837037,0.616755793,0.573109244,0.401610468,0.339150669,0.285121825,0.210756723,0.190794755,0.1703865,0.169949611,0.129684211,0.0975268198028898,0.130601793
0.195859873,-0.0109595150322265,0.579005221,0.765403624,0.755566551,0.786746388,0.735662025,0.714213582,0.597932535,0.561230093,0.263219059,0.260896255,0.1684935,0.213410058,0.165,0.200129116,0.168874172,0.133510638,0.074798619,0.154649428
2.5236186216625,2.11796856369488,0.486676997709611,0.392815215,0.320042235100628,0.359683201728982,0.40347631098333,0.492376112,0.53990584943806,0.504367519,0.367789834,0.470106986,0.413893754,0.436210404,0.311239193,0.275132694318438,0.318058635,0.367686527,0.37488106168625,0.287607533
0.525407245,0.537362687225239,0.590746351,0.594040164,0.570929864,0.544256121,0.579837618,0.565245688,0.548648649,0.343669251,0.258566978,0.27480916,0.245422943,0.303387704,0.311833418,0.284603421,0.27718092,0.307347035,0.341860483590491,0.344919141
0.255937954,0.548040342735804,0.521245711,0.399804878,0.663928655,0.68359739,0.700429401,0.662351113,0.590226671,0.578860446,0.29810901,0.275873118,0.258832012,0.172275641,0.238382619,0.264389043,0.351390568,0.182896799,0.019660204544351,0.172154696
0.585831063,0.41275130599673,0.5836586,0.684871919,0.616413916,0.613968598,0.628119294,0.633928571,0.648324623,0.650998825,0.707455891,0.701333333,0.49907822,0.274679113,0.299676697,0.256448413,0.269239349,0.213188799,0.129259931,0.2
0.184536082,0.182869801,0.366351754997629,0.406127422514468,0.612002069,0.628437987,0.673675357,0.663950548,0.625929862,0.611416601,0.466359683,0.340152083232182,0.226448474,0.187022901,0.182235095,0.169113649,0.136316766,0.134277134,0.145118910967374,0.144853875
5.42172645805567,4.2757876640433,0.561787905,0.472498343,0.686425608,0.662751678,0.73309921,0.698582586,0.719631388,0.702479339,0.662386303,0.633381924,0.478787879,0.37942273640554,0.31377899,0.1875,0.175238095,0.166712899,0.171539544947638,0.213959556
0.526078899,0.370378743089377,-0.0992406639496022,-0.0973281693114638,0.170274804612404,0.225209614691166,0.279418206262715,0.379119837939915,0.456305907755487,0.482370047,0.510580993,0.492307692,0.415516108,0.371633752,0.255334115,0.244109331,0.215122252,0.210456358,0.218192044879463,0.217738359
0.50757764,0.493036463602917,0.536100057,0.539726027,0.313112164,0.308051342,0.293061639147251,0.25016372,0.232917409,0.220710256,0.176034237,0.18027918,0.168350168,0.213822894,0.171000788,0.169744498,0.145111793,0.131927842,0.129019433823146,0.129940936
0.498017839,0.446629487869548,0.272823498,0.266477046428383,0.26559621,0.262820513,0.248792400139063,0.193786982,0.168476747,0.206251915,0.168158267,0.219314079,0.164027149,0.177033493,0.162314939,0.159365762,0.1439479,0.148867314,0.157312441822897,0.147480351
-11.0028291903524,-9.73520896238091,-3.33544657646405,-2.73189766788581,-0.184210027016447,-0.0171825833442152,0.111279276358402,0.266728109760248,0.310580205,0.299546142,0.20196106986001,0.177165797867149,0.171308017,0.250786811378694,0.26447711103027,0.247207969,0.208344622,0.21930745,0.244675468091106,0.240441365
0.191727222,0.211263611395907,0.66134843,0.726077429,0.74394069,0.797875395,0.742145179,0.742042624,0.666572478,0.643397813,0.371991749,0.241067175,0.132542819,0.173639595,0.199863341,0.201456311,0.162903226,0.117143556,0.167835942,0.124612819
0.183106267,0.171032357,0.670489118,0.729781368622066,0.69736211,0.657932349,0.65819989,0.501043219,0.212882096,0.22879315,0.172173913,0.160708922,0.169774289,0.247919144,0.193023256,0.180309735,0.148863878,0.148275074,0.159666755275106,0.156347439
0.593121929,0.466521215910029,0.635905194,0.71637986,0.639618138,0.624726477,0.640577965,0.62830246,0.61734213,0.606939874,0.26133489,0.250629723,0.253541367,0.278114792,0.277749874,0.273907615,0.284033613,0.266634981,0.254157465610316,0.285428142
-1.23041938510328,-0.897070505991439,0.214451135,0.246991979,0.173871581985823,0.172723194,0.182005293,0.1873165,0.189156627,0.191262952,0.25443787,0.212881783766534,0.166313238,0.174311927,0.165380375,0.17511647,0.162642187,0.196007645,0.234450443814696,0.227047146
0.167612788,0.227104704574032,0.616524217,0.657381534977926,0.686674009,0.645733596,0.615312792,0.544209215,0.444059728738786,0.388213283,0.222368178983237,0.17007274,0.128767123,0.2,0.211385199,0.151962231,0.120517098,0.124661247,0.141949916671288,0.150261324
0.213592233,0.243513011474214,0.399954442836959,0.418446374,0.553912508,0.5785777,0.610486891,0.624809973,0.628706999,0.615681616,0.529235983040827,0.48844127203254,0.442915483538235,0.285503688288795,0.228605625,0.177316736,0.149754326,0.121790652,0.103504328418486,0.108230719
0.177616927,0.181505945,0.51922321131182,0.581378831832114,0.757782101,0.735361918,0.761430396,0.707236842,0.585284281,0.523109887,0.312077242916341,0.253358318837493,0.212136409,0.185622016,0.180716098,0.17335563,0.159238425,0.153784861,0.159419191542832,0.177239709
0.503675539,0.523648060790687,0.523421589,0.509602432105391,0.341730196,0.318275154,0.330263966,0.291689905,0.262355545,0.260340633,0.168113654,0.15954416,0.155865024,0.204981488,0.173415247,0.168993021,0.144483363,0.129850423,0.124407551705586,0.123228854
7.53247525285924,6.69903570812413,2.61909716441849,2.25195247298056,0.784844393555172,0.69792783861442,0.632956984710815,0.557223210215047,0.534384730467868,0.535532995,0.554360296819279,0.556072592,0.550527783214182,0.45426426135842,0.383344804,0.293272684,0.21057047,0.161221591,0.170843866640871,0.265420725922613
0.536154776,0.408720976735407,0.571390588,0.653432032,0.622405272,0.594520548,0.616671929,0.610613811,0.61585171,0.620299603,0.656626506,0.624918033,0.608338598,0.567379270590694,0.469933185,0.34609969,0.353430353,0.322563274,0.271628806,0.186685962
0.488718076,1.07867910515191,1.97280248238737,1.80109733208214,0.402342512999999,0.342541436,0.357736081,0.334265734,0.257129164,0.258195741,0.209799087798708,0.229895932,0.279300755,0.272904483,0.305975049,0.251559252,0.141710559,0.125263404,0.125514968,0.124371285
-42.9467655625393,-35.895214870417,-6.3804353605251,-4.41826622196397,0.314788533,0.285846438,0.233364574,0.251423434,0.367231045763295,0.46910299,0.83223604,0.847251963,0.799239884,0.696969697,0.646838156,0.509454349,0.429923598978309,0.361858191,0.244142455,0.203413284
0.537091988,0.535653010409639,0.546675192,0.549877621483299,0.559416517049679,0.556367916316748,0.551573598063207,0.535890619,0.515062472601463,0.508797127,0.540850277,0.547434478,0.455136541,0.276804485,0.274158912,0.234073944815008,0.176008969,0.143168209,0.177869986,0.32256084402526
0.195058891,0.246469559733068,0.692232535,0.741912799,0.749203591,0.796334012,0.736523652,0.74786081,0.659660236,0.633122484,0.347238682,0.213439691,0.130008177,0.19427288,0.165701881,0.199143469,0.138545953,0.127808288,0.14166692826046,0.135796428
-5.08823591939154,-4.19523457469842,-0.49103949780952,-0.25113224696296,0.273324213,0.25782881,0.243720673,0.244521912,0.161330049,0.165247872,0.1366765,0.145252774,0.133474079,0.203099774,0.152570481,0.152759264,0.128640777,0.123836503,0.195398033,0.123492723
0.0999607573274723,0.189507689228438,0.545674531,0.565625863,0.572647957838185,0.561117229621922,0.548051948,0.524324324,0.518107908,0.515718563,0.510907811,0.501957406193044,0.485098743,0.35315568,0.286032276,0.261261261,0.234335552,0.315762274,0.394495549991068,0.340431057
2.51142936903069,2.04586504091276,0.585590466,0.561557178,0.697988592,0.688625975,0.745495495,0.697700505,0.693678641,0.688264377,0.620129032,0.610974323,0.47777482,0.394042978352509,0.323361823,0.192076831,0.181586861,0.178484108,0.185893512899829,0.221529373
0.538738739,-0.740870749986304,-5.58123520082734,-5.78173895669025,-4.88186677503412,-4.52140865473553,-4.12726228985937,-3.27028881743451,-2.37571433987977,-1.93456671859127,-0.732834297861603,-0.399813631213744,-0.114064697638635,0.378591726999987,0.382254837,0.297413793,0.30035879,0.290393013,0.274479597996978,0.27325024
0.522553416,0.185446371277427,-0.684065157541055,-0.646838513282149,0.143613125813209,0.280781271923161,0.411148905106887,0.634333121,0.772188494,0.80044843,0.906073606,0.897333333,0.861889251,0.685432971,0.661503802,0.557014888968632,0.393553087821179,0.2318277,0.135526588,0.178762578
0.202340322,0.180407371,0.549852641836794,0.60637183,0.666373498,0.669064748,0.728077692,0.749583565,0.696777602,0.722852512,0.575384615,0.474033149,0.456772674,0.236554022,0.321538462,0.211350872,0.168316832,0.153170268,0.140327042852078,0.114042319
0.253384913,0.113627509456371,0.231836196,0.339574341299634,0.740595171,0.702636719,0.802756012,0.792537708,0.763494853,0.809966434,0.756564551,0.773677737,0.690432663,0.465001146761942,0.365676568,0.255237533,0.221525601,0.168085624,0.184108967,0.159752868
0.255407654,0.997168683207985,2.28996704411158,2.11720084658824,0.734620887,0.720998532,0.802061856,0.831106056,0.842721695,0.831,0.85308613,0.863788229,0.799442897,0.569083856,0.460076938117707,0.344594941030898,0.245809569928639,0.18689253,0.174174174,0.15641805
0.17963598,0.135610724742121,0.165228113,0.207849583886074,0.64175339,0.714951909,0.790123457,0.801070724,0.837247406,0.837244898,0.857207207,0.887536514,0.843063106,0.60937059,0.46167151642288,0.309304376568433,0.203652042,0.173210162,0.165960407469751,0.15113687
0.287024902,0.24838228,0.261216026823955,0.293596025600757,0.617866005,0.676841221,0.750303767,0.730921425,0.803022126,0.83337312,0.852324521,0.879201681,0.810444874,0.601516919,0.480732917491764,0.346028278517106,0.234823043,0.173197871,0.147343100607179,0.153978495
-4.10989760362103,-3.48864590855581,-0.708566611873677,-0.495382231958283,0.177276342675088,0.196407831440658,0.206330598,0.211925866,0.235130347,0.278473008927631,0.44137416,0.470737913,0.503078983,0.392962844508319,0.333692432,0.287729571,0.241113878,0.180241493,0.118859649,0.168720954
0.255678266,0.236514523,0.135088724,0.168174074982908,0.600123419,0.658036984,0.754069767,0.785066667,0.839303992,0.864206642,0.847442681,0.857426726,0.821782178,0.574873474,0.425820042,0.270077165,0.19484559,0.160134378,0.15006413,0.132014534
0.261833981,0.236133122,0.145800672,0.16709962632331,0.494361128549342,0.542324731849818,0.584531143,0.671957672,0.798259924,0.818881478,0.892445025,0.882381297,0.867195243,0.589025102,0.535560701,0.38903775274212,0.241752299,0.202,0.191070457869951,0.153629032
0.303245218,1.41230654782325,3.27141312358967,2.99419828256943,0.761937715999995,0.714527982,0.808504484,0.832586786,0.839805825,0.850476423,0.857805255,0.871125214,0.811559009,0.604536202,0.522548092,0.383991860592326,0.244283670915395,0.186206897,0.22673031,0.152471571
0.447710185,0.260696956,0.140490798,0.195864819310163,0.653729533,0.728963685,0.778091474,0.784964069,0.844631371,0.849831,0.858067499,0.874786845,0.851506984,0.556105611,0.432760798383984,0.320638459150586,0.232551568,0.176525602,0.152483045,0.197537473
-0.807037143644076,-0.601396990879347,0.247519442,0.306543698,0.499932501752877,0.509571850447117,0.518036049374995,0.535868006,0.606660383,0.696218621,0.742219774,0.806702573,0.736386484,0.590528444,0.450665017,0.316726812455116,0.231567449,0.206659013,0.200057115768402,0.176494428
0.235162874,0.21512792,0.187518934,0.241853316357661,0.784147412,0.823754789,0.855648536,0.856921488,0.876506765,0.884717314,0.890330682,0.899828976,0.871106852,0.622240849,0.544103699,0.416591775248945,0.275403700029367,0.185163721,0.177625961,0.169499106
0.154467441,0.164260826,0.165586329,0.222805344,0.778507463,0.796548117,0.862411719,0.850148368,0.891072191,0.878570002,0.880625118,0.889782403,0.837813212,0.60855975,0.536160824,0.325215627,0.1942194,0.187627812,0.212031069,0.160389898
0.306064209,0.25906857,0.196155002,0.227625453,0.675759454,0.699971695,0.799252229,0.791948122,0.830804834,0.844051826,0.873191995,0.880291184,0.83541714,0.601566872,0.54181601,0.361857637850701,0.194444444,0.178128797,0.195879173335574,0.162612036
0.24170173,0.220930233,0.0902444919221161,0.0923134589004799,0.470310952318206,0.594956659,0.717806041,0.741300066,0.770511296,0.836206897,0.871574422,0.895592373,0.824074074,0.593101246,0.485192883102994,0.365315490228956,0.25391074874044,0.17142034,0.137237495468495,0.166561647
0.430630631,0.286403086,0.248036761146967,0.323691349914208,0.747931605,0.762728621,0.838692098,0.822876323,0.849304678,0.865503787,0.879925727,0.906485671,0.831384892,0.645811241,0.537651069,0.359172701638589,0.214096449,0.19068846,0.198454693211431,0.169246131
0.184949914,0.154813988609127,0.141364296,0.171264019,0.626485569,0.671000907,0.670011806,0.702422145,0.701366982,0.791547835,0.803145611,0.787779434,0.744416873,0.47510014924195,0.373246161165192,0.282500659183185,0.213153259,0.181262729,0.19391635,0.142187782
0.368781258,0.286387132962535,0.166438832633018,0.197858099,0.538416896175662,0.582549594025081,0.620097245,0.692401587,0.8054371,0.843361512,0.919883163,0.901622457,0.856612022,0.655358104,0.646008119,0.513820700740837,0.323797139,0.185278548,0.12148788528914,0.166412878
0.285532672,0.244592346,0.13785822,0.168379886728741,0.598862919,0.668109668,0.746298984,0.798921833,0.853695707,0.87238236,0.883706338,0.876770538,0.851442308,0.606942889,0.504111322,0.35851261825103,0.240659341,0.196749569,0.126466754,0.154179298
0.521119961,0.446955833397046,0.300665457,0.318797224338802,0.533133996293622,0.559121032,0.585454545,0.653504744,0.679592414,0.798647242,0.888268156,0.888216116,0.868566176,0.670753065,0.637008734,0.470943753930885,0.265404794198531,0.187614799,0.28146275,0.15916876
0.223736969,0.181837204,0.113676732,0.130872840991361,0.480320626440871,0.572637995,0.666223404,0.726019001,0.73247336,0.801969058,0.845606351,0.868041237,0.825092884,0.515565325146467,0.401685488540368,0.302628866260756,0.230500582,0.190413484,0.164201789189293,0.145469321
0.373551106,0.0989709211214986,-0.305998990773108,-0.216514785242646,0.631680618,0.715869312,0.773369402,0.798422436,0.838350056,0.83835032,0.833943275,0.860869565,0.815117198,0.536945813,0.425962497354915,0.323373857851669,0.245614035,0.202130642,0.177793687051749,0.163960668
0.509709962,0.378955596304155,0.147690306,0.18351647318339,0.570266430554728,0.614702424587555,0.648875462,0.684054535,0.718835805,0.767491354,0.842130751,0.844328704,0.783158461,0.439380663994944,0.335584982341331,0.266499057,0.233409611,0.184142623,0.121507472,0.152490084
0.382461701,0.185258324660501,-0.247261502827587,-0.207423987665205,0.38861876332351,0.485290409405956,0.576395534,0.734756954,0.837886252,0.845462329,0.888586387,0.892736267,0.834283209,0.631179702,0.546337621,0.416024181730626,0.292116755,0.228284805,0.202831936320081,0.203482486
0.26129666,0.229065131,0.252213817760575,0.282625442750677,0.587311393259749,0.635559058764371,0.68288854,0.741697417,0.746096009,0.832218845,0.890443443,0.906432749,0.825749741,0.560236998,0.431251852359755,0.302821428443627,0.217343578,0.197097242,0.193585907430472,0.176994907
0.495375128,0.22451283147003,-0.473147135959626,-0.442246707884995,0.21399734537606,0.329964769043436,0.441329148713758,0.636705293000001,0.767810026,0.802400223,0.895699148,0.876260928,0.855840208,0.582580115,0.608508347,0.488598360875004,0.311777077,0.204209471,0.107910272,0.14900509
-2.92505605160065,-2.2614346387922,0.20921659,0.337295669075035,0.66075319,0.717211949,0.797507788,0.797842135,0.867142465,0.861863354,0.877165354,0.891134465,0.831455399,0.637864612,0.57891548,0.460575778804066,0.309102357761129,0.175240249,0.10855716816969,0.153911565
0.242223855,0.224224946,0.176366843,0.207658698020209,0.631399317,0.702935073,0.793588301,0.825833774,0.866465863,0.865252927,0.857545272,0.885614495,0.852650494,0.613733906,0.461700652287378,0.310001166497415,0.212432697,0.196712892,0.198815091978902,0.178929409
0.371544952,0.448617401811911,0.689909434450429,0.697644857407086,0.749767153,0.773767843,0.805744744,0.840559441,0.851909995,0.869839048,0.881866997,0.877468582,0.842435959,0.572576595,0.493850779,0.303246239,0.226686884,0.181957187,0.203602749,0.125069278
22.6773017182314,19.7413571263271,5.90983550874381,4.74667081553864,0.576017127249587,0.400320515143595,0.292840176,0.233446328,0.284615385,0.32098476,0.700657895,0.755176614,0.704894434,0.647499331,0.605008537,0.521534646035212,0.413967065695041,0.305655836,0.21964038964218,0.17771773
1.74130341695624,1.39798909055689,0.21307578,0.179158935840235,0.437917140160418,0.507080389440235,0.574621959,0.675295622,0.725248189,0.803224925,0.876156584,0.882934058,0.865771812,0.572352941,0.555912253,0.424445971500612,0.260568793,0.189632372,0.182470909,0.162162162
0.483140537,0.672182906960308,0.42217595,0.295918367,0.237140084,0.231399748,0.30335023031356,0.52710738,0.602378298,0.657903278,0.763488957,0.818129496,0.7696,0.574689396,0.454437458766017,0.326805057950293,0.235744681,0.205665722,0.192227764457038,0.16923755
0.178121284,0.196832052,0.242397017937951,0.279646452,0.649478013,0.668938103,0.771770063,0.787086446,0.816958924,0.820319849,0.833063584,0.820793007,0.747292419,0.515415939,0.366421569,0.239845835,0.170122631,0.157403083,0.162600237756738,0.144222415
0.185921959,0.124682170457072,0.179916318,0.234109180896184,0.546252532,0.570262391,0.680526473,0.757442117,0.757398027,0.778129117,0.841589014,0.840803709,0.786835443,0.568208092,0.462068093069311,0.34746400995661,0.241882708,0.17328437,0.172457359,0.132216015
0.28772298,0.357952554661339,0.65728692837531,0.68067898356292,0.803304485,0.823878471,0.847130647,0.863561515,0.869239501,0.871359732,0.853770342,0.848042978,0.761120264,0.489415965,0.335853446,0.236074271,0.160738406,0.163333333,0.203623636,0.155555556
0.242050616,0.128161123852343,0.166859122,0.245798917940086,0.627432217,0.625559869,0.710108865,0.692214846,0.738534842,0.76582085,0.847671233,0.841221374,0.786148942,0.404235122742262,0.279063189031829,0.194085895,0.160400445,0.140922001,0.112453145,0.132625442
0.234110654,0.715101264036707,1.57815203364159,1.47445445842476,0.684553809999999,0.6996337,0.778529163,0.786595174,0.721506442,0.823816496,0.799647621,0.797588601,0.682719547,0.30440006957484,0.251170816,0.231755424,0.178178801,0.19954597,0.221862142340456,0.154639175
0.491834003,0.51189888926768,0.481115333151254,0.471302829959553,0.586934331,0.652641003,0.734902447,0.766763848,0.778080698,0.832519908,0.843663275,0.86756393,0.814579629,0.603613778,0.532365396,0.422133224955833,0.29332252,0.2,0.206679035,0.171117283
0.220496174,0.216674301,0.119388882137982,0.156962025,0.605531775,0.618800461,0.750379593,0.794029033,0.770200148,0.845794393,0.850718591,0.882428115,0.814824314,0.566048667,0.38573508,0.248505551,0.178683386,0.165388303,0.173840839550842,0.167677748
0.290959156,0.189676606712564,0.245922193732171,0.320239112,0.676327116,0.669715182,0.75422515,0.757993385,0.701500395,0.791871602,0.723907598,0.752285952,0.60762565,0.281304182294009,0.234339905,0.19604056,0.156582915,0.159786951,0.170306304766303,0.146228403
0.359561147740649,0.26590106,0.202395965,0.253345639,0.740686418,0.792171996,0.815673289,0.825191444,0.824023727,0.873877917,0.877862595,0.873023479,0.851151515,0.578887304,0.432910664962741,0.298109028415899,0.214033317,0.198608137,0.193679803235717,0.16117621
0.317244224,0.243472723,0.249389055389612,0.302119713574408,0.769585253,0.819578828,0.834188034,0.849683544,0.803490318,0.850711989,0.840447866,0.846468782,0.781025777,0.465327547509844,0.322372284,0.187951207,0.164311327,0.146139119,0.133998021692024,0.14015444
0.199908613,0.173689139,0.141147675,0.169734609708886,0.529484029,0.587465774,0.64556962,0.659025033,0.677794638,0.769610532,0.69261477,0.74475424,0.657112527,0.351996888373201,0.288639551,0.240405117,0.189414359,0.175097276,0.17091111085199,0.144527681
0.236697248,0.174432788,0.135718692,0.17986396390734,0.683453237,0.761478487,0.81299435,0.812533766,0.824438903,0.867790361,0.874749276,0.882880638,0.859878788,0.596922166,0.459006851309061,0.325065874067562,0.224828375,0.176305446,0.156285757181152,0.152439024
0.190526876,0.188871075576525,0.157336476,0.167304348,0.561891392814384,0.610853739,0.652309613,0.737293325,0.709481009,0.784813673,0.820648078,0.817406143,0.776387378,0.518451301,0.371794872,0.258900598,0.196721311,0.151695692,0.126138240750379,0.125536281
0.287853577,-0.193544565059316,-0.843336003558966,-0.682813742743246,0.636708861000002,0.712787649,0.727641178,0.776834748,0.731607956,0.769764838,0.737070064,0.718860244,0.599687663,0.574372001,0.342904473,0.300304456,0.184911243,0.204070981,0.244687475620064,0.158699809
-0.85966928443102,0.249888839,2.60960294060857,2.43790050600857,0.750288351000001,0.714431673,0.794425087,0.799948307,0.802192067,0.795834405,0.808212058,0.799943646,0.737145855,0.389370267237776,0.288739826263509,0.228963938,0.206349206,0.156492786,0.120089311591076,0.146273756
-0.520625269804175,-0.39568754670956,0.322280666287145,0.401416248334447,0.778974034,0.806651635,0.826207662,0.840601504,0.861098502,0.859123435,0.879497182,0.872646184,0.821355236,0.562653563,0.43977499240576,0.316365940745454,0.215780998,0.168089778,0.191663086,0.165062916
0.172900863,0.0731598478097894,0.141582221290182,0.22139957,0.74904943,0.784862932,0.853497448,0.868957484,0.870059289,0.87548997,0.880008571,0.854945055,0.833729216,0.549652119,0.404562375556503,0.274843120737253,0.196686264,0.184927846,0.179277011783734,0.139273356
0.26893617,0.238476954,0.167714885,0.129322871,0.450406211301006,0.522938294255313,0.585247493,0.675527039,0.756360078,0.792342025,0.834196891,0.828480678,0.821082919,0.516388729,0.412844256190819,0.326090612206742,0.245084464,0.181006112,0.185703936,0.149989422
0.226396441,0.244157628499258,0.301133297,0.30075619545606,0.277711308427797,0.276459098395576,0.276955603,0.263447586,0.242798354,0.316254818,0.351740139,0.33982064234381,0.338299512,0.30219471,0.223620523,0.200816535,0.171578707,0.145065136,0.105817452,0.138135074
0.386770762320171,0.275673209,0.212651413,0.2725965,0.783347738,0.825312935,0.855119826,0.844977053,0.832144555,0.882713348,0.883701542,0.863291139,0.859318347,0.575599884,0.427943442406771,0.295459716147765,0.209889532,0.186422119,0.182020549847183,0.169017238
0.212304589,0.182209469,0.157526254,0.181943343439858,0.544580709,0.624292008,0.705024311,0.739130435,0.790788013,0.833285592,0.860398177,0.856521739,0.83501006,0.552213394,0.421273033874084,0.303268311752112,0.222028986,0.189246178,0.173909018316819,0.156278229
0.165432099,0.159498648,0.183290708,0.322765302,0.56742671,0.582833133,0.665843113,0.692084662,0.820519549,0.812810328,0.848309975,0.869957537,0.808908046,0.594791667,0.51417004,0.304466977,0.175418994,0.194211729,0.231704082316556,0.149289617
0.387231816,0.264292879,0.134932723019441,0.200365965,0.702287866,0.72934322,0.829523003,0.81682243,0.850254422,0.867157075,0.876431195,0.889933628,0.824406945,0.559259259,0.41431369686732,0.269206358688674,0.172774869,0.150895141,0.148667067647453,0.132512131
0.279698894,0.233769322,0.198490449390604,0.22839137081684,0.61237911,0.697796432,0.8125,0.832230908,0.827911857,0.871700106,0.88590455,0.92956593,0.856870229,0.623337364,0.52260274,0.398746231396587,0.274445453793487,0.17752809,0.135574223440543,0.17517354
-87.2320669885796,-73.4686816825114,-14.5115808186534,-10.3813782756193,0.719211823,0.809308339,0.800822562,0.837671425,0.848646147,0.859477818,0.887742468,0.894567958,0.83148335,0.562217924,0.444601432948054,0.327292678044233,0.232177779368295,0.181142857,0.177255871,0.159260889
0.186237846,0.266374746347115,0.602343259131429,0.626737531,0.6835,0.687322611,0.73081761,0.714727085,0.658227848,0.655857741,0.495934959,0.392593181549555,0.293030623,0.165471185,0.171893542858477,0.178806677205414,0.162521979,0.116925214,0.0977262878795941,0.144316044
0.544046467,0.364185473728322,0.0899864385767877,0.147492596111893,0.713301536999999,0.775,0.820706456,0.796985398,0.77823882,0.823490957,0.809546093,0.829748002,0.714929577,0.443917371006765,0.342991914,0.229753016,0.199168207,0.16874711,0.148215236968704,0.157532775
0.165370658,0.112866593814926,0.120936281,0.163617624,0.574040875,0.588803089,0.729200653,0.758408891,0.759708105,0.802727716,0.831990232,0.852822581,0.753357084,0.419525725952859,0.319961178,0.229244778,0.177698893,0.157800224,0.150578140170576,0.137083333
0.533420708,0.554944508515709,0.378347578,0.330730514736782,0.159592741467624,0.187748092409646,0.236413043,0.395860459561001,0.611443779,0.721487857,0.861975643,0.86832655,0.83636805,0.641135512,0.604537094,0.498195677792573,0.349818804755544,0.223633678,0.158490566,0.104420466
0.232893911,1.2144875703107,2.87525975761978,2.63587969301083,0.747037914999996,0.726817043,0.834290402,0.84496124,0.827148671,0.864712514,0.865895458,0.8718623,0.814520139,0.534772182,0.411144447243264,0.290267468827828,0.195617317,0.149871405,0.153711023,0.135573123
0.450897571,0.282608696,0.153753716398051,0.225568234963947,0.662507427,0.685994175,0.783139535,0.801801802,0.835040984,0.83778759,0.858608894,0.876065947,0.788187373,0.53680203,0.36853043599986,0.22088802,0.166949153,0.15352144,0.151598698379315,0.13608723
0.332637621,0.18751524,0.166130847891823,0.211155378,0.368206403736536,0.399450543696277,0.441189487038461,0.567208762,0.738075078,0.807897545,0.930241776,0.911037891,0.863289103,0.709598433,0.655172414,0.534571543424618,0.373831749729425,0.224521876,0.136983221349326,0.156646909
0.545035203,0.373058272684833,0.208096142,0.280359957322268,0.741875,0.758530184,0.829501421,0.844988864,0.861620343,0.858334951,0.878879637,0.879562044,0.828767123,0.585855728,0.434430905756668,0.281998734917693,0.183363971,0.16355248,0.150580621,0.126688858
0.175886877,0.171449595,0.239126164885979,0.281830539,0.637941006,0.658198614,0.738101788,0.74939759,0.714936709,0.795570698,0.638764325,0.684678523,0.577614138,0.322706133196611,0.250478011,0.17469409,0.157743786,0.126812428,0.000647135828986123,-0.293566761513042
0.271915394,0.219316843,0.181847441,0.238345158873251,0.76703421,0.815995818,0.867816092,0.843037975,0.866695709,0.862802335,0.90106296,0.874270557,0.851796778,0.551148883,0.401281858857746,0.269922461376967,0.194416244,0.190401669,0.197154752929968,0.174108097
0.548006605,0.68726798446272,0.912663531158711,0.875520023711652,0.57017205728625,0.557792433000001,0.568021498,0.654562678,0.68213866,0.789274106,0.888252805,0.888361045,0.865732369,0.672626542,0.636463181,0.486488564437622,0.294719415542573,0.195287958,0.236817237,0.168648173
0.192115768,0.152181204711077,0.18384569,0.223618728861767,0.652317881,0.724781692,0.783239562,0.82881222,0.827127059,0.831453218,0.860278599,0.862650602,0.799301048,0.573555688,0.444924197957304,0.310320061204098,0.211384217,0.172429907,0.156814008071379,0.143983402
1.28747099655745,1.00552915787801,0.178582294,0.18346517,0.647131783,0.733936652,0.775836095,0.764289923,0.808797654,0.834867664,0.885641677,0.894248609,0.821536906,0.60523322,0.523026316,0.363645155710767,0.226425439,0.193722413,0.156122449,0.148962916
16.3471685788973,14.0958444268138,3.78252107576513,2.96088271757754,0.297784271,0.23223866305115,0.213842638,0.270380862,0.373168296939146,0.434402332,0.700934579,0.801248699,0.758079848,0.632576769,0.55473781,0.427805230833315,0.309556221,0.252336449,0.223328988365589,0.200362237
11.6519001321143,9.93774675292283,2.2151443333894,1.62483158602843,-0.0603745354916343,-0.0495575438221175,-0.000352444423790566,0.180552646759294,0.417001876457621,0.535637149,0.795177305,0.82052858,0.801686537,0.655132971,0.589876703,0.517823079776709,0.439501368242842,0.35566500942062,0.267067444332265,0.174462114
0.517774343,0.320417279319451,-0.175294867731997,-0.149694141666147,0.352978054973868,0.440873660919451,0.525259516,0.673947452,0.778569471,0.811036339,0.908670034,0.903979239,0.878697595,0.661163322,0.625578231,0.492961707983561,0.323838081,0.210126582,0.151365519384976,0.158640817
0.332298137,0.172196124873819,0.105654793942447,0.192473782,0.740848344,0.763612903,0.845172031,0.830617152,0.860381247,0.887742864,0.921702128,0.935826175,0.866211604,0.630237826,0.474697024597004,0.310118085635333,0.19803516,0.172308475,0.169445348221543,0.151650312
71.9567180592588,60.5944178331695,12.3854588019509,9.08178380840623,0.632778805,0.630465444,0.693947946,0.720971564,0.73986585,0.731776765,0.757696693,0.732790989,0.756354075,0.536426846133163,0.420122151803015,0.327483504540901,0.285609218,0.299744246,0.302379499685106,0.262790117
0.242571128,1.29004871363354,3.04639621721358,2.78635369922265,0.721661721000003,0.690312738,0.794563662,0.797275204,0.782122905,0.832870487,0.859083583,0.868098926,0.811088296,0.484936269,0.350708246858622,0.252991453,0.214822493,0.164367547,0.11167002,0.151119033
0.207736142,0.198879552,0.146467547,0.15824047170152,0.51944793,0.616282739,0.70507201,0.777901166,0.811638233,0.862660944,0.862456747,0.87394958,0.841785974,0.565576186,0.446080434087858,0.331503845841462,0.235463443,0.175514108,0.164085189,0.138211382
0.211407316,0.207161125,0.167076167,0.218980410365157,0.764142472,0.803340517,0.849863014,0.860366339,0.861007694,0.888813559,0.891304348,0.90835851,0.865924492,0.605744861,0.523901809,0.402545728643411,0.270757749266047,0.180482069,0.161887559,0.168929446
0.523615011,0.439076021161767,0.27106817,0.27817514,0.211250382,0.192064923,0.226478701,0.390393415079886,0.586981232118886,0.667117576898504,0.688928465,0.641538943,0.737974684,0.576797869,0.515189873,0.395211395974811,0.280022447,0.243447717,0.221380673254814,0.166956186
9.27674916845979,7.86990519534687,2.01622885050405,1.63296690394759,0.748661417,0.761637689,0.780283319,0.795373665,0.783405172,0.832056893,0.859325843,0.864713065,0.820978316,0.550869194,0.430735525064561,0.312827149080004,0.214893617,0.164897381,0.184549356,0.126781418
0.533381889,0.449137394848222,0.273576642,0.295765080892541,0.633847122,0.697242206,0.759649123,0.772751184,0.787091797,0.8218024,0.823955172,0.845051006,0.783172284,0.588315588,0.472972973,0.326554329,0.224190881,0.200635257,0.202700677055431,0.172052799
0.590627154,0.552727595087279,0.290441932,0.26923819652561,0.466815874751164,0.567239636,0.677503251,0.780316344,0.811886305,0.828718911,0.822702703,0.842744818,0.794226499,0.594297594,0.451338368385556,0.299730951514445,0.196800776,0.154986523,0.083829281,0.139251157
0.324656189,0.240975152,0.11406107260378,0.142852823075563,0.454605696522451,0.496179420245124,0.532335849863484,0.582161235,0.664122137,0.781152917,0.866847091,0.884184309,0.806136302,0.630149527,0.487678240462202,0.325863789913291,0.211447624,0.183050847,0.180371208892647,0.169218208
0.290338645,0.183443546,0.14612525,0.181678773235887,0.494885490526753,0.559461043,0.625225225,0.710177615,0.791590494,0.801030928,0.874391862,0.868244982,0.826639553,0.495479732,0.436911488,0.273270014,0.191073919,0.170797053,0.247354497,0.142254116
0.20661986,0.319278982151791,0.623073900057444,0.62528096601105,0.679840773,0.724698626,0.785388128,0.788767812,0.777270421,0.834087481,0.824392591,0.834373227,0.712513484,0.447460875,0.292935839,0.229109159,0.17621048,0.168605978,0.171103772460326,0.140156919
108.079754735617,90.9826785851918,18.4545107624576,13.4837645652448,0.724117647,0.703761755,0.782421987,0.788294595,0.755387931,0.814132527,0.739993795,0.728305316,0.617207437,0.313320826,0.282158921,0.228320527,0.212193379,0.17971831,0.152922622119235,0.162018048
0.205445545,0.309868250589518,0.61680119622835,0.624370163890683,0.706862468,0.750486246,0.807703617,0.802738195,0.792144425,0.85717675,0.831123517,0.84070325,0.732142857,0.561034275,0.33835058,0.245791246,0.169450011,0.167395809,0.031756607,0.156673114
0.249168053,0.110248791991233,0.212142118,0.317432085256057,0.731282647,0.702945582,0.817524339,0.818831335,0.786568987,0.82797271,0.808560311,0.813504823,0.751373229,0.484657518363107,0.386446281,0.287669247139641,0.209353508,0.170594262,0.159355416,0.132680692
0.248940678,-0.305356840724631,-1.00637113751464,-0.813993754681688,0.694616638999996,0.765490944,0.760611205,0.781526549,0.753093061,0.821529021,0.821767349,0.860766046,0.7864612,0.581550431,0.431093394,0.315744193,0.241208519,0.18411723,0.176831944,0.150306053
0.543462201,0.450164567984651,0.208747515,0.225027506065142,0.559585492,0.634734666,0.73549001,0.77630854,0.79336596,0.860756324,0.880817014,0.883673469,0.836907954,0.64362851,0.570983281,0.426863206129281,0.271322109,0.177703912,0.13925915637152,0.159250056
0.22915546,0.237237154219101,0.370364756379278,0.400100867420227,0.680727874,0.734582358,0.791342952,0.770679771,0.789016603,0.809781273,0.799665312,0.812653563,0.592426036,0.384565273037185,0.331881804,0.215203426,0.161541615,0.150722022,0.15952874327069,0.16800428
119.250652688249,100.337391496749,20.1748399656246,14.6924116053747,0.693093093,0.683612764,0.776467119,0.771812081,0.800258732,0.806680162,0.827977772,0.835666148,0.760312152,0.465183830602208,0.338516359,0.211339018,0.168170632,0.151233917,0.14797975409627,0.152028533
0.173425827,0.153846154,0.136765835677828,0.192836114,0.78210556,0.812714323,0.878802993,0.879909707,0.880284325,0.889031313,0.883992467,0.86559679,0.83714419,0.555898703,0.42146909450759,0.2976069594201,0.210641933,0.175568182,0.167503314308116,0.17209073
0.168171833,0.109771281047876,0.168954889,0.222124155417484,0.616216216,0.65661104,0.714098361,0.787869552,0.824864865,0.820134899,0.815339521,0.806488332,0.759871072,0.439211554453227,0.315755627,0.217047184,0.178108497,0.143695015,0.122496754976742,0.129460116
0.152757443,0.154422789,0.259902333,0.223674828,0.823095823,0.829329329,0.882149047,0.858829198,0.891571368,0.889025389,0.879064235,0.876380729,0.825075599,0.597194389,0.487274655,0.321128937230283,0.19200539,0.170790878,0.150865312,0.155035336
0.168918919,0.227472541495303,0.629075361,0.671354899,0.713288457,0.724290999,0.795353694,0.765047518,0.738113399,0.748892941,0.690118153,0.600301659,0.509822264,0.298361006499257,0.267269206,0.256522419093627,0.222025652,0.138604197,0.0866475405927261,0.133349645
0.21759379,0.213122722,0.521023766,0.566090612,0.645528455,0.655567118,0.699198231,0.660500544,0.618969747,0.650194336,0.475800053,0.397657415014984,0.326959847,0.202939782,0.217413313,0.182972367,0.168735032,0.147401434,0.143469600490166,0.187713311
0.257788945,0.239567583998095,0.637333333,0.709695927,0.685344828,0.686123348,0.700374532,0.699350266,0.631040364,0.619742991,0.346953502746737,0.262745098,0.223621606,0.177939646,0.18278481,0.18922853,0.16276916,0.143856377,0.135229257292316,0.135440181
0.206110962,0.265212644338399,0.536064628,0.560391896840482,0.67252094,0.688936398,0.721497448,0.683994126,0.633786178,0.618801949,0.396214898599107,0.305937756000435,0.235899951,0.182227946,0.18,0.174387236356785,0.167221511,0.16024974,0.151687397529908,0.140191388
18.4797665349974,15.9855173073393,4.60048018099913,3.69561802307428,0.706409194466609,0.610968051874978,0.561863173,0.553914328,0.577785951,0.571187014,0.616995074,0.622286541,0.582079791,0.452054795,0.413656470354245,0.381404110374857,0.360699153,0.351961311,0.338085299679752,0.306591722
0.306293019,0.297643731162847,0.325417014680778,0.337092548025651,0.415505317199584,0.421324453835574,0.424570674,0.39364676,0.341909946,0.428644241,0.254204398,0.241950322,0.231913068,0.170182167,0.2286345,0.181548422,0.15695682,0.116490792,0.131055584,0.129830301
0.172995781,0.215892859563163,0.624799572,0.675709779,0.747239977,0.771924909,0.762129193,0.761117446,0.683094556,0.661768783,0.480138169,0.286440678,0.204956118,0.236388231,0.188674389,0.158120805,0.132850806,0.124647225,0.11733395,0.123318897
0.209616829,0.240709213833482,0.619346405,0.670267731,0.73181698,0.753205904,0.774736842,0.776994031,0.756166714,0.753813219,0.611940299,0.437105608024265,0.292791612,0.291925466,0.197145406,0.177892031,0.149315366,0.163863266,0.162078245,0.153526971
0.168521874,0.251903093959243,0.644354635,0.673795797,0.715983027,0.736639118,0.763615295,0.749415888,0.699135447,0.677844655,0.503521127,0.408767403137953,0.327423823,0.256210078,0.234118967,0.213040182,0.192026578,0.178981184,0.174801958314885,0.179634119
0.205331966,0.145199109709719,0.649635036,0.756124415,0.704918033,0.734337187,0.742865379,0.731024531,0.673331283,0.684458862,0.544514647,0.430765702068794,0.322571177,0.196464088,0.190200936,0.199770708,0.142150247,0.12715713,0.1023273,0.130357143
0.19931187,0.218111003,0.600930473,0.582303188,0.647278383,0.646854161,0.64702381,0.635817308,0.559264498,0.550097684,0.366618312821329,0.278441558,0.211987227,0.240441365,0.166201117,0.182713085,0.135066042,0.147887324,0.113176599,0.144684605
0.193264639,0.213608748,0.670668954,0.701731025,0.738743455,0.753053638,0.751428571,0.71859869,0.626104303,0.637337845,0.432789911,0.249612403,0.228017133,0.176692517,0.182140099891434,0.193101522480986,0.182339736,0.1394443,0.113198378301717,0.136760427
0.176171654,0.16860609968011,0.613564669,0.692446584,0.757540603,0.775028121,0.767891683,0.761462729,0.710128388,0.696498054,0.519293078,0.324269598,0.227546478,0.24366872,0.173984632,0.16310522,0.141037736,0.127689429,0.122768422592699,0.121749137
0.187878788,0.130249944107313,0.614597007,0.718216319,0.703151862,0.732977303,0.734855136,0.741313869,0.707201889,0.68148794,0.536301165,0.317004505,0.275806452,0.200729095,0.218037407,0.180222497,0.165233137,0.139366516,0.116898608,0.145325654
0.182044888,0.325720286227201,0.655976676,0.651813976,0.758069043,0.760915868,0.771428571,0.746268657,0.67389994,0.664363846,0.35099672,0.272727273,0.222381636,0.182694569,0.148140622,0.167430692,0.136967294,0.112887502,0.106102909218336,0.12037037
0.214185721,0.224941176,0.621081327,0.614949594,0.697549986,0.721484692,0.712741752,0.678227922,0.608203245,0.610419682,0.302647859,0.233392721,0.16339581,0.208277103,0.169984686,0.184072485,0.172047405,0.140309913,0.119230817035111,0.138217983
0.306613226,0.384870106202894,0.537917912,0.533487298,0.65300393,0.678356164,0.694460641,0.675045984,0.653543307,0.586553732,0.41593362989696,0.369902477916306,0.322508755,0.213245655,0.214267772,0.191124559,0.177443936,0.152737752,0.135209637478892,0.147253687
0.189860321,0.291683940075383,0.595104039,0.60277347593457,0.664367816,0.697892272,0.739776952,0.717051843,0.669621749,0.707165109,0.498624106,0.335088181,0.243203883,0.193908629,0.17059709,0.171421358,0.146012812,0.134593487,0.135194662969085,0.140661686
0.196797521,0.299742571473356,0.571070932,0.576682316,0.724422442,0.735971944,0.740588074,0.747055524,0.683333333,0.689458689,0.561981105,0.39723860021587,0.242774566,0.173105134,0.170719222,0.190519599,0.15879575,0.136386768,0.14460371,0.123772102
0.20661157,0.133940188692996,0.674360261,0.791071971,0.718832891,0.7656817,0.791411043,0.779909406,0.727576602,0.72265943,0.605581885,0.515984655,0.403952222106669,0.166376307,0.183991684,0.191169092199914,0.178864457,0.157689087,0.138784974670957,0.133227777
0.283047427,0.460061812418284,0.892671552029122,0.871344192631791,0.514467593,0.466490913984937,0.43060137,0.392968189,0.340004669399554,0.307050531900617,0.219512195,0.201163098,0.182188173,0.166936791,0.154072096,0.157326478,0.156761413,0.100423068,0.133063556,0.143098354
0.181397879,0.138420732264604,0.539779682,0.626459144,0.701181767,0.76461126,0.756229686,0.785752833,0.734592185,0.713768116,0.630769231,0.4804744,0.253101737,0.251582806,0.172883065,0.160426346,0.137218045,0.124691081,0.123042051846689,0.127627302
0.16163846,0.187245265,0.571867008,0.560530191,0.650569723,0.686672302,0.684421535,0.648547599,0.58838897,0.5996588,0.304129592,0.231492944,0.171949631,0.180182088,0.159574468,0.157593123,0.137799236,0.125621891,0.10201079,0.120114007
0.193975591,0.216551041,0.548587571,0.687111111,0.697605596,0.729617088,0.754738016,0.75673424,0.730445247,0.724254361,0.591678225,0.507102742,0.413106072074755,0.185407527,0.166666667,0.177068886,0.144432662,0.131877729,0.103153394,0.132137704
0.222080895,0.244689146484905,0.527133897,0.572911271690438,0.704400775,0.691774034,0.735660848,0.72985244,0.636462585,0.652249135,0.499892280063465,0.370860927,0.22940613,0.175215846,0.201328564,0.212269939,0.180641531,0.136012776,0.133851468,0.131060079
0.176440721,0.188907225019604,0.55736371,0.616460572,0.707923655,0.716371806,0.75415677,0.747471829,0.721615721,0.689396048,0.597063622,0.498682725,0.41218638,0.252628879,0.250068776,0.203823447,0.206185567,0.177669678,0.152260287857162,0.176050045
0.250846575,0.285592273923481,0.554486272,0.59070455468082,0.698339232,0.692899257,0.73042292,0.738448614,0.68189415,0.66657151,0.528765539,0.447693307,0.239490752,0.207566999,0.154916929,0.198872534,0.166713523,0.165529441,0.174799542,0.15736505
0.245928788,0.144858579132602,0.61875,0.741226732,0.74286591,0.736796032,0.74033468,0.727817404,0.668381241,0.670964126,0.565515095,0.454183267,0.29317491,0.244885307,0.210187174,0.184013322,0.190592847,0.147073053,0.149036201,0.152056404
0.21632226,0.275418015520473,0.584725537,0.614195080941934,0.708506841,0.70723593,0.711229947,0.687133601,0.614986293,0.601176471,0.428787657307648,0.359481583,0.306345733,0.23065513,0.207197943,0.20744956,0.194063414,0.17222964,0.158649880207533,0.169687705
0.188803513,0.771029714504829,1.82390797703237,1.69542308180852,0.627810651,0.610478963,0.664339732,0.668814794,0.640022051,0.695519065,0.606801275,0.522845575,0.42474534567407,0.190091546,0.175593595,0.162854031,0.143998003,0.131323454,0.073736537,0.120723363
0.23101018,0.277357060610318,0.520685579,0.541298407888451,0.576703693,0.561743341,0.522378308,0.420544276687651,0.387842081519805,0.433846154,0.47689769,0.267589049,0.272347099,0.206854936,0.219142259,0.174020823,0.174516496,0.144933921,-0.004456328,0.140147524
