"Latitude","Longitude","CType","SampleYear","SowingPeriod","HarvestingPeriod","Others","Index"
28.149801,77.792516,"Sugarcane",2017,"01/04/17","31/10/17",NA,1
28.15394,77.785681,"Sugarcane",2017,"01/04/17","31/10/17",NA,1
28.146277,77.788718,"Sugarcane",2017,"01/04/17","31/10/17",NA,1
28.152861,77.785574,"Sugarcane",2017,"01/04/17","31/10/17",NA,1
28.153192,77.787055,"Sugarcane",2017,"01/04/17","31/10/17",NA,1
28.143115,77.76961,"Sugarcane",2017,"01/04/17","31/10/17",NA,1
28.151338,77.788943,"Sugarcane",2017,"01/04/17","31/10/17",NA,1
28.14216,77.766933,"Sugarcane",2017,"01/04/17","31/10/17",NA,1
28.14675,77.777866,"Sugarcane",2017,"01/04/17","31/10/17",NA,1
28.153301,77.784212,"Sugarcane",2017,"01/04/17","31/10/17",NA,1
28.152937,77.775189,"Sugarcane",2017,"01/04/17","31/10/17",NA,1
28.149976,77.797295,"Sugarcane",2017,"01/04/17","31/10/17",NA,1
28.146448,77.777442,"Sugarcane",2017,"01/04/17","31/10/17",NA,1
28.146616,77.772818,"Sugarcane",2017,"01/04/17","31/10/17",NA,1
28.149891,77.782908,"Sugarcane",2017,"01/04/17","31/10/17",NA,1
28.14684,77.789351,"Sugarcane",2017,"01/04/17","31/10/17",NA,1
28.15228,77.79692,"Sugarcane",2017,"01/04/17","31/10/17",NA,1
28.15061,77.792693,"Sugarcane",2017,"01/04/17","31/10/17",NA,1
28.154015,77.772893,"Sugarcane",2017,"01/04/17","31/10/17",NA,1
28.151381,77.797199,"Sugarcane",2017,"01/04/17","31/10/17",NA,1
28.152634,77.774733,"Sugarcane",2017,"01/04/17","31/10/17",NA,1
28.14859,77.790788,"Sugarcane",2017,"01/04/17","31/10/17",NA,1
28.152081,77.793283,"Sugarcane",2017,"01/04/17","31/10/17",NA,1
28.150984,77.7931,"Sugarcane",2017,"01/04/17","31/10/17",NA,1
28.152956,77.787999,"Sugarcane",2017,"01/04/17","31/10/17",NA,1
28.150686,77.797049,"Sugarcane",2017,"01/04/17","31/10/17",NA,1
28.151419,77.794184,"Sugarcane",2017,"01/04/17","31/10/17",NA,1
28.140651,77.767638,"Sugarcane",2017,"01/04/17","31/10/17",NA,1
28.15254,77.785918,"Sugarcane",2017,"01/04/17","31/10/17",NA,1
28.152322,77.793798,"Sugarcane",2017,"01/04/17","31/10/17",NA,1
28.14588,77.77779,"Sugarcane",2017,"01/04/17","31/10/17",NA,1
28.150317,77.791936,"Sugarcane",2017,"01/04/17","31/10/17",NA,1
28.151901,77.794104,"Sugarcane",2017,"01/04/17","31/10/17",NA,1
28.141968,77.770725,"Sugarcane",2017,"01/04/17","31/10/17",NA,1
28.150719,77.781685,"Sugarcane",2017,"01/04/17","31/10/17",NA,1
28.146273,77.789243,"Sugarcane",2017,"01/04/17","31/10/17",NA,1
28.151722,77.781503,"Sugarcane",2017,"01/04/17","31/10/17",NA,1
28.151669,77.788503,"Sugarcane",2017,"01/04/17","31/10/17",NA,1
28.152237,77.778783,"Sugarcane",2017,"01/04/17","31/10/17",NA,1
28.153391,77.7889,"Sugarcane",2017,"01/04/17","31/10/17",NA,1
28.151565,77.773279,"Sugarcane",2017,"01/04/17","31/10/17",NA,1
28.146389,77.773901,"Sugarcane",2017,"01/04/17","31/10/17",NA,1
28.151476,77.795187,"Sugarcane",2017,"01/04/17","31/10/17",NA,1
28.147091,77.78699,"Sugarcane",2017,"01/04/17","31/10/17",NA,1
28.149385,77.791078,"Sugarcane",2017,"01/04/17","31/10/17",NA,1
28.148396,77.787441,"Sugarcane",2017,"01/04/17","31/10/17",NA,1
28.148368,77.785274,"Sugarcane",2017,"01/04/17","31/10/17",NA,1
28.153192,77.785199,"Sugarcane",2017,"01/04/17","31/10/17",NA,1
28.151107,77.795622,"Sugarcane",2017,"01/04/17","31/10/17",NA,1
28.145166,77.770562,"Sugarcane",2017,"01/04/17","31/10/17",NA,1
28.152445,77.794678,"Sugarcane",2017,"01/04/17","31/10/17",NA,1
28.151154,77.79685,"Sugarcane",2017,"01/04/17","31/10/17",NA,1
28.144215,77.769304,"Sugarcane",2017,"01/04/17","31/10/17",NA,1
28.143198,77.771342,"Sugarcane",2017,"01/04/17","31/10/17",NA,1
28.152757,77.775983,"Sugarcane",2017,"01/04/17","31/10/17",NA,1
28.149546,77.781417,"Sugarcane",2017,"01/04/17","31/10/17",NA,1
28.142337,77.768507,"Sugarcane",2017,"01/04/17","31/10/17",NA,1
28.146566,77.790992,"Sugarcane",2017,"01/04/17","31/10/17",NA,1
28.147361,77.777485,"Sugarcane",2017,"01/04/17","31/10/17",NA,1
28.151324,77.79604,"Sugarcane",2017,"01/04/17","31/10/17",NA,1
28.152672,77.786443,"Sugarcane",2017,"01/04/17","31/10/17",NA,1
28.147994,77.786878,"Sugarcane",2017,"01/04/17","31/10/17",NA,1
28.151778,77.78574,"Sugarcane",2017,"01/04/17","31/10/17",NA,1
28.152034,77.79501,"Sugarcane",2017,"01/04/17","31/10/17",NA,1
28.147786,77.78595,"Sugarcane",2017,"01/04/17","31/10/17",NA,1
28.148704,77.781073,"Sugarcane",2017,"01/04/17","31/10/17",NA,1
28.153155,77.788557,"Sugarcane",2017,"01/04/17","31/10/17",NA,1
28.145785,77.770996,"Sugarcane",2017,"01/04/17","31/10/17",NA,1
28.149574,77.790526,"Sugarcane",2017,"01/04/17","31/10/17",NA,1
28.149588,77.78699,"Sugarcane",2017,"01/04/17","31/10/17",NA,1
28.150274,77.796534,"Sugarcane",2017,"01/04/17","31/10/17",NA,1
28.148335,77.780548,"Sugarcane",2017,"01/04/17","31/10/17",NA,1
28.14859,77.790102,"Sugarcane",2017,"01/04/17","31/10/17",NA,1
28.141578,77.771093,"Sugarcane",2017,"01/04/17","31/10/17",NA,1
28.146717,77.790461,"Sugarcane",2017,"01/04/17","31/10/17",NA,1
28.150128,77.783418,"Sugarcane",2017,"01/04/17","31/10/17",NA,1
28.154545,77.775918,"Sugarcane",2017,"01/04/17","31/10/17",NA,1
28.153174,77.77411,"Sugarcane",2017,"01/04/17","31/10/17",NA,1
28.148491,77.777361,"Sugarcane",2017,"01/04/17","31/10/17",NA,1
28.149248,77.789437,"Sugarcane",2017,"01/04/17","31/10/17",NA,1
28.153656,77.787377,"Sugarcane",2017,"01/04/17","31/10/17",NA,1
28.150884,77.791421,"Sugarcane",2017,"01/04/17","31/10/17",NA,1
28.144109,77.768218,"Sugarcane",2017,"01/04/17","31/10/17",NA,1
28.148406,77.789555,"Sugarcane",2017,"01/04/17","31/10/17",NA,1
28.147275,77.778718,"Sugarcane",2017,"01/04/17","31/10/17",NA,1
28.151854,77.779818,"Sugarcane",2017,"01/04/17","31/10/17",NA,1
28.15289,77.786669,"Sugarcane",2017,"01/04/17","31/10/17",NA,1
28.151627,77.79361,"Sugarcane",2017,"01/04/17","31/10/17",NA,1
28.150813,77.796228,"Sugarcane",2017,"01/04/17","31/10/17",NA,1
28.150189,77.782082,"Sugarcane",2017,"01/04/17","31/10/17",NA,1
28.152247,77.775146,"Sugarcane",2017,"01/04/17","31/10/17",NA,1
28.149792,77.781159,"Sugarcane",2017,"01/04/17","31/10/17",NA,1
28.150738,77.779469,"Sugarcane",2017,"01/04/17","31/10/17",NA,1
28.149092,77.781508,"Sugarcane",2017,"01/04/17","31/10/17",NA,1
28.150199,77.780832,"Sugarcane",2017,"01/04/17","31/10/17",NA,1
28.147531,77.786416,"Sugarcane",2017,"01/04/17","31/10/17",NA,1
28.141725,77.768891,"Sugarcane",2017,"01/04/17","31/10/17",NA,1
28.142905,77.767284,"Sugarcane",2017,"01/04/17","31/10/17",NA,1
28.149494,77.792033,"Sugarcane",2017,"01/04/17","31/10/17",NA,1
28.146817,77.787446,"Sugarcane",2017,"01/04/17","31/10/17",NA,1
28.146987,77.778273,"Sugarcane",2017,"01/04/17","31/10/17",NA,1
28.149323,77.792929,"Sugarcane",2017,"01/04/17","31/10/17",NA,1
28.147786,77.778665,"Sugarcane",2017,"01/04/17","31/10/17",NA,1
28.148302,77.790391,"Sugarcane",2017,"01/04/17","31/10/17",NA,1
28.151849,77.797113,"Sugarcane",2017,"01/04/17","31/10/17",NA,1
28.153174,77.78639,"Sugarcane",2017,"01/04/17","31/10/17",NA,1
28.147356,77.788487,"Sugarcane",2017,"01/04/17","31/10/17",NA,1
28.142304,77.77032,"Sugarcane",2017,"01/04/17","31/10/17",NA,1
28.141367,77.767464,"Sugarcane",2017,"01/04/17","31/10/17",NA,1
28.146992,77.777152,"Sugarcane",2017,"01/04/17","31/10/17",NA,1
28.144828,77.769779,"Sugarcane",2017,"01/04/17","31/10/17",NA,1
28.153656,77.788364,"Sugarcane",2017,"01/04/17","31/10/17",NA,1
28.149314,77.782061,"Sugarcane",2017,"01/04/17","31/10/17",NA,1
28.149167,77.778407,"Sugarcane",2017,"01/04/17","31/10/17",NA,1
28.154224,77.778102,"Sugarcane",2017,"01/04/17","31/10/17",NA,1
28.152185,77.795504,"Sugarcane",2017,"01/04/17","31/10/17",NA,1
28.149655,77.789732,"Sugarcane",2017,"01/04/17","31/10/17",NA,1
28.144598,77.768969,"Sugarcane",2017,"01/04/17","31/10/17",NA,1
28.147162,77.790059,"Sugarcane",2017,"01/04/17","31/10/17",NA,1
28.152076,77.788085,"Sugarcane",2017,"01/04/17","31/10/17",NA,1
28.141327,77.768577,"Sugarcane",2017,"01/04/17","31/10/17",NA,1
28.147578,77.773351,"Sugarcane",2017,"01/04/17","31/10/17",NA,1
28.150525,77.792242,"Sugarcane",2017,"01/04/17","31/10/17",NA,1
28.152351,77.7886,"Sugarcane",2017,"01/04/17","31/10/17",NA,1
28.151783,77.782302,"Sugarcane",2017,"01/04/17","31/10/17",NA,1
28.153486,77.785842,"Sugarcane",2017,"01/04/17","31/10/17",NA,1
28.148756,77.785708,"Sugarcane",2017,"01/04/17","31/10/17",NA,1
28.147852,77.775124,"Sugarcane",2017,"01/04/17","31/10/17",NA,1
28.147096,77.791314,"Sugarcane",2017,"01/04/17","31/10/17",NA,1
28.152497,77.775548,"Sugarcane",2017,"01/04/17","31/10/17",NA,1
28.154626,77.777345,"Sugarcane",2017,"01/04/17","31/10/17",NA,1
28.148926,77.789785,"Sugarcane",2017,"01/04/17","31/10/17",NA,1
28.143744,77.769073,"Sugarcane",2017,"01/04/17","31/10/17",NA,1
28.147696,77.787741,"Sugarcane",2017,"01/04/17","31/10/17",NA,1
28.150038,77.795423,"Sugarcane",2017,"01/04/17","31/10/17",NA,1
28.148342,77.772477,"Sugarcane",2017,"01/04/17","31/10/17",NA,1
28.151934,77.794715,"Sugarcane",2017,"01/04/17","31/10/17",NA,1
28.148311,77.778842,"Paddy",2017,"15/06/17","31/10/17",NA,2
28.147744,77.772582,"Paddy",2017,"15/06/17","31/10/17",NA,2
28.143562,77.76994,"Paddy",2017,"15/06/17","31/10/17",NA,2
28.148959,77.788315,"Paddy",2017,"15/06/17","31/10/17",NA,2
28.146443,77.788299,"Paddy",2017,"15/06/17","31/10/17",NA,2
28.150624,77.798223,"Paddy",2017,"15/06/17","31/10/17",NA,2
28.14956,77.788337,"Paddy",2017,"15/06/17","31/10/17",NA,2
28.151755,77.774572,"Paddy",2017,"15/06/17","31/10/17",NA,2
28.149863,77.798685,"Paddy",2017,"15/06/17","31/10/17",NA,2
28.146632,77.787892,"Paddy",2017,"15/06/17","31/10/17",NA,2
28.153386,77.780221,"Paddy",2017,"15/06/17","31/10/17",NA,2
28.142763,77.766482,"Paddy",2017,"15/06/17","31/10/17",NA,2
28.152833,77.773188,"Paddy",2017,"15/06/17","31/10/17",NA,2
28.15044,77.797945,"Paddy",2017,"15/06/17","31/10/17",NA,2
28.149182,77.790188,"Paddy",2017,"15/06/17","31/10/17",NA,2
28.155486,77.775881,"Paddy",2017,"15/06/17","31/10/17",NA,2
28.14815,77.791191,"Paddy",2017,"15/06/17","31/10/17",NA,2
28.149035,77.784796,"Paddy",2017,"15/06/17","31/10/17",NA,2
28.150553,77.798996,"Paddy",2017,"15/06/17","31/10/17",NA,2
28.151944,77.783407,"Paddy",2017,"15/06/17","31/10/17",NA,2
28.15227,77.782897,"Paddy",2017,"15/06/17","31/10/17",NA,2
28.148673,77.775535,"Paddy",2017,"15/06/17","31/10/17",NA,2
28.15104,77.794511,"Paddy",2017,"15/06/17","31/10/17",NA,2
28.153727,77.780778,"Paddy",2017,"15/06/17","31/10/17",NA,2
28.152895,77.781878,"Paddy",2017,"15/06/17","31/10/17",NA,2
28.149238,77.787935,"Paddy",2017,"15/06/17","31/10/17",NA,2
28.152573,77.78264,"Paddy",2017,"15/06/17","31/10/17",NA,2
28.152999,77.782415,"Paddy",2017,"15/06/17","31/10/17",NA,2
28.143177,77.770288,"Paddy",2017,"15/06/17","31/10/17",NA,2
28.152625,77.783573,"Paddy",2017,"15/06/17","31/10/17",NA,2
28.154015,77.784587,"Paddy",2017,"15/06/17","31/10/17",NA,2
28.146675,77.775084,"Paddy",2017,"15/06/17","31/10/17",NA,2
28.142829,77.770575,"Paddy",2017,"15/06/17","31/10/17",NA,2
28.149196,77.78743,"Paddy",2017,"15/06/17","31/10/17",NA,2
28.142498,77.766117,"Paddy",2017,"15/06/17","31/10/17",NA,2
28.15376,77.784265,"Paddy",2017,"15/06/17","31/10/17",NA,2
28.154824,77.78154,"Paddy",2017,"15/06/17","31/10/17",NA,2
28.146159,77.776798,"Paddy",2017,"15/06/17","31/10/17",NA,2
28.146826,77.774446,"Paddy",2017,"15/06/17","31/10/17",NA,2
28.152384,77.783965,"Paddy",2017,"15/06/17","31/10/17",NA,2
28.149825,77.794071,"Paddy",2017,"15/06/17","31/10/17",NA,2
28.146462,77.776347,"Paddy",2017,"15/06/17","31/10/17",NA,2
28.150132,77.779909,"Paddy",2017,"15/06/17","31/10/17",NA,2
28.152384,77.773553,"Paddy",2017,"15/06/17","31/10/17",NA,2
28.151769,77.795729,"Paddy",2017,"15/06/17","31/10/17",NA,2
28.142569,77.770763,"Paddy",2017,"15/06/17","31/10/17",NA,2
28.14615,77.775832,"Paddy",2017,"15/06/17","31/10/17",NA,2
28.146398,77.771943,"Paddy",2017,"15/06/17","31/10/17",NA,2
28.152885,77.774298,"PearlMillet",2017,"01/07/17","31/10/17",NA,3
28.14242,77.765385,"PearlMillet",2017,"01/07/17","31/10/17",NA,3
28.154063,77.776342,"PearlMillet",2017,"01/07/17","31/10/17",NA,3
28.146604,77.77414,"PearlMillet",2017,"01/07/17","31/10/17",NA,3
28.142727,77.77135,"PearlMillet",2017,"01/07/17","31/10/17",NA,3
28.155307,77.781122,"PearlMillet",2017,"01/07/17","31/10/17",NA,3
28.15498,77.77388,"PearlMillet",2017,"01/07/17","31/10/17",NA,3
28.143453,77.768727,"PearlMillet",2017,"01/07/17","31/10/17",NA,3
28.143413,77.771203,"PearlMillet",2017,"01/07/17","31/10/17",NA,3
28.152043,77.78448,"PearlMillet",2017,"01/07/17","31/10/17",NA,3
28.149555,77.783927,"PearlMillet",2017,"01/07/17","31/10/17",NA,3
28.142836,77.768285,"PearlMillet",2017,"01/07/17","31/10/17",NA,3
28.151334,77.79045,"PearlMillet",2017,"01/07/17","31/10/17",NA,3
28.142368,77.771635,"PearlMillet",2017,"01/07/17","31/10/17",NA,3
28.152209,77.796201,"PearlMillet",2017,"01/07/17","31/10/17",NA,3
28.147564,77.78021,"PearlMillet",2017,"01/07/17","31/10/17",NA,3
28.150099,77.77874,"PearlMillet",2017,"01/07/17","31/10/17",NA,3
28.140663,77.768446,"PearlMillet",2017,"01/07/17","31/10/17",NA,3
28.14268,77.769339,"PearlMillet",2017,"01/07/17","31/10/17",NA,3
28.142027,77.771924,"PearlMillet",2017,"01/07/17","31/10/17",NA,3
28.154791,77.779282,"PearlMillet",2017,"01/07/17","31/10/17",NA,3
28.145544,77.776986,"PearlMillet",2017,"01/07/17","31/10/17",NA,3
28.152303,77.787151,"PearlMillet",2017,"01/07/17","31/10/17",NA,3
28.151461,77.787988,"PearlMillet",2017,"01/07/17","31/10/17",NA,3
28.154082,77.774202,"PearlMillet",2017,"01/07/17","31/10/17",NA,3
28.147387,77.775261,"PearlMillet",2017,"01/07/17","31/10/17",NA,3
28.145769,77.769803,"PigeonPea",2017,"01/04/17","31/10/17",NA,4
28.146277,77.773091,"PigeonPea",2017,"01/04/17","31/10/17",NA,4
28.151092,77.791786,"PigeonPea",2017,"01/04/17","31/10/17",NA,4
28.153585,77.78382,"PigeonPea",2017,"01/04/17","31/10/17",NA,4
28.149456,77.789919,"PigeonPea",2017,"01/04/17","31/10/17",NA,4
28.145752,77.776181,"PigeonPea",2017,"01/04/17","31/10/17",NA,4
28.150946,77.790805,"PigeonPea",2017,"01/04/17","31/10/17",NA,4
28.150586,77.790381,"PigeonPea",2017,"01/04/17","31/10/17",NA,4
28.148728,77.787833,"Sorghum",2017,"01/04/17","31/10/17",NA,5
28.147829,77.790751,"Sorghum",2017,"01/04/17","31/10/17",NA,5
28.140258,77.768167,"Sorghum",2017,"01/04/17","31/10/17",NA,5
28.145904,77.776503,"Sorghum",2017,"01/04/17","31/10/17",NA,5
28.149049,77.786116,"Sorghum",2017,"01/04/17","31/10/17",NA,5
28.149002,77.78404,"Sorghum",2017,"01/04/17","31/10/17",NA,5
28.146904,77.773842,"Sorghum",2017,"01/04/17","31/10/17",NA,5
28.15342,77.784995,"Sorghum",2017,"01/04/17","31/10/17",NA,5
28.153689,77.780011,"Sorghum",2017,"01/04/17","31/10/17",NA,5
28.148009,77.785612,"Sorghum",2017,"01/04/17","31/10/17",NA,5
28.153126,77.786003,"Sorghum",2017,"01/04/17","31/10/17",NA,5
28.141013,77.768856,"Sorghum",2017,"01/04/17","31/10/17",NA,5
28.152814,77.788922,"Sorghum",2017,"01/04/17","31/10/17",NA,5
28.149546,77.785708,"Sorghum",2017,"01/04/17","31/10/17",NA,5
28.153486,77.776004,"Sorghum",2017,"01/04/17","31/10/17",NA,5
28.151934,77.796384,"Sorghum",2017,"01/04/17","31/10/17",NA,5
28.155013,77.775532,"Sorghum",2017,"01/04/17","31/10/17",NA,5
28.150156,77.798401,"Sorghum",2017,"01/04/17","31/10/17",NA,5
28.152644,77.795332,"Sorghum",2017,"01/04/17","31/10/17",NA,5
28.153259,77.781132,"Sorghum",2017,"01/04/17","31/10/17",NA,5
28.147554,77.788047,"Sorghum",2017,"01/04/17","31/10/17",NA,5
28.160382,77.795567,"ForestNonCropland",2017,NA,NA,NA,6
28.153061,77.805679,"ForestNonCropland",2017,NA,NA,NA,6
28.147831,77.799081,"ForestNonCropland",2017,NA,NA,NA,6
28.157644,77.794944,"ForestNonCropland",2017,NA,NA,NA,6
28.160889,77.801296,"ForestNonCropland",2017,NA,NA,NA,6
28.158931,77.793678,"ForestNonCropland",2017,NA,NA,NA,6
28.159197,77.794043,"ForestNonCropland",2017,NA,NA,NA,6
28.157899,77.794988,"ForestNonCropland",2017,NA,NA,NA,6
28.149213,77.800443,"ForestNonCropland",2017,NA,NA,NA,6
28.147405,77.795551,"ForestNonCropland",2017,NA,NA,NA,6
28.160402,77.793228,"ForestNonCropland",2017,NA,NA,NA,6
28.148168,77.797772,"ForestNonCropland",2017,NA,NA,NA,6
28.156012,77.800674,"ForestNonCropland",2017,NA,NA,NA,6
28.1483,77.795905,"ForestNonCropland",2017,NA,NA,NA,6
28.151755,77.807095,"ForestNonCropland",2017,NA,NA,NA,6
28.149093,77.799102,"ForestNonCropland",2017,NA,NA,NA,6
28.151711,77.80481,"ForestNonCropland",2017,NA,NA,NA,6
28.147152,77.794789,"ForestNonCropland",2017,NA,NA,NA,6
28.160319,77.794902,"ForestNonCropland",2017,NA,NA,NA,6
28.148585,77.801602,"ForestNonCropland",2017,NA,NA,NA,6
28.160078,77.795781,"ForestNonCropland",2017,NA,NA,NA,6
28.159808,77.794601,"ForestNonCropland",2017,NA,NA,NA,6
28.159863,77.792305,"ForestNonCropland",2017,NA,NA,NA,6
28.146436,77.794521,"ForestNonCropland",2017,NA,NA,NA,6
28.148579,77.803061,"ForestNonCropland",2017,NA,NA,NA,6
28.159797,77.792069,"ForestNonCropland",2017,NA,NA,NA,6
28.159937,77.80209,"ForestNonCropland",2017,NA,NA,NA,6
28.127199,77.785435,"Habitation",2017,NA,NA,NA,7
28.130058,77.810819,"Habitation",2017,NA,NA,NA,7
28.130752,77.811012,"Habitation",2017,NA,NA,NA,7
28.164644,77.773837,"Habitation",2017,NA,NA,NA,7
28.164127,77.773386,"Habitation",2017,NA,NA,NA,7
28.123183,77.824767,"Habitation",2017,NA,NA,NA,7
28.166357,77.758199,"Habitation",2017,NA,NA,NA,7
28.150354,77.787791,"Habitation",2017,NA,NA,NA,7
28.19117,77.792372,"Habitation",2017,NA,NA,NA,7
28.122635,77.824788,"Habitation",2017,NA,NA,NA,7
28.164367,77.773655,"Habitation",2017,NA,NA,NA,7
28.162974,77.774588,"Habitation",2017,NA,NA,NA,7
28.163898,77.773451,"Habitation",2017,NA,NA,NA,7
28.152021,77.790389,"Habitation",2017,NA,NA,NA,7
28.166976,77.758929,"Habitation",2017,NA,NA,NA,7
28.168751,77.756526,"Habitation",2017,NA,NA,NA,7
28.1629,77.776154,"Habitation",2017,NA,NA,NA,7
28.211104,77.763907,"Habitation",2017,NA,NA,NA,7
28.163861,77.774041,"Habitation",2017,NA,NA,NA,7
28.124142,77.825759,"Habitation",2017,NA,NA,NA,7
28.168729,77.756826,"Habitation",2017,NA,NA,NA,7
28.124442,77.823544,"Habitation",2017,NA,NA,NA,7
28.162783,77.773708,"Habitation",2017,NA,NA,NA,7
28.186337,77.774929,"Habitation",2017,NA,NA,NA,7
28.125925,77.805326,"Habitation",2017,NA,NA,NA,7
28.163062,77.774835,"Habitation",2017,NA,NA,NA,7
28.133836,77.783453,"Habitation",2017,NA,NA,NA,7
28.173508,77.772007,"Habitation",2017,NA,NA,NA,7
28.163878,77.774277,"Habitation",2017,NA,NA,NA,7
28.123213,77.814922,"Habitation",2017,NA,NA,NA,7
28.126782,77.804918,"Habitation",2017,NA,NA,NA,7
28.173578,77.771803,"Habitation",2017,NA,NA,NA,7
28.132891,77.782903,"Habitation",2017,NA,NA,NA,7
28.152491,77.790336,"Habitation",2017,NA,NA,NA,7
28.129788,77.811484,"Habitation",2017,NA,NA,NA,7
28.163076,77.775715,"Habitation",2017,NA,NA,NA,7
28.157886,77.782339,"Habitation",2017,NA,NA,NA,7
28.163588,77.774137,"Habitation",2017,NA,NA,NA,7
28.130488,77.810605,"Habitation",2017,NA,NA,NA,7
28.162619,77.775564,"Habitation",2017,NA,NA,NA,7
28.127134,77.80479,"Habitation",2017,NA,NA,NA,7
28.132028,77.783611,"Habitation",2017,NA,NA,NA,7
28.124623,77.824981,"Habitation",2017,NA,NA,NA,7
28.209523,77.76543,"Habitation",2017,NA,NA,NA,7
28.150716,77.788006,"Habitation",2017,NA,NA,NA,7
28.164551,77.756772,"Habitation",2017,NA,NA,NA,7
28.192096,77.792759,"Habitation",2017,NA,NA,NA,7
28.166559,77.757717,"Habitation",2017,NA,NA,NA,7
28.128836,77.794189,"Habitation",2017,NA,NA,NA,7
28.130409,77.783654,"Habitation",2017,NA,NA,NA,7
28.151962,77.790701,"Habitation",2017,NA,NA,NA,7
28.13031,77.81127,"Habitation",2017,NA,NA,NA,7
28.162462,77.776262,"Habitation",2017,NA,NA,NA,7
28.123291,77.824016,"Habitation",2017,NA,NA,NA,7
28.131803,77.783396,"Habitation",2017,NA,NA,NA,7
28.129813,77.793889,"Habitation",2017,NA,NA,NA,7
28.191745,77.793445,"Habitation",2017,NA,NA,NA,7
28.163376,77.773901,"Habitation",2017,NA,NA,NA,7
28.133092,77.783174,"Habitation",2017,NA,NA,NA,7
28.123992,77.824209,"Habitation",2017,NA,NA,NA,7
28.209227,77.764486,"Habitation",2017,NA,NA,NA,7
28.152637,77.790904,"Habitation",2017,NA,NA,NA,7
28.132739,77.78492,"Habitation",2017,NA,NA,NA,7
28.173344,77.771696,"Habitation",2017,NA,NA,NA,7
28.131844,77.784512,"Habitation",2017,NA,NA,NA,7
28.191176,77.793016,"Habitation",2017,NA,NA,NA,7
28.162495,77.774513,"Habitation",2017,NA,NA,NA,7
28.12648,77.805154,"Habitation",2017,NA,NA,NA,7
28.173776,77.772179,"Habitation",2017,NA,NA,NA,7
28.1237,77.823956,"Habitation",2017,NA,NA,NA,7
28.152492,77.791248,"Habitation",2017,NA,NA,NA,7
28.167611,77.757534,"Habitation",2017,NA,NA,NA,7
28.163335,77.774352,"Habitation",2017,NA,NA,NA,7
28.158952,77.782414,"Habitation",2017,NA,NA,NA,7
28.159328,77.782017,"Habitation",2017,NA,NA,NA,7
28.123653,77.823522,"Habitation",2017,NA,NA,NA,7
28.158986,77.781084,"Habitation",2017,NA,NA,NA,7
28.166751,77.757706,"Habitation",2017,NA,NA,NA,7
28.158681,77.782779,"Habitation",2017,NA,NA,NA,7
28.167661,77.760249,"Habitation",2017,NA,NA,NA,7
28.1297,77.810647,"Habitation",2017,NA,NA,NA,7
28.152609,77.790711,"Habitation",2017,NA,NA,NA,7
28.166905,77.758038,"Habitation",2017,NA,NA,NA,7
28.164365,77.773901,"Habitation",2017,NA,NA,NA,7
28.185927,77.775423,"Habitation",2017,NA,NA,NA,7
28.134088,77.785191,"Habitation",2017,NA,NA,NA,7
28.163018,77.773204,"Habitation",2017,NA,NA,NA,7
28.16399,77.77388,"Habitation",2017,NA,NA,NA,7
28.167501,77.757116,"Habitation",2017,NA,NA,NA,7
28.209535,77.763542,"Habitation",2017,NA,NA,NA,7
28.158343,77.782318,"Habitation",2017,NA,NA,NA,7
28.163195,77.773354,"Habitation",2017,NA,NA,NA,7
28.129428,77.794232,"Habitation",2017,NA,NA,NA,7
28.187199,77.774736,"Habitation",2017,NA,NA,NA,7
28.167068,77.757287,"Habitation",2017,NA,NA,NA,7
28.127242,77.805283,"Habitation",2017,NA,NA,NA,7
28.165935,77.758865,"Habitation",2017,NA,NA,NA,7
28.123072,77.825475,"Habitation",2017,NA,NA,NA,7
28.162357,77.775124,"Habitation",2017,NA,NA,NA,7
28.171736,77.767458,"Habitation",2017,NA,NA,NA,7
28.167512,77.759229,"Habitation",2017,NA,NA,NA,7
28.162734,77.774309,"Habitation",2017,NA,NA,NA,7
28.128767,77.793717,"Habitation",2017,NA,NA,NA,7
28.130222,77.793739,"Habitation",2017,NA,NA,NA,7
28.130869,77.783225,"Habitation",2017,NA,NA,NA,7
28.127565,77.784941,"Habitation",2017,NA,NA,NA,7
28.166949,77.760023,"Habitation",2017,NA,NA,NA,7
28.163837,77.774481,"Habitation",2017,NA,NA,NA,7
28.208769,77.762963,"Habitation",2017,NA,NA,NA,7
28.131177,77.782495,"Habitation",2017,NA,NA,NA,7
28.150155,77.787845,"Habitation",2017,NA,NA,NA,7
28.208101,77.763606,"Habitation",2017,NA,NA,NA,7
28.129989,77.793288,"Habitation",2017,NA,NA,NA,7
28.128262,77.794189,"Habitation",2017,NA,NA,NA,7
28.130275,77.793159,"Habitation",2017,NA,NA,NA,7
28.131846,77.782602,"Habitation",2017,NA,NA,NA,7
28.191826,77.792737,"Habitation",2017,NA,NA,NA,7
28.207577,77.765559,"Habitation",2017,NA,NA,NA,7
28.167479,77.757674,"Habitation",2017,NA,NA,NA,7
28.161899,77.773848,"Habitation",2017,NA,NA,NA,7
28.163514,77.773397,"Habitation",2017,NA,NA,NA,7
28.125806,77.80479,"Habitation",2017,NA,NA,NA,7
28.134207,77.785728,"Habitation",2017,NA,NA,NA,7
28.193092,77.791965,"Habitation",2017,NA,NA,NA,7
28.125061,77.824535,"Habitation",2017,NA,NA,NA,7
28.162918,77.775983,"Habitation",2017,NA,NA,NA,7
28.127522,77.805369,"Habitation",2017,NA,NA,NA,7
28.152721,77.790432,"Habitation",2017,NA,NA,NA,7
28.163004,77.773633,"Habitation",2017,NA,NA,NA,7
28.166743,77.758553,"Habitation",2017,NA,NA,NA,7
28.158325,77.782972,"Habitation",2017,NA,NA,NA,7
28.167151,77.760302,"Habitation",2017,NA,NA,NA,7
28.167948,77.759862,"Habitation",2017,NA,NA,NA,7
28.168285,77.757008,"Habitation",2017,NA,NA,NA,7
28.16825,77.756644,"Habitation",2017,NA,NA,NA,7
28.124216,77.824171,"Habitation",2017,NA,NA,NA,7
28.163897,77.773236,"Habitation",2017,NA,NA,NA,7
28.152818,77.790615,"Habitation",2017,NA,NA,NA,7
28.167337,77.759787,"Habitation",2017,NA,NA,NA,7
28.12312,77.825432,"Habitation",2017,NA,NA,NA,7
28.192689,77.792351,"Habitation",2017,NA,NA,NA,7
28.162103,77.775189,"Habitation",2017,NA,NA,NA,7
28.171853,77.767684,"Habitation",2017,NA,NA,NA,7
28.166089,77.757674,"Habitation",2017,NA,NA,NA,7
28.209064,77.766095,"Habitation",2017,NA,NA,NA,7
28.169368,77.760334,"Habitation",2017,NA,NA,NA,7
28.16296,77.773944,"Habitation",2017,NA,NA,NA,7
28.122622,77.825453,"Habitation",2017,NA,NA,NA,7
28.152242,77.790894,"Habitation",2017,NA,NA,NA,7
28.16723,77.758092,"Habitation",2017,NA,NA,NA,7
28.161907,77.77565,"Habitation",2017,NA,NA,NA,7
28.207022,77.766095,"Habitation",2017,NA,NA,NA,7
28.168335,77.757727,"Habitation",2017,NA,NA,NA,7
28.208301,77.766203,"Habitation",2017,NA,NA,NA,7
28.126372,77.804446,"Habitation",2017,NA,NA,NA,7
28.130588,77.793202,"Habitation",2017,NA,NA,NA,7
28.16573,77.759219,"Habitation",2017,NA,NA,NA,7
28.152232,77.79025,"Habitation",2017,NA,NA,NA,7
28.126814,77.804232,"Habitation",2017,NA,NA,NA,7
28.167897,77.759304,"Habitation",2017,NA,NA,NA,7
28.162685,77.775886,"Habitation",2017,NA,NA,NA,7
28.163192,77.772979,"Habitation",2017,NA,NA,NA,7
28.127349,77.804189,"Habitation",2017,NA,NA,NA,7
28.210392,77.7641,"Habitation",2017,NA,NA,NA,7
28.163415,77.77506,"Habitation",2017,NA,NA,NA,7
28.169255,77.760731,"Habitation",2017,NA,NA,NA,7
28.186828,77.774693,"Habitation",2017,NA,NA,NA,7
