"VH_2017-05-15","VH_2017-05-27","VH_2017-06-08","VH_2017-07-02","VH_2017-07-14","VH_2017-07-26","VH_2017-08-07","VH_2017-08-19","VH_2017-08-31","VH_2017-09-12","VH_2017-09-24","VH_2017-10-06","VH_2017-10-18"
0.016101252,0.014852673,0.034478061,0.02855273,0.051144622,0.054405365,0.043033086,0.047715832,0.075556397,0.063782401,0.053166244,0.048076194,0.048571974
0.012042752,0.029615752,0.028543215,0.029121608,0.025728336,0.062935933,0.05148552,0.039663371,0.0345621,0.053572811,0.052563626,0.045332965,0.043326236
0.00746058,0.017636649,0.01108833,0.017868476,0.017811343,0.029471289,0.039872617,0.040593553,0.046502665,0.053761546,0.05579095,0.041381709,0.036447685
0.026860924,0.030591656,0.036834747,0.04891419,0.031315174,0.046037409,0.05585362,0.032586057,0.049839869,0.056232788,0.048539825,0.05235932,0.057326775
0.012556013,0.012968209,0.02344308,0.040999573,0.030082166,0.029812399,0.044893008,0.022950141,0.043554273,0.039481778,0.049294114,0.02614112,0.028206725
0.039587799,0.050834104,0.028087305,0.034249466,0.046373755,0.034018584,0.04482203,0.036577314,0.043763805,0.04677305,0.05849573,0.044229414,0.042503882
0.023163278,0.052766167,0.052767709,0.037664942,0.028091397,0.051727124,0.063886769,0.033924375,0.036097143,0.054867938,0.085278802,0.040907525,0.053315476
0.031419884,0.039907955,0.045111571,0.05350861,0.046288893,0.04518044,0.045623388,0.04880828,0.039027862,0.046909567,0.05912381,0.037081994,0.032894224
0.031399116,0.0357683,0.034696933,0.046097718,0.045655802,0.060890678,0.043787975,0.047929082,0.047018353,0.053997759,0.067208119,0.050421961,0.043499667
0.029409807,0.026947213,0.024905926,0.026382187,0.031979345,0.046774749,0.039554808,0.027892033,0.044059005,0.045467239,0.065252744,0.042104609,0.025475083
0.036371596,0.031231616,0.039992176,0.034241311,0.048032939,0.049208809,0.055101998,0.060629498,0.042779621,0.06946329,0.0507553,0.059809402,0.051568743
0.0382443,0.032891437,0.042661607,0.042464826,0.048848797,0.039881524,0.050979447,0.035085112,0.059202094,0.062605679,0.054719131,0.041048881,0.067784496
0.038707688,0.049798723,0.041190077,0.038019314,0.040738896,0.049624667,0.052633584,0.042626273,0.042723879,0.057859551,0.074797504,0.036608003,0.052004613
0.010703448,0.021914959,0.025503295,0.039243355,0.039412465,0.044478469,0.055757664,0.071200244,0.054843564,0.053929266,0.043537848,0.035673596,0.045485217
0.027074335,0.029623648,0.053401742,0.048947174,0.039686639,0.055149194,0.047936831,0.033942398,0.052666914,0.052650589,0.063019104,0.043673139,0.036686301
0.019813277,0.039722677,0.053344153,0.041220244,0.033984795,0.062746793,0.06743899,0.071707457,0.0664602,0.054018419,0.053726692,0.041286197,0.041898571
0.024619559,0.038488176,0.046946649,0.040458761,0.034369715,0.049664821,0.06158391,0.027107261,0.041170929,0.054684024,0.062195528,0.031028969,0.046744023
0.042975295,0.044149432,0.061887864,0.041468006,0.039331459,0.043562315,0.049754292,0.046444558,0.060501833,0.070878141,0.074269414,0.065069422,0.036948163
0.04050082,0.041775875,0.05757701,0.047195338,0.052871451,0.050870426,0.053938203,0.044134717,0.042628031,0.042784892,0.06502936,0.046548337,0.050823096
0.018989479,0.021886939,0.021687761,0.036956407,0.049259327,0.045509398,0.04234565,0.031342015,0.055211022,0.052520271,0.046109252,0.035088509,0.04476624
0.010165652,0.019652987,0.013556561,0.044657864,0.033873834,0.037364755,0.061647668,0.037773542,0.053213477,0.055516608,0.057584833,0.053477939,0.046221092
0.014660493,0.020214636,0.036501344,0.044327814,0.037154529,0.044227459,0.044956293,0.041428883,0.043826379,0.050203614,0.063067526,0.043974482,0.032510243
0.016167341,0.015973372,0.048228957,0.072303981,0.051281881,0.049414113,0.062517002,0.041989528,0.04710371,0.074126884,0.055416904,0.044920783,0.052428816
0.026824344,0.042538214,0.034652051,0.035936616,0.051881012,0.045472138,0.055497613,0.055173077,0.048516385,0.06345921,0.069591679,0.052760128,0.059679378
0.031986047,0.031778529,0.047067583,0.039250955,0.032627761,0.048677363,0.064698942,0.026446486,0.046872165,0.052985325,0.049242049,0.065993376,0.079708219
0.008568151,0.021006003,0.03013229,0.059137285,0.040154785,0.060177591,0.048536792,0.027014067,0.039500438,0.060877796,0.035785325,0.035246808,0.048843496
0.022810716,0.022879524,0.03366198,0.06295988,0.052894358,0.062901303,0.078483872,0.034034781,0.036290046,0.041554805,0.062508568,0.032486822,0.043126807
0.026178703,0.032187711,0.028342834,0.049066,0.039903656,0.038645707,0.033660527,0.049170241,0.045610841,0.044398032,0.056874949,0.046039488,0.036520325
0.032625847,0.03726149,0.053794771,0.050279986,0.041344099,0.038092978,0.050756671,0.047433402,0.038210005,0.052050255,0.048739415,0.05730829,0.052748304
0.033042822,0.047891628,0.040315639,0.045264538,0.049774714,0.045674127,0.051668644,0.033492904,0.047268931,0.041949317,0.046920415,0.065928414,0.065344565
0.046084013,0.033617433,0.036853395,0.04563472,0.043503549,0.065213434,0.0532648,0.053836171,0.056901135,0.042097889,0.068290472,0.030817343,0.065603338
0.045167111,0.051895399,0.035863403,0.03574444,0.039119076,0.055817634,0.051558793,0.035408266,0.054472916,0.055353932,0.063178353,0.05708459,0.039672039
0.028507276,0.056111146,0.060208887,0.049177058,0.038683087,0.059136488,0.060160123,0.029129416,0.052053712,0.040795401,0.05997375,0.060402226,0.061981302
0.03425641,0.031675652,0.040225156,0.046418358,0.037911981,0.057116054,0.055948634,0.037901584,0.041454218,0.045985211,0.065063141,0.036473613,0.039549667
0.009898875,0.008180258,0.020735404,0.030820008,0.038506266,0.052488297,0.057575155,0.055584699,0.04225247,0.068849191,0.065711223,0.051762305,0.055584438
0.017043898,0.03132768,0.027049433,0.037129708,0.024089975,0.039896384,0.049197178,0.022776194,0.066313304,0.051921684,0.0665977,0.04746468,0.044671405
0.014256289,0.030147072,0.018472146,0.04193753,0.022520415,0.025669059,0.036382835,0.034527093,0.055121113,0.043386288,0.047204867,0.034588713,0.035070956
0.011548496,0.026316527,0.03722392,0.039201312,0.039640781,0.055181909,0.072057679,0.043510117,0.035581898,0.04481101,0.062867388,0.043024987,0.045863915
0.030688252,0.025981715,0.028502012,0.060207982,0.040853981,0.052853186,0.064371929,0.047692165,0.046240915,0.04667145,0.067133591,0.032271601,0.049370404
0.025523901,0.056413233,0.04508321,0.057219405,0.040398989,0.060300723,0.072415575,0.034216523,0.039381608,0.049164277,0.098673493,0.044932384,0.03872595
0.015707208,0.036325395,0.03711411,0.049788628,0.047007143,0.036758736,0.041515794,0.043597657,0.053193171,0.050586563,0.058414306,0.040668413,0.033831216
0.008262891,0.021130284,0.017557323,0.033660416,0.025168382,0.021906579,0.048006374,0.037034713,0.046086397,0.037311621,0.068163142,0.025710242,0.023803527
0.025371956,0.032032155,0.058287092,0.050104823,0.036114719,0.051567815,0.046344902,0.042993188,0.047864635,0.057838567,0.045016728,0.045377284,0.040884282
0.030129921,0.018658036,0.026985744,0.042162072,0.046828065,0.057744939,0.058218453,0.036493883,0.055155668,0.052145708,0.078339249,0.061052658,0.04869847
0.023605276,0.030372975,0.030668454,0.062795095,0.054623641,0.049419206,0.056331802,0.036091819,0.059512243,0.041244246,0.037430611,0.038488794,0.043501262
0.021870393,0.036951307,0.031866908,0.040339306,0.036371414,0.035724036,0.044363569,0.037043545,0.069484815,0.055948164,0.073141329,0.039099932,0.037787542
0.022624895,0.034410842,0.031552546,0.035020009,0.035198539,0.057849474,0.041430667,0.0314468,0.041101359,0.053918839,0.064724378,0.052864634,0.039842729
0.019024311,0.031204563,0.038763974,0.055719841,0.036171921,0.044558134,0.057052795,0.033035859,0.053841483,0.039623715,0.046388112,0.039409261,0.048311289
0.019829534,0.031206142,0.029539306,0.060946506,0.049260467,0.057412174,0.05668252,0.037900902,0.042909499,0.051184651,0.0613873,0.047362983,0.058427572
0.028617065,0.050100047,0.032510463,0.060113233,0.03849043,0.049432509,0.050713774,0.045747597,0.043643247,0.037820108,0.070118241,0.041506909,0.041758325
0.009189438,0.018279236,0.028471587,0.048138518,0.038425051,0.070461594,0.076335415,0.040846117,0.057415634,0.059114423,0.050325911,0.026281627,0.03512188
0.026079284,0.020411778,0.032244276,0.048256949,0.046501964,0.071199819,0.037672814,0.044881016,0.048904195,0.061949104,0.054671749,0.05670166,0.064329527
0.015827326,0.029253233,0.030939491,0.056825325,0.057215899,0.044875346,0.075884245,0.047500297,0.040125147,0.053356066,0.062059999,0.03432123,0.04631165
0.035798088,0.045095541,0.034122311,0.059988219,0.016513925,0.020905342,0.047924634,0.042276304,0.035520282,0.039179146,0.045815125,0.047070663,0.024223143
0.030264761,0.034360092,0.03794134,0.034637474,0.045411747,0.042375971,0.050795604,0.054510731,0.045492578,0.036694419,0.037366208,0.033718262,0.049545869
0.029767105,0.061751664,0.065594569,0.037939016,0.034164522,0.052653644,0.032974381,0.057026271,0.045617696,0.042767346,0.050424803,0.036918577,0.044192754
0.022015871,0.026855573,0.027453789,0.03360305,0.032742735,0.038884178,0.056081694,0.028506428,0.038359012,0.041618496,0.064020209,0.037187994,0.033522386
0.025484338,0.058348417,0.03602913,0.070363805,0.052671812,0.040040743,0.04923062,0.038190223,0.065378092,0.051973965,0.069606863,0.042978585,0.0522856
0.049212247,0.046715654,0.049788207,0.037457425,0.053751059,0.042491067,0.054904662,0.049795911,0.061078515,0.070265919,0.050604325,0.04331179,0.046426047
0.011103246,0.010462005,0.016316712,0.039808296,0.029934574,0.055747189,0.056515578,0.034389146,0.035822049,0.058300074,0.041022304,0.031483822,0.042793393
0.030160669,0.030224955,0.053338628,0.031654838,0.042174172,0.043496069,0.050457153,0.051544279,0.055149883,0.055975385,0.061954878,0.041460872,0.044223189
0.028844094,0.034332395,0.039123591,0.049275972,0.04406406,0.045727484,0.050781187,0.032740228,0.046426512,0.038813278,0.057765476,0.042191282,0.044508949
0.024496121,0.039218515,0.054128077,0.05189833,0.027654134,0.037216306,0.049185313,0.043211889,0.039490264,0.059888575,0.065260634,0.041460048,0.044452969
0.022841157,0.049311098,0.041949898,0.039406504,0.034576878,0.051605079,0.075785801,0.028488042,0.039561115,0.075732626,0.045476146,0.056298532,0.039583519
0.046821427,0.041660883,0.037603769,0.037584919,0.025907686,0.045320999,0.03985576,0.033364579,0.032909311,0.045252636,0.074029349,0.026655622,0.054165825
0.030597642,0.043490853,0.043315005,0.036532152,0.044431727,0.05154714,0.032720387,0.043717377,0.046166334,0.063674957,0.067060418,0.045969889,0.054290716
0.018630961,0.030420896,0.042079244,0.058231648,0.047076549,0.04931036,0.050915241,0.036184575,0.050261956,0.052682057,0.061465863,0.056351691,0.047054455
0.020742934,0.022963267,0.028659586,0.034653723,0.032675639,0.042595953,0.055861734,0.060613979,0.053698659,0.056296293,0.066961437,0.042854883,0.033746164
0.016629085,0.01922817,0.025602512,0.059328649,0.05463317,0.061864786,0.05926751,0.038926926,0.063352913,0.049904041,0.052728988,0.031861573,0.039272275
0.015710829,0.031204807,0.042169157,0.033938326,0.030255403,0.039465684,0.034923483,0.036495216,0.046993706,0.056382649,0.036562197,0.032590289,0.047096178
0.012596397,0.020355105,0.032966822,0.079759605,0.045842599,0.05521239,0.061155558,0.039826725,0.042635132,0.061050415,0.052700117,0.04549047,0.050079603
0.007547305,0.007503238,0.018028017,0.051808305,0.049775992,0.063952513,0.064004667,0.057667986,0.047067005,0.041360699,0.067501381,0.045425247,0.058187939
0.030192684,0.030318502,0.045093518,0.032108676,0.021465901,0.05712644,0.052695006,0.03610849,0.053760115,0.060989369,0.05914085,0.056037795,0.037878171
0.028757527,0.027058912,0.038402192,0.037332762,0.022996133,0.049197815,0.034915455,0.039929945,0.052581746,0.033200528,0.058719534,0.027238453,0.026273061
0.02159176,0.036222454,0.030330824,0.075332969,0.037144288,0.055171683,0.062308185,0.040587664,0.042893164,0.056732401,0.074631289,0.039678235,0.042012449
0.02364511,0.032324579,0.056852855,0.048428293,0.037714295,0.050500132,0.055664375,0.042691316,0.067759305,0.069545828,0.072916374,0.034561284,0.053439684
0.032432366,0.058321841,0.057647519,0.042802393,0.036915105,0.061383747,0.055196382,0.039623734,0.056452349,0.058996595,0.056163263,0.043376636,0.039400253
0.022613399,0.019191479,0.020459985,0.01797067,0.017448213,0.019228116,0.036370695,0.035287451,0.045624722,0.037870731,0.060384911,0.041550528,0.016199123
0.036387395,0.044707965,0.047967635,0.036214933,0.043769799,0.050587233,0.057165399,0.032215934,0.064392701,0.059727032,0.051800184,0.03563701,0.046613041
0.013014399,0.014767352,0.0269785,0.052645255,0.032475334,0.060616728,0.043271963,0.046057053,0.054656837,0.063154191,0.051522519,0.03192034,0.028195061
0.016787287,0.020282298,0.055301212,0.040272996,0.037769914,0.04389862,0.045577377,0.04257806,0.058118608,0.04928213,0.060696043,0.051460292,0.028501436
0.013703058,0.015012668,0.024355249,0.052329443,0.028333906,0.061231028,0.04239649,0.043315418,0.07231614,0.056409024,0.048369844,0.040493444,0.048058838
0.024494002,0.028642749,0.04173585,0.041649405,0.054803692,0.051168513,0.040984984,0.050883312,0.05356428,0.045609351,0.062884122,0.042074606,0.040490765
0.017254828,0.006751267,0.023445543,0.020246249,0.013932822,0.021769846,0.061857473,0.039315227,0.062580585,0.0723617,0.076760724,0.038476679,0.010210312
0.008205803,0.017252581,0.018548721,0.060218245,0.054488111,0.052614078,0.079239167,0.044252299,0.05157524,0.051601697,0.054755386,0.040355235,0.033334885
0.008264112,0.03187082,0.04261709,0.057700217,0.041284725,0.051880755,0.053643551,0.04658461,0.041468274,0.053935543,0.058019482,0.064073823,0.042540267
0.021847546,0.032792628,0.039422248,0.041215621,0.034387443,0.044793691,0.052830435,0.046823528,0.052878916,0.058581516,0.057620212,0.03370304,0.036610909
0.025082272,0.042192526,0.058095433,0.055813488,0.057531312,0.046074513,0.03987252,0.029554885,0.050328903,0.055397201,0.044946622,0.039413966,0.062009033
0.028453581,0.036740296,0.043032993,0.054007217,0.048131235,0.049789123,0.06115016,0.026428349,0.039331105,0.052470334,0.050126106,0.037041578,0.05447194
0.018724382,0.029500009,0.040967669,0.038442075,0.039089307,0.050502967,0.053256497,0.061082557,0.047795787,0.059562702,0.104567476,0.055733442,0.039075036
0.04400875,0.043042403,0.034011375,0.045318775,0.034552626,0.034594819,0.043048643,0.043914136,0.049550332,0.053187314,0.074171007,0.040465757,0.049493384
0.02365691,0.04979739,0.039385956,0.033939049,0.030440424,0.054507349,0.041651901,0.051437709,0.062852062,0.048655521,0.046016991,0.033966389,0.037117701
0.017664675,0.034837283,0.039801586,0.041640259,0.046983637,0.053417053,0.05426364,0.043581806,0.039706554,0.047667526,0.067840777,0.057325199,0.048432343
0.037624471,0.035183087,0.052067261,0.037423991,0.038152043,0.046720438,0.040549599,0.035042681,0.038050912,0.042064995,0.072795525,0.037083995,0.048027433
0.016128531,0.011049021,0.028933344,0.032213617,0.035554402,0.074678659,0.084928714,0.041911475,0.077350229,0.058252361,0.05402888,0.048400901,0.037151407
0.050139837,0.047850065,0.036844254,0.031722341,0.033366356,0.036890529,0.038001135,0.031062452,0.040257718,0.044446357,0.077789493,0.040498085,0.051994715
0.007179036,0.009682933,0.017425703,0.047060959,0.054039042,0.067804709,0.057024881,0.050949004,0.046718758,0.048120797,0.058255453,0.042305239,0.037347749
0.016497042,0.05209012,0.044954196,0.037872497,0.045765426,0.037847228,0.057675388,0.044047326,0.051269382,0.0484749,0.075055443,0.027705254,0.03769796
0.008126544,0.010357763,0.022147549,0.057161443,0.070712999,0.046858881,0.054990459,0.039451476,0.056645013,0.048894271,0.060919952,0.041222569,0.042870425
0.038958635,0.02603771,0.061399147,0.028565852,0.034131061,0.045342803,0.049027398,0.029870132,0.060466651,0.055509053,0.078260019,0.040459104,0.052206449
0.008944072,0.022464208,0.022276737,0.062162247,0.053566452,0.064042456,0.071730815,0.052757747,0.048592716,0.057242312,0.069903322,0.036885828,0.043886669
0.031388912,0.037721548,0.046909794,0.039588932,0.042161617,0.036038689,0.024978908,0.041671235,0.052181218,0.054530054,0.050157283,0.048878867,0.047682956
0.011110281,0.028014708,0.022018073,0.048947144,0.031819604,0.042227,0.050932743,0.042507604,0.055564526,0.059024382,0.049844995,0.045494359,0.035265267
0.025864342,0.01803782,0.032607973,0.042164851,0.027971199,0.055913433,0.05986359,0.033366226,0.049376473,0.052764837,0.067439258,0.041334271,0.044036992
0.035430267,0.033785008,0.03831882,0.041948583,0.049624167,0.043139525,0.05389069,0.035218716,0.050498366,0.047235843,0.055371579,0.044946782,0.056768883
0.030366831,0.031284753,0.044486288,0.049398422,0.040207565,0.057142712,0.053595167,0.033842154,0.044279106,0.062069394,0.062823258,0.04227392,0.0537627
0.01104783,0.024528718,0.034764901,0.038012311,0.039187286,0.030336974,0.044510137,0.032833219,0.046143159,0.045647509,0.039681233,0.026759822,0.038998052
0.022694845,0.0330557,0.032959405,0.047040794,0.038218834,0.044775169,0.065592259,0.041045312,0.036874041,0.05091339,0.055217113,0.040110376,0.035812505
0.026732692,0.031881742,0.043986954,0.059630882,0.036473528,0.057434116,0.047868922,0.045621555,0.061388589,0.051846422,0.05110522,0.043478377,0.046292748
0.039669115,0.023667203,0.043969817,0.050910242,0.038864523,0.056557249,0.03972232,0.032500785,0.053455148,0.056625664,0.051012322,0.040982917,0.033031423
0.013852347,0.054034419,0.053919848,0.04853113,0.062656738,0.045944616,0.059025571,0.052689243,0.041027214,0.052573223,0.06178971,0.041974682,0.03300238
0.03212269,0.033242028,0.033700425,0.030209202,0.033978373,0.043500289,0.046960052,0.040892828,0.060596514,0.055914059,0.072119422,0.051204279,0.048420701
0.02678193,0.046197038,0.049636588,0.048147436,0.042080309,0.041086193,0.055073835,0.038121428,0.047538403,0.048687961,0.060561314,0.048266836,0.04176503
0.01130021,0.029679399,0.055143554,0.04035303,0.031838335,0.06668555,0.052145645,0.039945491,0.045554444,0.062723011,0.080018692,0.050950546,0.043786053
0.044810455,0.037060574,0.071448073,0.058407206,0.050012957,0.043430623,0.057917297,0.043277673,0.065118939,0.068380944,0.077884175,0.053793993,0.042418603
0.017000841,0.04994268,0.043611437,0.026726777,0.042031635,0.037580427,0.045658469,0.031576324,0.048467603,0.052133854,0.041936677,0.029803067,0.023306875
0.041031606,0.0232748,0.028908746,0.052723687,0.041880984,0.049396243,0.058256697,0.033202421,0.057915933,0.04708996,0.058271978,0.036001656,0.038621556
0.021983277,0.031778123,0.029411733,0.094865866,0.04776299,0.042344905,0.055619311,0.051563174,0.04572076,0.05087046,0.05161934,0.0433347,0.051637318
0.011697941,0.030845327,0.043530613,0.074848071,0.044497594,0.049857385,0.058033131,0.049703989,0.047438841,0.048233837,0.054485369,0.042375512,0.034413137
0.022449788,0.028771892,0.034936801,0.048694681,0.04584568,0.040591441,0.077600054,0.045551617,0.054476921,0.049442809,0.060080759,0.055624988,0.035819717
0.006721179,0.009685675,0.019485734,0.050455634,0.059836037,0.044165105,0.049991775,0.040745668,0.040302839,0.049849007,0.05864998,0.033611298,0.034377903
0.029061742,0.032865018,0.024444416,0.024616679,0.022738317,0.047269691,0.058517687,0.040198307,0.059799001,0.055099167,0.067840435,0.044014283,0.031772356
0.038727626,0.050006721,0.061057206,0.030292409,0.036950465,0.03817552,0.050893642,0.049009394,0.058873165,0.059287671,0.078238033,0.061275005,0.048761573
0.012417668,0.016328342,0.019075714,0.052551184,0.038748641,0.047417194,0.092927486,0.05736158,0.060220193,0.057551727,0.072419055,0.053876132,0.045186821
0.006512848,0.012668799,0.022627043,0.041699801,0.040746123,0.043082569,0.056960173,0.034901172,0.048163127,0.05228268,0.051326595,0.041724321,0.042655557
0.045427512,0.03548098,0.04364346,0.039520964,0.034126788,0.049963746,0.062168684,0.035189822,0.04696035,0.056769099,0.06521377,0.047999311,0.037480395
0.026556849,0.033280615,0.028126262,0.044476409,0.035053112,0.035939626,0.044599775,0.035673428,0.044999238,0.046923671,0.032087207,0.047079254,0.056752469
0.011016652,0.026431667,0.040950067,0.03084657,0.025799468,0.042333812,0.052182663,0.044000305,0.068379499,0.039106827,0.056870706,0.035595223,0.022582982
0.071125455,0.040481679,0.036387466,0.04863897,0.0317568,0.044212453,0.060743295,0.043955982,0.048886832,0.05347937,0.063094422,0.047750223,0.044138607
0.040662389,0.043090343,0.038601521,0.040238738,0.039882235,0.040430401,0.052240271,0.049788333,0.060547229,0.06175587,0.054320071,0.065543652,0.062255032
0.035791807,0.043148138,0.054424103,0.042580839,0.045164756,0.054610517,0.043289028,0.050840192,0.051087666,0.061209735,0.068111919,0.035443414,0.056411307
0.025495317,0.028910872,0.031534337,0.039594579,0.021442503,0.047610946,0.055070102,0.037309784,0.065396316,0.060180534,0.066890568,0.057445787,0.038411543
0.022879722,0.027982933,0.033009157,0.042880014,0.051058073,0.047317881,0.063505329,0.046296183,0.052759517,0.041660961,0.038807776,0.050216317,0.061589424
0.020739935,0.029584615,0.03736265,0.046667222,0.029000187,0.038419295,0.030425761,0.029165812,0.039166179,0.054269727,0.036824577,0.026565911,0.017055074
0.032770548,0.037923671,0.029895548,0.044693746,0.044624653,0.065333344,0.048913363,0.039458636,0.033545021,0.077043198,0.061001472,0.050613511,0.037712373
0.011340986,0.061327662,0.03928503,0.067078248,0.038221598,0.050521761,0.052574717,0.045070373,0.03871052,0.056121092,0.050111778,0.045648862,0.029461287
0.021004559,0.042456239,0.045704432,0.043888316,0.041958079,0.068221144,0.060254451,0.032327164,0.04011137,0.060435034,0.05528697,0.038958538,0.04695493
0.008334795,0.019881038,0.022170827,0.014326758,0.013566164,0.016487597,0.046924703,0.035972044,0.03807772,0.049272861,0.065267026,0.024905929,0.014244279
0.011673271,0.016358545,0.018367412,0.026785385,0.015446482,0.023717618,0.032800563,0.035887461,0.051077966,0.073914163,0.059868112,0.034361567,0.038921598
0.038908005,0.06454926,0.046712488,0.016668128,0.012961798,0.021382878,0.035937972,0.022402825,0.041952558,0.048907936,0.054480206,0.018920233,0.014332748
0.011260413,0.006408508,0.006866299,0.015002547,0.014103959,0.032390136,0.026825599,0.021413315,0.04027988,0.024601303,0.023088662,0.02174749,0.0079762
0.006833818,0.008762732,0.012970122,0.013112732,0.010295913,0.022181682,0.040945571,0.048334405,0.039497647,0.046901628,0.046157841,0.043470155,0.030588191
0.021300092,0.027278705,0.022720549,0.032387409,0.029557575,0.048452456,0.065550596,0.05462113,0.056476612,0.060895637,0.064104356,0.056653239,0.0191637
0.016601721,0.01356098,0.011585711,0.014287469,0.013098071,0.030238014,0.027149599,0.039730534,0.041942157,0.0277832,0.046936732,0.031302623,0.013089822
0.011287012,0.017697632,0.019240152,0.013500898,0.008780372,0.017971888,0.030266903,0.020761568,0.048767343,0.039641846,0.038118146,0.017524712,0.010794408
0.009796649,0.018095085,0.023208724,0.030861977,0.031880103,0.026084417,0.042648844,0.031223709,0.047095478,0.038175311,0.046322994,0.025733817,0.031885371
0.0187243,0.020934358,0.018920284,0.020669194,0.016192684,0.028823959,0.053943716,0.039908156,0.037057366,0.043337636,0.050883193,0.036676507,0.029006146
0.014051988,0.018877732,0.024550473,0.013447356,0.021502817,0.019135462,0.027571423,0.032409053,0.027848115,0.046736732,0.039913133,0.037584566,0.01718181
0.037664175,0.040790122,0.051047049,0.018018141,0.015546856,0.012960664,0.011479645,0.032320138,0.028796254,0.032461237,0.045723483,0.042732779,0.04444978
0.013566639,0.016062304,0.009866294,0.013225456,0.012799976,0.019389998,0.03259255,0.031830981,0.035791859,0.028383825,0.049453449,0.03278821,0.024920203
0.019167846,0.031914469,0.018993653,0.023231691,0.024839638,0.028542412,0.059459705,0.042973384,0.05621038,0.056397639,0.045288935,0.046351105,0.012983567
0.022649808,0.022157582,0.018929681,0.034349103,0.023013735,0.049627874,0.037350006,0.029464932,0.033982664,0.037605796,0.051782288,0.06087859,0.028051062
0.019984737,0.028424526,0.048966959,0.024589721,0.026194759,0.040920567,0.042015009,0.029320767,0.035556719,0.04345778,0.05696553,0.039787289,0.021422781
0.026816834,0.02473601,0.017472431,0.01073156,0.008841421,0.019305985,0.030735638,0.027969668,0.037772696,0.043636125,0.030513939,0.012591573,0.012229647
0.010086211,0.014329029,0.016448144,0.013128722,0.013817162,0.016788352,0.026339199,0.031006502,0.037894297,0.03604221,0.048441537,0.028194837,0.022865886
0.0155135,0.014810486,0.024697728,0.021001738,0.030441368,0.020467959,0.032490809,0.031406555,0.036337964,0.029547703,0.044528458,0.035007611,0.026748756
0.010321165,0.00844869,0.008432121,0.006998915,0.00955887,0.009832811,0.016134566,0.024153173,0.034171037,0.028828371,0.062883623,0.05022157,0.01127177
0.006858209,0.007311418,0.016227793,0.007625308,0.010614697,0.009323934,0.018858651,0.027734974,0.030967858,0.041249476,0.050152313,0.029350685,0.011190326
0.022362601,0.013535791,0.020321731,0.023720957,0.008305412,0.014723941,0.028734339,0.032304391,0.032644149,0.033139776,0.053773429,0.018950347,0.010173183
0.02004372,0.021467293,0.018120341,0.013308974,0.014277675,0.016007952,0.026053783,0.032434925,0.039462909,0.033593666,0.05000928,0.044017538,0.018166283
0.008502575,0.014175347,0.013429395,0.028182764,0.022083653,0.024933551,0.04105188,0.022065105,0.024456138,0.030015182,0.031800862,0.026297685,0.024293153
0.010693077,0.013557744,0.01900111,0.009375494,0.011072419,0.013550129,0.024424732,0.021868924,0.042324699,0.053359501,0.034509581,0.040884629,0.010566465
0.010730106,0.014115999,0.010080867,0.015909694,0.019474169,0.033352271,0.031303909,0.02981252,0.036181774,0.03180312,0.039024748,0.040299412,0.013707223
0.014395588,0.00721946,0.026335282,0.01412497,0.008027661,0.008869452,0.025006566,0.029547606,0.041433983,0.027793219,0.055005368,0.030593457,0.014670358
0.006699995,0.009325743,0.02367001,0.026540892,0.011114487,0.020367559,0.024009513,0.024202537,0.043643914,0.038263783,0.035440437,0.033534687,0.024537748
0.039294437,0.060252029,0.051569149,0.015716879,0.008490108,0.01925195,0.034765854,0.034518041,0.024537772,0.045370683,0.045027353,0.019464919,0.010671349
0.005889573,0.011216294,0.0125305,0.012161032,0.008648319,0.010014423,0.022721898,0.023431776,0.029642066,0.040784758,0.037063494,0.024330886,0.014600622
0.023139127,0.027725816,0.040838592,0.010220049,0.007084756,0.014026046,0.025765523,0.022596743,0.033728801,0.022071017,0.052687902,0.024838261,0.006495964
0.010152154,0.020878755,0.015785033,0.027139075,0.018281637,0.035008479,0.043947507,0.038143065,0.044511221,0.049092032,0.043068379,0.028560247,0.013699098
0.061227363,0.068752512,0.038929217,0.025535723,0.011158357,0.017434461,0.038900569,0.040250637,0.024631813,0.050386913,0.039520193,0.018843098,0.012149913
0.017848153,0.024602544,0.016150041,0.022870457,0.021624187,0.034787022,0.027929952,0.033400137,0.046406638,0.041153543,0.059670348,0.034455907,0.032982372
0.033812508,0.046510015,0.053788017,0.030561699,0.014412923,0.007394249,0.013110719,0.019385351,0.02558263,0.03464501,0.053746138,0.040607218,0.040059369
0.015507034,0.036003251,0.021287223,0.007155775,0.008120884,0.016085353,0.027638074,0.026514089,0.032189984,0.023746939,0.059278291,0.038632866,0.012553139
0.009634642,0.009452851,0.0076655,0.010012159,0.014898677,0.034430504,0.029533839,0.026982408,0.050560929,0.048225008,0.06117728,0.019152744,0.009219646
0.011691824,0.013886955,0.037051573,0.022863936,0.017086424,0.013488553,0.024373323,0.026647821,0.029957399,0.0376403,0.039020371,0.020121288,0.030498512
0.009299914,0.014999224,0.019762743,0.024568828,0.023231432,0.027312195,0.036465462,0.0292354,0.042847581,0.045848526,0.038602989,0.025852561,0.012833383
0.004873724,0.006861855,0.01017168,0.012154932,0.011552753,0.019864419,0.024462538,0.03619419,0.020875523,0.031226065,0.046601057,0.028233901,0.029397048
0.037397008,0.006668596,0.010947222,0.004464585,0.02312405,0.025555942,0.021336138,0.020201134,0.042870648,0.046590447,0.056452833,0.020686431,0.007595674
0.029205257,0.018049814,0.017567571,0.01348588,0.017444381,0.015270578,0.031468466,0.025366908,0.045047201,0.042504445,0.034546584,0.021837946,0.013580268
0.005619188,0.012152104,0.044908851,0.00947772,0.012947725,0.026825553,0.04293986,0.032902174,0.046337355,0.032867283,0.061669793,0.022527749,0.007326312
0.014606116,0.035916824,0.031048384,0.020486968,0.012589373,0.010874408,0.027024567,0.03567116,0.032498527,0.024406722,0.040072147,0.029661085,0.035573766
0.015711004,0.013467448,0.025246512,0.018233571,0.016677987,0.030276919,0.039861657,0.034732383,0.035826031,0.054097194,0.039526742,0.026631225,0.016758638
0.0401682,0.048523489,0.036854446,0.036313046,0.013391747,0.016186107,0.034516741,0.034679193,0.026304338,0.046377338,0.046014156,0.020761929,0.017941602
0.018212065,0.016456453,0.021091867,0.012173798,0.017064471,0.026265407,0.036350369,0.023465764,0.046932336,0.035058271,0.040443104,0.01833141,0.009092966
0.007987626,0.009150941,0.013980612,0.017608685,0.018772803,0.034910414,0.050310105,0.040302739,0.039248891,0.049323261,0.0443771,0.036112644,0.021183521
0.010438133,0.009218707,0.013652072,0.0180823,0.011243741,0.015225516,0.044522468,0.041846819,0.05285491,0.037480995,0.057915166,0.075592354,0.016551001
0.012017948,0.015811667,0.013625043,0.033162732,0.01497022,0.018320663,0.053222004,0.047075357,0.071501724,0.054958906,0.052103247,0.041009583,0.013247551
0.01250654,0.015682178,0.015263109,0.009871744,0.009548607,0.031146567,0.058612239,0.044304892,0.045803241,0.060674313,0.09679947,0.018904772,0.008484117
0.005556912,0.01228822,0.021223722,0.024140369,0.025424931,0.024954639,0.044776261,0.040000524,0.037534546,0.043057427,0.05562165,0.022640809,0.016882265
0.015149784,0.024144342,0.014251333,0.034979381,0.00967531,0.017546922,0.046963602,0.028458497,0.048443723,0.050811056,0.05817581,0.01961481,0.012233553
0.006007769,0.008360181,0.008661644,0.015543296,0.01685557,0.028363083,0.044073567,0.034665827,0.060408279,0.039670058,0.082737178,0.026442289,0.021804977
0.012291426,0.016522227,0.016683836,0.038862944,0.014454056,0.032577332,0.054849688,0.034669012,0.046353839,0.043020591,0.059575681,0.025184112,0.014874007
0.023688477,0.030970413,0.03857797,0.051384222,0.026818275,0.05135899,0.031122345,0.041694459,0.021392835,0.059928183,0.030820671,0.007506993,0.009866343
0.02224249,0.03450878,0.048475359,0.063947365,0.024127949,0.022357784,0.043522485,0.045596525,0.041835014,0.043359224,0.054871768,0.047729034,0.025661616
0.005557591,0.018511578,0.007199433,0.048358727,0.044094231,0.064788163,0.062680617,0.048379064,0.057093896,0.040033385,0.020428397,0.01178341,0.009180517
0.019504076,0.01915955,0.024311285,0.031695526,0.012506126,0.01661052,0.042829767,0.028165467,0.058068659,0.054351825,0.112151869,0.031425279,0.031928308
0.005812682,0.013103982,0.017024979,0.010236166,0.008441517,0.041517459,0.062944889,0.052326731,0.041290671,0.05601234,0.076334871,0.02050489,0.005512044
0.0211403,0.032148469,0.038564242,0.01456889,0.013535709,0.033567544,0.041068994,0.029311188,0.043544393,0.052901011,0.057993077,0.023501435,0.020756232
0.00503389,0.012314435,0.017850911,0.015087577,0.007106407,0.015372509,0.052883431,0.03463136,0.064838924,0.054378461,0.080870777,0.024438532,0.008879666
0.008905604,0.015754482,0.014921769,0.020794561,0.014845058,0.041451592,0.060915787,0.046762556,0.050006114,0.067990765,0.037732333,0.014309005,0.012130506
0.007604383,0.008032299,0.015188445,0.02020533,0.011511954,0.021972716,0.045910843,0.037897944,0.046368994,0.044023655,0.044313677,0.016715962,0.015894031
0.003519181,0.005413895,0.018342594,0.014536999,0.008921984,0.015225365,0.033614345,0.041178923,0.074804813,0.056899592,0.084388971,0.05239499,0.006582906
0.0117771,0.013123263,0.032004409,0.056402311,0.048408329,0.052798536,0.041811533,0.046979386,0.040107202,0.055299651,0.062000103,0.052400194,0.012894024
0.025270462,0.051039442,0.024228849,0.042490907,0.029604439,0.041233227,0.032965451,0.047002956,0.037496608,0.053245373,0.062946126,0.040917564,0.026388956
0.007437524,0.01771467,0.019161278,0.019260855,0.008318604,0.021759946,0.05600477,0.039781015,0.053775396,0.050234474,0.075873859,0.037811,0.010735512
0.014085924,0.015071965,0.024168026,0.022546712,0.014869435,0.029988844,0.046334703,0.028359946,0.03192044,0.034831457,0.045749236,0.011699057,0.013970825
0.009850456,0.019834828,0.039518282,0.052772228,0.023890197,0.028417829,0.033962525,0.048860043,0.063877583,0.070197694,0.020141836,0.017138066,0.012163087
0.01916068,0.021580914,0.023804722,0.019645732,0.020584401,0.055716168,0.045982014,0.035909567,0.054165158,0.03807468,0.05281359,0.031313252,0.015880873
0.010550154,0.013591933,0.023815183,0.032557461,0.033685345,0.053448241,0.060338192,0.037511654,0.0523418,0.035276353,0.039469182,0.016504606,0.018236022
0.013827302,0.012026561,0.016872114,0.030360326,0.009511364,0.01388881,0.03646848,0.037076555,0.033790436,0.044188894,0.062960133,0.021278676,0.010507693
0.013122122,0.02641299,0.034667064,0.031120941,0.031528208,0.037743513,0.043470014,0.049581584,0.049286,0.074287623,0.076003909,0.038448025,0.040341448
0.006519284,0.013166073,0.036999434,0.04133632,0.058599852,0.054656353,0.039972905,0.035433836,0.02658722,0.041806441,0.035740562,0.05342048,0.035203967
0.009923473,0.032302845,0.031364124,0.042789619,0.04505346,0.033861298,0.054776333,0.053269375,0.043517221,0.040054761,0.048877399,0.036119092,0.047908746
0.018314444,0.030584738,0.02456953,0.049509093,0.030996215,0.066573828,0.046916898,0.050565444,0.072587214,0.066293292,0.059104506,0.052917033,0.064573489
0.010331466,0.015300737,0.029180527,0.033157945,0.03017688,0.030341892,0.037574176,0.034719501,0.032140754,0.077531904,0.073510915,0.042985652,0.034375414
0.036380555,0.020485029,0.024037838,0.046804104,0.039868105,0.057591852,0.059268788,0.031946715,0.042164743,0.045096043,0.061191943,0.052199896,0.038038038
0.009831859,0.012527506,0.033409201,0.051764272,0.03955774,0.049989633,0.049719788,0.033724222,0.034017771,0.049619615,0.030044138,0.023905853,0.019610438
0.026416671,0.016713416,0.024460865,0.040178377,0.025468042,0.046012014,0.063425079,0.043986738,0.055778392,0.045512997,0.094327614,0.032140415,0.033710629
0.016704489,0.017064549,0.027434118,0.038897771,0.028539091,0.036698069,0.068774246,0.047546837,0.048868503,0.046347093,0.079297401,0.045008678,0.04653585
0.007285136,0.022672448,0.010705093,0.043544412,0.038728818,0.039788812,0.041060813,0.036010217,0.051528167,0.041435629,0.05268798,0.02655171,0.019687677
0.020171523,0.009660886,0.011688124,0.027008099,0.038305841,0.035939761,0.038792402,0.034496326,0.044880267,0.034371078,0.038737312,0.01216913,0.007987523
0.009568908,0.030368323,0.02569814,0.047296971,0.025820591,0.037688717,0.048801005,0.061580498,0.040944025,0.038631223,0.048499037,0.046842746,0.019559933
0.009243499,0.010440487,0.028076231,0.040177971,0.021789299,0.019987494,0.02675955,0.028707914,0.031414427,0.036670215,0.032396879,0.018893121,0.016266394
0.016329931,0.039808284,0.022809494,0.04267155,0.026105585,0.031007793,0.041629713,0.019603565,0.037255242,0.044486627,0.033903778,0.02011946,0.023481065
0.024366664,0.013186249,0.01636672,0.046621408,0.03294149,0.037381552,0.041206762,0.028343923,0.037162084,0.040482953,0.044965468,0.035528876,0.024091601
0.007488456,0.016368508,0.029280648,0.033193976,0.038160056,0.032076035,0.030943597,0.041298173,0.040017467,0.049060933,0.047537085,0.024706647,0.024550987
0.01215925,0.024100453,0.03187608,0.035725296,0.02137905,0.031271737,0.039634097,0.026632894,0.038277019,0.040964972,0.048391424,0.032010689,0.019373523
0.013162229,0.013862893,0.045413684,0.020487513,0.034125838,0.030384991,0.036196817,0.031561069,0.033939652,0.028716199,0.054454524,0.016108973,0.023313692
0.016979078,0.022074755,0.03278254,0.037931833,0.027822457,0.053928494,0.04959901,0.029212713,0.042047761,0.056162082,0.045766715,0.032809962,0.02929212
0.034810305,0.029348461,0.035810769,0.043388698,0.041952252,0.05503561,0.054850508,0.033217583,0.0456549,0.052665506,0.061917275,0.03767072,0.03869823
0.006933162,0.009048209,0.020092901,0.047376618,0.05205074,0.041732978,0.04951692,0.04994284,0.035210375,0.056303054,0.054301966,0.034938209,0.018600365
0.00995047,0.014704519,0.021431819,0.046008807,0.024843832,0.044204231,0.043217856,0.035717003,0.040830214,0.035961952,0.044933625,0.031811576,0.029143186
0.010785703,0.013917666,0.030683205,0.0437636,0.059242304,0.03060269,0.060564667,0.03518011,0.053607151,0.055366226,0.072693147,0.026008489,0.024945458
0.00710961,0.012336592,0.034691043,0.017595388,0.013500583,0.030084381,0.062187999,0.047975183,0.058149099,0.051300228,0.072369546,0.01111434,0.008210652
0.011180875,0.013619783,0.012774995,0.032671105,0.031458773,0.035681814,0.064477064,0.034641549,0.047344554,0.092799425,0.027373279,0.012263124,0.012522449
0.010892042,0.020939421,0.026408851,0.017190658,0.01080671,0.01758079,0.059844621,0.039583661,0.054710377,0.066710487,0.069513544,0.02440821,0.010006498
0.007471409,0.038984403,0.008993421,0.032323331,0.037294488,0.038376156,0.035152309,0.031056706,0.051599327,0.03160087,0.04273447,0.020523597,0.016684536
0.007243134,0.038631428,0.032647062,0.02316401,0.033687185,0.027720474,0.038185604,0.023833616,0.033585973,0.046770118,0.029361129,0.013215702,0.01053224
0.013564263,0.020636667,0.028735191,0.040989425,0.028018156,0.041629411,0.03738685,0.020413393,0.029455841,0.044177148,0.048186585,0.053351238,0.040593199
0.0149856,0.022902627,0.030860584,0.049025044,0.04003571,0.038931653,0.045179967,0.040105049,0.038432762,0.046735883,0.041874729,0.023766058,0.018218946
0.04198882,0.052407097,0.047318649,0.087398961,0.045883097,0.086328685,0.072106101,0.056300182,0.053710092,0.082167581,0.089747727,0.044854071,0.06244082
0.045670118,0.033731103,0.030175943,0.057688985,0.035188157,0.049541175,0.0594199,0.034460835,0.050001651,0.083321571,0.080938824,0.04552912,0.069235735
0.033755939,0.048201896,0.039987136,0.07428287,0.057496645,0.051228907,0.079983465,0.053774551,0.059019607,0.064367443,0.096980117,0.064143702,0.045949541
0.051873166,0.060077485,0.04643853,0.059127696,0.061620127,0.051687457,0.067891717,0.0787194,0.056611881,0.078695126,0.069311962,0.058697935,0.074818276
0.020672414,0.019437136,0.024635963,0.041365754,0.03537868,0.052456845,0.043424826,0.033230938,0.056569368,0.049307711,0.075388491,0.048627339,0.035418924
0.044538639,0.064214043,0.055888005,0.076161541,0.075357944,0.057049509,0.06700936,0.068310708,0.085218228,0.06011755,0.070374951,0.063365206,0.072340809
0.054207046,0.054581027,0.069922782,0.054990198,0.063245811,0.054484963,0.074273154,0.087727942,0.06910105,0.054975178,0.098900326,0.07392551,0.057286058
0.047769006,0.070509166,0.034468099,0.061743341,0.074609801,0.054391287,0.077756025,0.089331187,0.058445785,0.08806701,0.081335843,0.07608977,0.069573991
0.025247836,0.076883093,0.039717097,0.055877123,0.069036499,0.048848294,0.077475019,0.043586399,0.060522031,0.054729287,0.08449962,0.052094467,0.046568584
0.038781371,0.044854257,0.04004873,0.066963002,0.063853249,0.054657605,0.061877642,0.066598266,0.071744889,0.058883443,0.092337713,0.057958033,0.052159965
0.069337673,0.066480286,0.061581306,0.069978513,0.057504643,0.086670734,0.079911739,0.046321351,0.059143439,0.055042155,0.066032447,0.048473928,0.04960363
0.049080156,0.059542011,0.05223893,0.06166793,0.06709978,0.057462182,0.079373978,0.04137294,0.055071976,0.052513145,0.093539268,0.047692083,0.052401356
0.066015482,0.041795176,0.053341795,0.081765555,0.051373452,0.057167571,0.075252205,0.056372605,0.08547017,0.05659375,0.062853165,0.044785745,0.0515479
0.015434165,0.023165192,0.023238745,0.031683993,0.03693274,0.036613327,0.046036568,0.037329428,0.044989184,0.050277714,0.05467467,0.040601823,0.035307813
0.02239359,0.022972496,0.028630177,0.063780308,0.04922311,0.038931515,0.057623953,0.044888128,0.048589949,0.0500382,0.051145684,0.052636545,0.052476242
0.052042238,0.069799483,0.047943454,0.054965865,0.057341214,0.056904756,0.082354285,0.034093242,0.054111645,0.064452887,0.073735088,0.050774455,0.060963884
0.024980627,0.025166644,0.029104784,0.048918456,0.057611559,0.04602284,0.0614958,0.051719584,0.060028605,0.060128413,0.060077514,0.058659427,0.045313247
0.036500715,0.032106157,0.035380129,0.064310767,0.039264321,0.080206163,0.071248703,0.033532895,0.057179358,0.050421182,0.064188674,0.045608271,0.054728538
0.04245805,0.048873391,0.070552565,0.069415495,0.055838417,0.048902582,0.072582528,0.05118157,0.050910696,0.053473227,0.093422577,0.046649862,0.046439722
0.019125642,0.035298459,0.025230013,0.064448386,0.041982412,0.034838922,0.064787969,0.037264027,0.051688034,0.058226623,0.069392033,0.04222855,0.046320084
0.047943752,0.059731528,0.040236659,0.071911708,0.037366115,0.087803811,0.062996127,0.069100007,0.064804755,0.095985889,0.068710215,0.065170243,0.059093606
0.056769412,0.053413805,0.070322536,0.065052859,0.069907576,0.072839156,0.080145642,0.078517869,0.063383512,0.080274284,0.081794515,0.065032929,0.052889653
0.05397483,0.058087323,0.034975972,0.057789378,0.032151822,0.029007742,0.054460622,0.040883217,0.069264248,0.045529302,0.102118455,0.052338421,0.053250011
0.037036736,0.033525974,0.034203421,0.061197978,0.048658349,0.050318345,0.078998983,0.048079915,0.07875073,0.045757636,0.079118937,0.05270749,0.068740427
0.045099504,0.032356121,0.049504582,0.076841392,0.049320683,0.057815801,0.084396474,0.053705204,0.056060582,0.06427668,0.084269919,0.057916045,0.074767187
0.046468306,0.056622241,0.047732394,0.076197661,0.047217377,0.02928008,0.052448586,0.043442652,0.075795934,0.051939648,0.097349644,0.055210717,0.049648792
0.048167352,0.040357497,0.050965607,0.069078699,0.06504342,0.055525627,0.05976598,0.061798975,0.077679068,0.068358727,0.08803276,0.049362045,0.062521622
0.038765632,0.043249767,0.033072557,0.051801119,0.030383416,0.036299996,0.037608299,0.128707305,0.030052375,0.038101222,0.09413863,0.035974715,0.022685852
0.036207136,0.041684773,0.036117271,0.047750808,0.031858973,0.045145776,0.045685202,0.100788184,0.040874999,0.026957458,0.074657194,0.044730484,0.038016111
0.052265707,0.046286382,0.037737407,0.055656888,0.034425318,0.033918966,0.044816889,0.052869681,0.029218916,0.024586139,0.043184336,0.031911854,0.026854368
0.030790426,0.02780023,0.05923051,0.03564278,0.033233058,0.03987572,0.058098201,0.060591947,0.057751089,0.057947677,0.0770813,0.035924155,0.037911121
0.037109889,0.049765587,0.03976354,0.036839914,0.03167472,0.036188077,0.062353816,0.041056473,0.037215441,0.04830591,0.083471209,0.038963523,0.036427747
0.030511925,0.046069894,0.029817333,0.049194776,0.030546235,0.025812175,0.045282856,0.087840013,0.039484426,0.041848511,0.073754922,0.033116691,0.026696531
0.03892222,0.026987907,0.03554732,0.042028725,0.03693752,0.03973525,0.05035232,0.035268523,0.034535199,0.034236316,0.052198041,0.035554972,0.027854385
0.02748909,0.025883321,0.030262776,0.049107485,0.030849922,0.028008627,0.041360367,0.026823541,0.036761694,0.031742264,0.075526737,0.02974114,0.033642113
0.037855387,0.041399527,0.035903245,0.044437017,0.032008003,0.024602003,0.045959283,0.026005732,0.031446341,0.035856985,0.043890744,0.028049424,0.02370806
0.03980102,0.028311372,0.031384137,0.044385139,0.030029757,0.040937256,0.049702443,0.083452143,0.030007934,0.023051489,0.049315132,0.020494197,0.035273366
0.029432472,0.031886131,0.038263604,0.032394402,0.029753594,0.038048413,0.053723209,0.038838625,0.040435806,0.050503481,0.124895081,0.037017789,0.039281659
0.039599441,0.038330231,0.036561329,0.027782926,0.027406687,0.029348684,0.033273708,0.024439774,0.038219281,0.035323925,0.05705015,0.02932276,0.027622638
0.036963027,0.048189357,0.032429568,0.036705196,0.03393773,0.031896673,0.057038151,0.027787192,0.03471129,0.051168375,0.080492347,0.030382585,0.031861287
0.047152415,0.049489878,0.051965006,0.041301668,0.043295186,0.033285283,0.047644008,0.037243508,0.049848747,0.037755121,0.067494482,0.042506266,0.030633714
0.140920043,0.117123678,0.156882852,0.092956096,0.111725055,0.066806503,0.052732486,0.077449188,0.101243064,0.04141032,0.073581338,0.040120147,0.066976599
0.038524728,0.039663173,0.031785104,0.044002168,0.033042826,0.03014029,0.03588286,0.031669561,0.047825661,0.067366242,0.059950791,0.036768485,0.038650822
0.038029291,0.04047025,0.033388223,0.03626452,0.029482409,0.034224834,0.04266829,0.030173432,0.039736513,0.037601292,0.035974532,0.033767801,0.027402416
0.044385415,0.043413304,0.033409886,0.040509399,0.03819244,0.043538161,0.038992111,0.031805504,0.028822402,0.037168145,0.068457268,0.032889351,0.037058324
0.041252561,0.037959322,0.030592686,0.049489599,0.040333103,0.031203547,0.042447336,0.018984361,0.041595094,0.03621839,0.069746606,0.032023702,0.034276959
0.043965995,0.028770398,0.028229915,0.032447875,0.03763821,0.036134422,0.03863683,0.069695152,0.032278102,0.027927259,0.0496163,0.02727679,0.023130607
0.050938141,0.044005636,0.041498698,0.065705732,0.042664468,0.040789217,0.043635156,0.043186199,0.050481904,0.066805683,0.052159578,0.039532825,0.034359109
0.050793499,0.043121096,0.049101532,0.041243624,0.051014051,0.050975602,0.069025546,0.098959975,0.042627066,0.042999487,0.098668873,0.044575706,0.040619709
0.050962675,0.054135814,0.044358376,0.066717088,0.024048494,0.054278038,0.066599853,0.030327138,0.035623986,0.032624941,0.068274997,0.03252472,0.038551755
0.033175509,0.045368411,0.033270571,0.054321628,0.028112978,0.023811236,0.050009556,0.045657713,0.034620963,0.033768017,0.088456646,0.043990918,0.056178924
0.024924409,0.037459124,0.035939034,0.039902069,0.041967664,0.028870456,0.042282231,0.046537258,0.030152999,0.039725699,0.042696696,0.026263321,0.03017663
0.039915159,0.037826814,0.035003394,0.039093092,0.028638916,0.034350764,0.028985551,0.033290587,0.034247644,0.029915078,0.06042539,0.02429508,0.031080613
0.042354051,0.034005769,0.039344411,0.057399079,0.032915682,0.038998038,0.037832342,0.061786026,0.034997299,0.028160814,0.092507683,0.041178994,0.032229953
0.043797765,0.057167802,0.029497484,0.035161868,0.045327626,0.047050063,0.063361228,0.033299319,0.040598627,0.033496335,0.050824773,0.038147602,0.044229575
0.038592644,0.041465595,0.041494232,0.051129207,0.035724021,0.028560145,0.044950228,0.019718977,0.05647096,0.03245873,0.075120166,0.035879444,0.040015675
0.024362214,0.041068446,0.028192677,0.040611587,0.025238944,0.028094279,0.039661236,0.084291235,0.031467479,0.034760028,0.062007114,0.027807238,0.027739782
0.046210434,0.036448777,0.041305713,0.0377868,0.026700061,0.036516223,0.034160007,0.06683439,0.037291475,0.03709352,0.059672602,0.048946928,0.043436684
0.035657864,0.042258617,0.0341506,0.03537545,0.026783772,0.037730359,0.053419247,0.025446083,0.035762269,0.037898183,0.049481504,0.034415886,0.037581027
0.036908343,0.035844602,0.049948364,0.038328297,0.031600386,0.034321371,0.038193546,0.065240756,0.048493609,0.032998469,0.080614664,0.03195845,0.028505247
0.028746167,0.052783765,0.033008903,0.051683247,0.042109717,0.044885367,0.041472122,0.021631196,0.056564782,0.032487616,0.053094376,0.038584791,0.035206381
0.04517924,0.045008998,0.04683904,0.08723069,0.036900427,0.037060007,0.055215362,0.07017722,0.055949837,0.062528089,0.060603797,0.031204756,0.044878796
0.042731874,0.033191267,0.030102635,0.028513523,0.028023848,0.030773642,0.042435516,0.025718665,0.033491913,0.032719813,0.046739474,0.050149266,0.028739819
0.045373395,0.028369371,0.032995183,0.053105474,0.043393351,0.042032205,0.04251216,0.039658844,0.04585607,0.044027694,0.056078684,0.050838854,0.044796191
0.040129088,0.040970869,0.062621512,0.058331765,0.040785674,0.027341016,0.044871908,0.024500681,0.053933293,0.031771872,0.061397731,0.053783163,0.038746666
0.040387977,0.042158779,0.042168446,0.041689076,0.045089114,0.05178592,0.055569176,0.053870294,0.042728677,0.037387889,0.056080949,0.037999611,0.027060322
0.040991422,0.031528719,0.026471645,0.037837356,0.031108899,0.027446136,0.038970008,0.032954182,0.022855125,0.035136003,0.055000737,0.041562915,0.018093146
0.041324809,0.038051091,0.038569462,0.046374347,0.031029347,0.033429567,0.037063006,0.050768897,0.030547671,0.035324924,0.055591803,0.034663349,0.032312106
0.048885938,0.035312552,0.039534967,0.055489007,0.040787902,0.028784148,0.040958688,0.060571112,0.045991674,0.03612034,0.05449333,0.041686229,0.033540331
0.040853363,0.034745518,0.024556885,0.059030902,0.043360442,0.033497691,0.05071165,0.058052789,0.042631991,0.039908111,0.065294929,0.031851381,0.027943736
0.04906597,0.045665387,0.048927888,0.030770095,0.034968413,0.033476416,0.036618516,0.035252243,0.038132858,0.030736683,0.080410801,0.036114112,0.031230118
0.028099852,0.028681887,0.030978445,0.04209682,0.038290881,0.02605029,0.036188267,0.021604812,0.026883833,0.030221172,0.051892824,0.025643732,0.026302315
0.021142121,0.026729131,0.029836902,0.056750759,0.04301317,0.044313509,0.036437273,0.031736813,0.048446111,0.037452031,0.053351711,0.033793785,0.029989079
0.029548781,0.032205757,0.031425074,0.053981502,0.042760398,0.030438144,0.054541446,0.03449836,0.045374528,0.029387316,0.06896168,0.041065026,0.029853385
0.037420005,0.026259568,0.026095727,0.044922482,0.029541941,0.039107338,0.035812333,0.026603363,0.030902183,0.026376495,0.042580556,0.031407699,0.028635925
0.028789252,0.043708365,0.028128685,0.050952721,0.027820811,0.034963112,0.035899155,0.05127883,0.02965562,0.034942489,0.044563264,0.033444598,0.037474182
0.024165275,0.025998676,0.032494236,0.045952633,0.024353111,0.028767889,0.038821675,0.032705165,0.025353393,0.039426342,0.04553489,0.038605407,0.0349494
0.040689714,0.037742686,0.045254502,0.03340254,0.036975324,0.04953637,0.046233468,0.032595187,0.028741211,0.042514283,0.070352644,0.043752223,0.029294897
0.034488089,0.035282347,0.035497792,0.033545807,0.028418057,0.033816446,0.089381784,0.08406546,0.043922577,0.023091264,0.051107317,0.075493298,0.026366338
0.046497058,0.047445673,0.037228882,0.047059409,0.025033034,0.043331392,0.047763899,0.030190941,0.051247645,0.042568043,0.052487865,0.032275058,0.034736209
0.041529488,0.033618048,0.031549703,0.04831199,0.028333062,0.02647987,0.030416762,0.067720346,0.029117947,0.029854869,0.063608482,0.030404821,0.032931272
0.04607486,0.033393096,0.039160792,0.049188454,0.042430148,0.043190632,0.041787315,0.068607159,0.04360218,0.03528161,0.070975944,0.037063017,0.027340382
0.033610657,0.042793982,0.042944998,0.05879062,0.032917354,0.032588236,0.036023922,0.082365386,0.049526006,0.042324167,0.065489955,0.037623487,0.028097806
0.04052731,0.028413001,0.034725811,0.035861444,0.037240248,0.041326389,0.044917308,0.028898982,0.040393487,0.038357899,0.078138217,0.038615126,0.037042014
0.048193596,0.035634309,0.072652191,0.037616745,0.033180974,0.026445534,0.042194843,0.031611189,0.037320066,0.029160846,0.037814256,0.038581297,0.035126783
0.033414852,0.037662625,0.039525129,0.039896797,0.032813128,0.037230846,0.032674104,0.044344746,0.044679895,0.030916249,0.045928657,0.03664561,0.024912175
0.045838587,0.031687614,0.050977033,0.037715137,0.030732602,0.033162799,0.040565453,0.104630128,0.036100786,0.030872539,0.062781237,0.035365291,0.033174198
0.044973712,0.047010604,0.041851524,0.044477075,0.034531455,0.048962861,0.051214822,0.031749804,0.054866083,0.041951209,0.085593931,0.049754653,0.058071464
0.03812886,0.058424052,0.035444982,0.047059141,0.036850587,0.052886106,0.053298544,0.029584201,0.044666462,0.029215511,0.071773551,0.038963392,0.066839755
0.032370303,0.04166358,0.037982214,0.042096883,0.079238191,0.044046625,0.05503729,0.08546,0.053892419,0.05122162,0.085509486,0.038955163,0.047683652
0.034340769,0.060600929,0.033785842,0.036901969,0.028515829,0.037054267,0.056387141,0.027838061,0.029614076,0.038065229,0.05984408,0.034536872,0.035274476
0.032362599,0.042468458,0.040074315,0.045348816,0.034316774,0.036502354,0.062816583,0.040533628,0.034871411,0.029675135,0.047379542,0.031557728,0.028401041
0.042598449,0.045813456,0.031795915,0.037558727,0.031626567,0.025366796,0.03427938,0.028457964,0.046849873,0.040473811,0.046034936,0.038668714,0.04139882
0.039416041,0.042119443,0.041820921,0.029374063,0.02670954,0.027644824,0.041488223,0.028196419,0.039215323,0.035648093,0.060981296,0.028365292,0.023168335
0.039288122,0.029835366,0.035553105,0.035252064,0.026097238,0.027721677,0.037574738,0.064012095,0.041087758,0.050573308,0.079151236,0.031746034,0.035586216
0.047059514,0.04794902,0.023710057,0.048447605,0.034255154,0.047934152,0.079659842,0.047823071,0.04838004,0.056950275,0.070033535,0.024690501,0.030390054
0.072227381,0.042620715,0.033501346,0.045419112,0.027584363,0.033672307,0.036592647,0.091674581,0.036595907,0.027992221,0.074197069,0.042739969,0.043424219
0.040881507,0.048810292,0.042118262,0.05911158,0.031707995,0.041487433,0.069252066,0.031581074,0.04934499,0.029790282,0.091626592,0.044651803,0.036065165
0.028585669,0.032545857,0.040310323,0.036724888,0.021016056,0.035172828,0.040622853,0.03119275,0.030640671,0.038673081,0.059746645,0.028041374,0.037176833
0.044728417,0.046941943,0.071681596,0.042883787,0.057083648,0.031890955,0.039228346,0.038228918,0.062530421,0.03669234,0.063503809,0.053241149,0.030342275
0.02473362,0.030712552,0.032330975,0.049183864,0.035318632,0.050420843,0.043907966,0.036660992,0.056246553,0.041258942,0.0666757,0.036552265,0.035419609
0.021866415,0.028821308,0.022191212,0.042460766,0.040969968,0.041365996,0.071348786,0.033919126,0.036308281,0.049074925,0.060654987,0.034304239,0.044801049
0.057560783,0.029589506,0.02766473,0.049000762,0.030476239,0.035182737,0.031436358,0.077496044,0.02728761,0.022763791,0.060992464,0.033127934,0.029524708
0.029241685,0.032315888,0.038696185,0.038856022,0.050475389,0.040855277,0.049574882,0.04336765,0.052795704,0.038064692,0.062772028,0.049431324,0.036954001
0.03738467,0.033337563,0.027009623,0.033720721,0.026638076,0.032179989,0.03334748,0.021277064,0.032354675,0.027044518,0.049516566,0.0286576,0.028425744
0.023323692,0.026202234,0.025941571,0.038948674,0.023973638,0.029175378,0.035120495,0.03014886,0.041678771,0.039700042,0.06226749,0.03750357,0.029456068
0.041046962,0.058811791,0.038649607,0.03827586,0.034318786,0.03479103,0.057922669,0.02963056,0.036034912,0.028743275,0.037453946,0.026735183,0.034590207
0.040795505,0.042858489,0.032975335,0.063410461,0.036639072,0.052494068,0.040004175,0.191676781,0.044484802,0.029836541,0.074116878,0.036834754,0.031741165
0.034529228,0.050853137,0.034153562,0.043757521,0.041190658,0.06544245,0.048891298,0.029218132,0.047121249,0.032461956,0.052903343,0.038960252,0.064474389
0.046372626,0.039970089,0.034011658,0.044459384,0.028446574,0.036362365,0.038313311,0.028401503,0.03342054,0.027715588,0.051820196,0.035347823,0.028560678
0.035716243,0.030066755,0.038847923,0.029887652,0.030779228,0.033735752,0.049725663,0.028147954,0.034942009,0.045845941,0.108283579,0.031880178,0.041559149
0.046380971,0.035937726,0.037712272,0.036613721,0.043264747,0.038463745,0.0539403,0.042528652,0.034953099,0.034985702,0.064861953,0.035487287,0.032207549
0.042318888,0.03533183,0.039120324,0.069379903,0.042151071,0.038531262,0.04149228,0.075149037,0.027197832,0.035030577,0.074164614,0.038516466,0.023375111
0.054660853,0.061607894,0.059961691,0.03687913,0.039459132,0.033940759,0.044644531,0.039217934,0.041673079,0.043471321,0.048293084,0.032462347,0.032731023
0.041495491,0.034132201,0.027555455,0.045256101,0.041122288,0.031611513,0.048888154,0.022511696,0.038276564,0.04126272,0.070903435,0.028836654,0.034276959
0.043169674,0.030746467,0.0393852,0.054775231,0.028536504,0.03821224,0.042559355,0.037523344,0.038726252,0.036503326,0.055801727,0.0421771,0.027526809
0.036441803,0.02922374,0.038302284,0.039946169,0.026069935,0.033661712,0.038598061,0.035396051,0.037183985,0.037814215,0.070689902,0.028692598,0.040930703
0.023732308,0.026067073,0.031265546,0.030053038,0.035344724,0.025064813,0.0355988,0.021598535,0.024528774,0.039520219,0.068454206,0.036524978,0.034899246
0.03280193,0.041541394,0.047281329,0.042789742,0.034256481,0.037107609,0.040387567,0.033803709,0.039951939,0.041323125,0.044503409,0.03186357,0.033068836
0.026867231,0.032119021,0.02940478,0.039172731,0.032197397,0.045484267,0.03373082,0.068085462,0.041580319,0.035027944,0.074909441,0.033321802,0.029355368
0.041596957,0.036947601,0.043060362,0.037846714,0.035232205,0.035995238,0.048582196,0.024521101,0.026923137,0.027815033,0.033422694,0.031938881,0.035103846
0.047194127,0.042892482,0.034821808,0.045634318,0.034601197,0.050194334,0.050473884,0.049597993,0.049650919,0.053233776,0.06421867,0.032039203,0.026388649
0.035223193,0.092750758,0.045953836,0.03832275,0.027400158,0.030178441,0.058355968,0.066756912,0.025038745,0.03957947,0.070191957,0.073310293,0.028605673
0.02595062,0.025564507,0.022051182,0.039255649,0.035772998,0.039020654,0.03931177,0.047384668,0.063684694,0.04000131,0.060222216,0.055136643,0.029985622
0.04830756,0.026760576,0.033569846,0.061761092,0.033533845,0.045258272,0.039883081,0.129598662,0.044183258,0.042407498,0.074922442,0.039786469,0.031711817
0.04226258,0.038157362,0.027755246,0.034606755,0.034176636,0.036195502,0.03728373,0.037391972,0.027587293,0.04463372,0.069558471,0.038701292,0.032152675
0.024302835,0.025714181,0.022800744,0.041753661,0.022138013,0.040637735,0.040189318,0.033077002,0.058292918,0.033726044,0.052368633,0.051474769,0.027972659
0.081756137,0.061892107,0.08280085,0.031174749,0.057147961,0.02900313,0.043229215,0.025885876,0.037128177,0.029516656,0.058870349,0.027339103,0.044546984
0.049544536,0.068216458,0.053161081,0.036008108,0.037452824,0.037858333,0.050932564,0.029089483,0.051391706,0.039547402,0.068123601,0.034994956,0.037077792
0.036369402,0.041974165,0.034449488,0.041207399,0.026097883,0.033180814,0.040889081,0.060671721,0.02591469,0.032738343,0.043671623,0.021711374,0.025279932
0.0264685,0.03336725,0.039368805,0.03794875,0.03403116,0.030725025,0.030820746,0.057665519,0.02763789,0.039133932,0.055148639,0.029744767,0.030030875
0.038039573,0.035562653,0.037359435,0.040588714,0.019645387,0.027002655,0.048421159,0.049879864,0.032703053,0.041993372,0.060278933,0.02609027,0.022455612
0.027894815,0.038033996,0.017720805,0.052168362,0.029060459,0.031578656,0.051639229,0.078546293,0.035044961,0.033564087,0.117040567,0.019926928,0.030971069
0.045630455,0.044018704,0.037655648,0.02667263,0.047450937,0.04465685,0.036919925,0.031424057,0.042615902,0.030055743,0.055972487,0.036030773,0.026889646
0.037186105,0.048509277,0.048600536,0.042962618,0.034545898,0.038337946,0.047021318,0.023809435,0.070770159,0.029134473,0.082826152,0.043500591,0.036214639
0.036727391,0.042783093,0.087586805,0.046306595,0.027566649,0.034283936,0.101915494,0.039101355,0.041884534,0.043432809,0.158510178,0.045631662,0.052069731
0.038654901,0.031827748,0.027348623,0.042245667,0.024747925,0.039272521,0.030856753,0.07973507,0.024500363,0.030014738,0.04620903,0.031353187,0.0225925
0.030004121,0.045014329,0.031886533,0.048419259,0.039420065,0.03034289,0.037406474,0.03454883,0.042547245,0.032415826,0.067331202,0.041296981,0.027028214
0.036235765,0.038257569,0.03195969,0.0384035,0.045258615,0.045149527,0.053090867,0.050583422,0.038031705,0.053141322,0.075999968,0.034755517,0.032213416
0.043415722,0.031666216,0.041599162,0.038893666,0.054037753,0.041832868,0.038262859,0.050813861,0.031562869,0.03514206,0.053002771,0.061760373,0.026681885
0.03756329,0.02734183,0.02295013,0.026882237,0.023586752,0.027836505,0.03647932,0.042590439,0.02707069,0.029157454,0.033168208,0.033131517,0.021279128
0.029403836,0.03286688,0.035676714,0.045399092,0.038160872,0.04165284,0.036549337,0.050955109,0.029669873,0.037154809,0.058942273,0.049024254,0.038628966
0.023798687,0.031420425,0.02285995,0.029787419,0.01978535,0.029687766,0.036058772,0.042162146,0.022648565,0.027241906,0.052394506,0.02926416,0.02169566
0.0341512,0.025719618,0.024311235,0.041988727,0.03512872,0.024443885,0.039343659,0.028644312,0.035554495,0.028289147,0.066302247,0.02831398,0.038340036
0.038296632,0.036066469,0.036618344,0.037697367,0.029622627,0.040239196,0.028992565,0.026769187,0.028186643,0.028530866,0.041131914,0.028359719,0.044837661
0.030704636,0.035674956,0.041177608,0.038384326,0.024757905,0.039298147,0.038790572,0.037421323,0.030640671,0.043019086,0.066715002,0.028025113,0.032574341
0.043761142,0.033226509,0.032790996,0.045775998,0.042695608,0.038162407,0.040486343,0.032076944,0.040203273,0.046630941,0.081875801,0.051388837,0.029458562
0.032679074,0.040797938,0.040697012,0.041136932,0.030713044,0.034974132,0.038787227,0.029076025,0.036705159,0.034379639,0.045726791,0.032131527,0.029467536
0.024360731,0.035990752,0.036448166,0.047506794,0.035919704,0.026168542,0.045428921,0.051160101,0.042568825,0.037497465,0.04015436,0.037397999,0.025991552
0.0384624,0.04626222,0.04252661,0.044268601,0.026638739,0.029012959,0.04645174,0.046788406,0.042022381,0.035649225,0.064941138,0.037624378,0.028686363
0.042198185,0.059303015,0.036094587,0.056707375,0.031742513,0.03184234,0.050372001,0.042631336,0.045065746,0.033589009,0.056631017,0.035294335,0.031885542
0.068132982,0.062833406,0.038827665,0.062837601,0.069719829,0.060394142,0.095570572,0.124235831,0.047487624,0.085481964,0.057705641,0.046210397,0.05047923
0.038584732,0.033071209,0.033515263,0.036114022,0.027749319,0.036503926,0.044844463,0.034413006,0.035747096,0.03158902,0.040539209,0.037139945,0.024462907
0.023553396,0.297044247,0.05628546,0.037868928,0.035449762,0.043399747,0.089231841,0.164785013,0.037507042,0.061939429,0.061521266,0.071863353,0.028752455
0.02681927,0.047061075,0.038948961,0.040975198,0.036494635,0.065191291,0.042224273,0.024482694,0.049309433,0.031772241,0.044570219,0.02928257,0.040464886
0.036939267,0.042347562,0.046081606,0.046871379,0.02871271,0.031827692,0.052763015,0.036048092,0.037137907,0.030019328,0.056498855,0.036543243,0.03196381
0.047742113,0.049252324,0.039787907,0.034721613,0.036723685,0.034849528,0.049076248,0.034711793,0.052540842,0.04050893,0.066278793,0.046212349,0.025394063
0.031771749,0.022631165,0.026536159,0.032626152,0.026077943,0.031729151,0.04906847,0.028853642,0.047805373,0.050413605,0.067814298,0.041653767,0.036419403
0.034683809,0.042466849,0.035706155,0.032503638,0.042463377,0.030445538,0.044085175,0.035440259,0.037201166,0.02913516,0.054280508,0.022005698,0.039407644
0.04970656,0.051603619,0.039605357,0.039486252,0.032123994,0.035639308,0.043837383,0.025591761,0.027445698,0.027609689,0.037605114,0.034336671,0.037487924
0.061191604,0.075518772,0.054918531,0.069986269,0.053269885,0.05946786,0.070702277,0.072989479,0.063129395,0.043049369,0.073610596,0.058543172,0.052947227
0.052004572,0.052998703,0.032065649,0.061202511,0.042162668,0.05138601,0.044196293,0.048782885,0.054621652,0.051143482,0.065239988,0.048711617,0.052355461
0.033238821,0.030134251,0.037367921,0.030148277,0.032772902,0.036791895,0.044192336,0.059660394,0.027893072,0.029822692,0.057220582,0.032392994,0.031486049
0.034860551,0.046792567,0.02901179,0.02874531,0.034643084,0.026647953,0.052927095,0.03199707,0.035812758,0.045510784,0.049113844,0.034626324,0.037826143
0.032130644,0.04081073,0.039638259,0.031907335,0.037925102,0.063389473,0.043081913,0.029145127,0.045003951,0.03527756,0.051567029,0.034712743,0.052678272
0.039798647,0.04631383,0.032926336,0.032319792,0.048425991,0.03071457,0.028715856,0.024003025,0.033985432,0.029588129,0.049631201,0.032814309,0.043856896
0.040896036,0.030311348,0.033569846,0.053962585,0.033533845,0.042763632,0.043036591,0.129598662,0.054546349,0.042407498,0.069296636,0.039786469,0.031711817
0.043597415,0.04151332,0.037229609,0.047522712,0.03735755,0.038185868,0.070392311,0.034982082,0.037456885,0.041081466,0.084405385,0.038436659,0.030080628
0.042531896,0.041571781,0.028985577,0.04348737,0.035472061,0.03178395,0.035650611,0.032272559,0.02841864,0.040513784,0.066951171,0.040237617,0.031719659
0.021944331,0.0210499,0.026187813,0.04150708,0.033991009,0.033512052,0.046981759,0.0267452,0.060609374,0.034881353,0.059618331,0.03831891,0.03010981
0.043912422,0.036765028,0.047232527,0.084738843,0.039125286,0.047726434,0.040964179,0.033419155,0.043904159,0.040703986,0.081311464,0.038783118,0.029793682
0.042189837,0.042604834,0.05033312,0.043856923,0.045717638,0.037360795,0.039024904,0.037079342,0.057085004,0.052599892,0.064860977,0.056367647,0.051461224
0.035152901,0.038522076,0.04066401,0.025448291,0.032405932,0.024016777,0.03211192,0.026634475,0.026713094,0.032631811,0.042381406,0.026802573,0.025548114
0.055607758,0.055015381,0.060632549,0.058371827,0.033021577,0.041072819,0.048965663,0.031484146,0.036978815,0.030525528,0.06774547,0.036570843,0.037049297
0.036275156,0.023980305,0.022801084,0.054378245,0.031656507,0.043768335,0.057046946,0.101020351,0.031167027,0.031042365,0.071577281,0.042227477,0.034523468
0.034930609,0.051299464,0.03915396,0.046382163,0.038619183,0.052185744,0.045686703,0.028744064,0.038529757,0.030633274,0.056922622,0.040354531,0.044639308
0.051703002,0.041267246,0.036712375,0.043178696,0.034225114,0.046800952,0.030797193,0.038320389,0.03447048,0.033175409,0.067216933,0.029550113,0.034979813
0.034619525,0.043884587,0.033635065,0.047571678,0.025725929,0.037273698,0.040344734,0.034861263,0.042296078,0.044326346,0.057167653,0.038470335,0.037150655
0.039780941,0.036880888,0.03082975,0.043186508,0.028956436,0.041921947,0.036243994,0.035605252,0.03951557,0.036750715,0.046325672,0.051316362,0.028981695
0.064127363,0.038472183,0.035190534,0.051721882,0.029960115,0.033782005,0.044688325,0.039264336,0.044615924,0.042849973,0.051687416,0.050314702,0.043763217
0.052905083,0.038687628,0.043408249,0.052126989,0.054114848,0.041295566,0.041001827,0.037005488,0.051627491,0.037124086,0.051082157,0.040861741,0.035281025
0.033846501,0.034507103,0.035307892,0.05032954,0.031549491,0.033794738,0.033926424,0.061538294,0.040180266,0.041228525,0.050885603,0.046532121,0.046802264
0.028188476,0.034681667,0.03954231,0.045877438,0.028405929,0.026533812,0.028370073,0.052796904,0.02864342,0.029750751,0.059515931,0.031783499,0.030067246
0.049121115,0.035522666,0.036537614,0.052526068,0.043831613,0.044641379,0.06615366,0.037583198,0.053789925,0.035945274,0.053638112,0.063318767,0.050738789
0.041059237,0.051765885,0.049987104,0.042964701,0.038529824,0.044524241,0.044111956,0.025776163,0.055349723,0.035091899,0.052009229,0.039381202,0.034457508
0.044957217,0.042470992,0.029369185,0.041651241,0.051050745,0.033499155,0.028708624,0.053126547,0.036060654,0.038344353,0.055217642,0.038797636,0.038261443
0.054274715,0.056362368,0.03131786,0.039255373,0.034735464,0.033475403,0.046897843,0.037793983,0.028605288,0.036105063,0.067681924,0.02814335,0.028107796
0.050685611,0.040702164,0.037490238,0.039498594,0.026329994,0.040759984,0.043134183,0.038048476,0.037093103,0.037860256,0.053934019,0.042913999,0.022715556
0.118984669,0.062828563,0.084484078,0.031256489,0.047208071,0.04047709,0.060938153,0.039506871,0.035976984,0.031640392,0.047724575,0.032100786,0.036109317
0.041662149,0.043860715,0.03487853,0.052110195,0.037979208,0.026728813,0.034859031,0.048247363,0.019854613,0.037415091,0.068470657,0.031426791,0.035377197
0.042849984,0.043916341,0.050649825,0.047774058,0.039393634,0.041735649,0.049863644,0.051074225,0.039401948,0.048356015,0.068825714,0.055208642,0.049717896
0.055208862,0.033867985,0.040387765,0.041154437,0.045512583,0.044698793,0.036038287,0.038707104,0.066969603,0.058083922,0.047043223,0.043957762,0.0501788
0.031056987,0.034970205,0.027703749,0.032739289,0.044927195,0.025961382,0.048242617,0.037342753,0.036634747,0.048446499,0.048553761,0.032971807,0.025017632
0.034613285,0.035822213,0.038410172,0.028022537,0.02573728,0.03827858,0.039710447,0.029801264,0.033167157,0.027339716,0.056947149,0.039457861,0.041350536
