"VV_2017-05-15","VV_2017-05-27","VV_2017-06-08","VV_2017-07-02","VV_2017-07-14","VV_2017-07-26","VV_2017-08-07","VV_2017-08-19","VV_2017-08-31","VV_2017-09-12","VV_2017-09-24","VV_2017-10-06","VV_2017-10-18"
0.071524538,0.088606037,0.148548499,0.157933176,0.174688533,0.274549782,0.184390247,0.184464112,0.260762751,0.174210876,0.263672531,0.120507941,0.162842736
0.078668155,0.107462563,0.137100741,0.128553465,0.199980184,0.272652984,0.18621102,0.156254917,0.18680279,0.243475869,0.155156523,0.187112689,0.17033647
0.042443659,0.086642012,0.087695271,0.094575502,0.080621377,0.166936278,0.174445733,0.165242389,0.220699653,0.145067915,0.191584975,0.09652061,0.129818261
0.08123412,0.1151684,0.138506651,0.132238626,0.146637768,0.194092512,0.173998967,0.115337394,0.201256156,0.240395784,0.173168331,0.175103918,0.134985566
0.055819806,0.080779314,0.143658295,0.166862696,0.111856222,0.174644932,0.184908703,0.096853189,0.142399594,0.167687938,0.151565269,0.093948245,0.101476319
0.193669125,0.159873322,0.152434051,0.145759106,0.133332863,0.253566295,0.217253596,0.163882151,0.330963463,0.198968709,0.181139007,0.165010378,0.169749439
0.075798668,0.246442646,0.182567388,0.167689741,0.139970541,0.238942698,0.211682841,0.157282442,0.169634581,0.19040522,0.213761225,0.176136836,0.113097683
0.094668612,0.201783136,0.181391314,0.186255947,0.165872782,0.158634856,0.162763983,0.22295849,0.20996061,0.170725077,0.184319258,0.128453329,0.169374958
0.096180491,0.157286525,0.150029257,0.206083626,0.169798642,0.270085156,0.221627608,0.19612667,0.22521551,0.238086984,0.252252758,0.15758872,0.209542766
0.081709392,0.185306266,0.129256502,0.096487053,0.122264579,0.210002229,0.141162947,0.159106985,0.150524899,0.160289824,0.184036076,0.116038673,0.132412359
0.136769444,0.110161535,0.165351614,0.179805905,0.177833065,0.326554716,0.186992377,0.216626123,0.397020966,0.215959802,0.188478082,0.164835751,0.245971471
0.103689477,0.139891163,0.180853844,0.195532307,0.135582134,0.176343814,0.220483378,0.14111644,0.203135967,0.214348555,0.225234538,0.18132861,0.206704751
0.104650244,0.145655155,0.194196776,0.222150952,0.154169127,0.252555609,0.171085536,0.187664464,0.225255013,0.198649317,0.237706468,0.166185856,0.162510857
0.069573902,0.105060197,0.132024482,0.165707856,0.133311033,0.130798981,0.168488413,0.181915402,0.226181313,0.130681962,0.105372019,0.152889147,0.096143059
0.113031603,0.120655455,0.184585169,0.138207465,0.172948599,0.211871088,0.176638007,0.213096991,0.202592179,0.150603354,0.220732346,0.12578766,0.157644346
0.137325883,0.10686738,0.154738992,0.12034563,0.196644574,0.205483854,0.210998207,0.191891432,0.266307265,0.158182383,0.165609181,0.135004923,0.190166578
0.122822762,0.189219996,0.153522953,0.154195115,0.199341267,0.189871088,0.177605867,0.202594548,0.230357081,0.223629087,0.287495434,0.152368307,0.193330958
0.130207688,0.14488183,0.142848805,0.257425189,0.25430131,0.197376102,0.218743846,0.171122625,0.250336528,0.278419524,0.226997957,0.233704105,0.161747709
0.161269397,0.173674047,0.147858426,0.200474292,0.189052373,0.276367217,0.174330756,0.273504734,0.231474087,0.21033448,0.165780574,0.130229324,0.165656343
0.072492294,0.094911635,0.081937544,0.20110397,0.158277124,0.152723357,0.212881789,0.167795196,0.200147897,0.187214747,0.107990697,0.145212248,0.241109192
0.05490027,0.07264448,0.0921783,0.151150599,0.183247477,0.206700742,0.170630023,0.182383537,0.239994437,0.190112278,0.294627994,0.160102606,0.158864692
0.0758503,0.10839422,0.19598487,0.170958266,0.177171052,0.191683784,0.189001322,0.173262134,0.190946788,0.18425788,0.122580886,0.156988531,0.163098887
0.086983718,0.109377094,0.17072773,0.203795969,0.126385584,0.243217245,0.24837862,0.161284402,0.202934518,0.180841163,0.220975101,0.132476047,0.241262287
0.160537124,0.119193792,0.148260847,0.21708931,0.174254596,0.211201683,0.242654726,0.163545236,0.182017818,0.227557793,0.23508136,0.185556352,0.186876535
0.111849748,0.161853075,0.175742671,0.178484276,0.215589955,0.211697578,0.232152864,0.162310869,0.222027674,0.189318985,0.126671866,0.250976384,0.207333416
0.040759064,0.139940649,0.131705478,0.206792563,0.119948924,0.203964278,0.180540144,0.162533313,0.203974158,0.226760283,0.159154728,0.131063342,0.152935535
0.185184345,0.139191076,0.124284573,0.255756289,0.161529154,0.174610689,0.255950749,0.227984309,0.239497274,0.289076626,0.154492632,0.159716502,0.202470779
0.065367654,0.101481326,0.151607454,0.216497198,0.153724387,0.229209796,0.365014255,0.241097271,0.228484869,0.16936639,0.139131472,0.206563041,0.219019309
0.133829251,0.139876544,0.15600872,0.15581353,0.12633729,0.160673589,0.161492154,0.121246628,0.176430359,0.293634146,0.202306569,0.202332333,0.147173107
0.137990519,0.189576566,0.154686615,0.20932509,0.171791732,0.232002437,0.232105896,0.127334341,0.214645833,0.239477158,0.190619037,0.200871676,0.214999273
0.109232239,0.131678849,0.168063641,0.170472533,0.13076666,0.214713007,0.232099876,0.130696356,0.207009971,0.199210599,0.275691986,0.141522661,0.180023894
0.104600959,0.207207128,0.139609024,0.18223542,0.166296422,0.184671789,0.212533846,0.10937576,0.179121584,0.23980172,0.19364813,0.175564677,0.20592688
0.15954113,0.226105407,0.146143287,0.257095844,0.185059682,0.201629892,0.208543062,0.18705979,0.180366337,0.257591277,0.152240291,0.248670772,0.187400714
0.099415153,0.155879766,0.156426743,0.148387283,0.171084091,0.162959322,0.187475786,0.162978947,0.22314924,0.213431492,0.147798672,0.1812381,0.173666999
0.10934633,0.07029479,0.096623838,0.125665367,0.125587896,0.160830364,0.193034485,0.156375408,0.192933455,0.156816497,0.280053884,0.202026576,0.147421777
0.131737843,0.113500267,0.134447694,0.100796908,0.118855365,0.139518604,0.229930162,0.174843878,0.216653883,0.167518169,0.167636484,0.109325379,0.210662559
0.058761481,0.146065474,0.068484455,0.119861923,0.152119979,0.231164977,0.176951945,0.126106173,0.195753455,0.181680501,0.15492934,0.072623149,0.118973292
0.070146129,0.108628556,0.122264966,0.175058752,0.163434505,0.274510354,0.220634967,0.198953137,0.248953864,0.205442905,0.10685198,0.096930653,0.145693451
0.157180279,0.152821034,0.118803486,0.214843333,0.156068087,0.194168061,0.196659923,0.262049168,0.148219615,0.170472533,0.143165454,0.206139639,0.175979212
0.175294697,0.149494871,0.169012561,0.201199263,0.158497795,0.187442809,0.199437886,0.185752153,0.189059034,0.166855752,0.185895115,0.166971341,0.181152523
0.119691618,0.169010729,0.194228411,0.127750456,0.142614931,0.144067124,0.185141221,0.162011668,0.210730061,0.149215981,0.137546748,0.151987523,0.156509995
0.051608142,0.064483374,0.092767626,0.124373004,0.122989357,0.121201545,0.157052159,0.188183382,0.175218508,0.18895039,0.148365945,0.078865781,0.099470384
0.134163946,0.099318095,0.180824831,0.173864812,0.187941268,0.233868256,0.19079186,0.157719389,0.167284608,0.187134981,0.127981886,0.141610861,0.133140922
0.176622614,0.087656178,0.108621225,0.224761695,0.197129101,0.222685784,0.233718887,0.22053872,0.25852108,0.302123606,0.234628364,0.251316339,0.261661232
0.130507126,0.172651932,0.157755151,0.18941921,0.147738457,0.202690348,0.195599228,0.103950605,0.184475735,0.233891338,0.148552656,0.166774914,0.176375613
0.106194727,0.146396637,0.136795834,0.128514618,0.142664179,0.194905743,0.229659542,0.209894925,0.217757761,0.174061775,0.244789228,0.205470651,0.175104305
0.073475704,0.130039498,0.115400173,0.136108264,0.1388098,0.203712642,0.147640869,0.134665087,0.209090158,0.168342754,0.237059236,0.166140154,0.132402956
0.059469752,0.084689647,0.189125523,0.122016475,0.170339093,0.201929018,0.224358842,0.130805805,0.213111624,0.160842732,0.212992489,0.119722396,0.131311938
0.072824076,0.156158194,0.124894857,0.240847975,0.172445089,0.242891118,0.301450968,0.129015163,0.178263322,0.172894165,0.209025368,0.148494303,0.173723623
0.169843212,0.174984992,0.173739746,0.173054099,0.183762789,0.142509729,0.180851728,0.182839021,0.178122252,0.212165639,0.231276348,0.178761199,0.134591952
0.039031539,0.065624475,0.127031058,0.116137654,0.137678906,0.165180117,0.217321947,0.172928303,0.191319302,0.213977545,0.223237872,0.12164595,0.188635573
0.110892408,0.120536752,0.113071635,0.262283206,0.225830987,0.195235178,0.212796271,0.195713326,0.217828825,0.228588998,0.161870196,0.184403628,0.226676688
0.108940028,0.17523095,0.15590772,0.200032443,0.192341447,0.247765481,0.161157712,0.204963058,0.26508376,0.266804397,0.238518029,0.149287239,0.165586263
0.138831019,0.211759746,0.121449083,0.174253911,0.082355201,0.137436211,0.14772974,0.204566956,0.201201051,0.15829429,0.267081261,0.082217492,0.099479109
0.087674722,0.144277796,0.152549818,0.129217222,0.118638352,0.209786043,0.190738738,0.211782023,0.247485518,0.141411766,0.170132965,0.157433733,0.157221645
0.150089592,0.233017266,0.234008089,0.202320457,0.174694136,0.212015703,0.173639968,0.187597483,0.238222912,0.217598051,0.174962908,0.201091602,0.202575907
0.089396901,0.092511803,0.088337094,0.151870891,0.134695739,0.213542819,0.169999972,0.135891974,0.140020728,0.214748114,0.244321913,0.116827026,0.10864041
0.151927412,0.172631234,0.102398835,0.13156344,0.126214013,0.153667331,0.124771364,0.135435224,0.219118193,0.216462657,0.350761414,0.108414195,0.213482171
0.149045631,0.151769042,0.173485309,0.160373107,0.189369634,0.197108954,0.220363468,0.252284765,0.224210694,0.254619956,0.19094567,0.181415364,0.184767485
0.047157165,0.040825743,0.080869883,0.236753166,0.163486376,0.237144485,0.189646035,0.182808504,0.225678205,0.151368082,0.153947949,0.118700892,0.137039334
0.122275464,0.150824144,0.136354566,0.137099162,0.149145588,0.180539846,0.143891558,0.116101682,0.245006189,0.253055066,0.22465007,0.14641355,0.120043427
0.113025114,0.155795857,0.13510704,0.19951202,0.230585933,0.199827552,0.247177169,0.178328842,0.173015818,0.209823132,0.198225498,0.164575547,0.200728044
0.153516576,0.115221433,0.198860139,0.144394681,0.155326232,0.176467106,0.165146247,0.178955242,0.215331912,0.169946507,0.161636367,0.125787467,0.138143539
0.062529355,0.105045564,0.190864056,0.167513654,0.107334808,0.159357905,0.206855237,0.133400604,0.161606759,0.182939798,0.234371096,0.23818621,0.227245823
0.212658077,0.140202656,0.176511854,0.130742997,0.114875294,0.15182817,0.133940876,0.104907326,0.175083205,0.193285361,0.14094694,0.104540028,0.134657636
0.149837196,0.218841836,0.124979727,0.132899806,0.148528278,0.220592171,0.221734017,0.231631085,0.218708262,0.205223829,0.222640693,0.17421481,0.188009501
0.073659949,0.112804234,0.174860016,0.217135161,0.183440536,0.153488681,0.192089513,0.141013429,0.222383261,0.200575948,0.181765616,0.164104834,0.131696805
0.075333424,0.16342245,0.09176819,0.152712703,0.154833362,0.248656288,0.282336771,0.19729571,0.317343742,0.162265629,0.211273491,0.16547814,0.162467495
0.064737596,0.118888557,0.121926285,0.278905213,0.185191303,0.151462004,0.305941373,0.11679972,0.225264683,0.141663522,0.168111652,0.096696757,0.148237377
0.067926645,0.126965433,0.132873639,0.149112135,0.111541733,0.139548376,0.173026145,0.183490857,0.21623373,0.21078153,0.154967293,0.144376069,0.133799911
0.071249083,0.123730078,0.102609418,0.205233037,0.162861004,0.140319422,0.214715779,0.123610489,0.190276399,0.172484204,0.152454615,0.146134466,0.204773888
0.074951075,0.044546656,0.150638133,0.209821135,0.100009896,0.216061294,0.214652956,0.232600302,0.196574152,0.210415378,0.162381306,0.18399927,0.2081009
0.123929501,0.098454796,0.103960261,0.142977566,0.157199934,0.185572848,0.191618785,0.082548752,0.242064595,0.253011674,0.240867153,0.185391873,0.179801837
0.108811714,0.103098854,0.149924099,0.192238465,0.118833058,0.148531303,0.162221059,0.161852151,0.170040354,0.170116514,0.163070902,0.106145047,0.157736048
0.114079267,0.152205974,0.140407071,0.217394814,0.100219041,0.164065585,0.223543629,0.167647272,0.250333548,0.166821748,0.25281474,0.143337965,0.182659701
0.099729314,0.105567001,0.195430413,0.164186895,0.156931877,0.212163538,0.192439601,0.200345263,0.236916289,0.156287968,0.234212175,0.136743963,0.137307867
0.151922286,0.185885802,0.100337379,0.161310077,0.164053783,0.164549708,0.253277123,0.248840064,0.207161352,0.252661079,0.193637833,0.112251595,0.121798448
0.07883437,0.095189475,0.116604969,0.114435449,0.123599194,0.211647809,0.20068936,0.151043922,0.203419313,0.141722828,0.120323993,0.122907504,0.0634728
0.074798621,0.139947847,0.249796569,0.193402469,0.168905869,0.217853978,0.175053641,0.249355838,0.267895341,0.245654643,0.215283126,0.168627962,0.19868876
0.073197335,0.089715511,0.109594882,0.239176482,0.14151755,0.184982911,0.159227148,0.152545035,0.168914273,0.218845487,0.125851735,0.126630589,0.173126295
0.092717871,0.126485899,0.16180779,0.181415007,0.13922745,0.26827535,0.25926438,0.166561797,0.241062745,0.214388937,0.218245819,0.218868405,0.149437189
0.089378431,0.114211597,0.121754356,0.166613996,0.128981307,0.224140704,0.188342527,0.163908735,0.202412143,0.218902811,0.261013538,0.206811562,0.183545649
0.147879809,0.118395187,0.122113317,0.216465324,0.23109515,0.23143138,0.260097653,0.222915649,0.206228167,0.137837052,0.147217378,0.092729703,0.124955095
0.072344363,0.040690798,0.108904697,0.106770694,0.108544476,0.131061539,0.206227899,0.105468236,0.168384135,0.175560147,0.261740774,0.11312101,0.077182747
0.060515292,0.097215667,0.127616405,0.179740548,0.198011935,0.257010877,0.247274548,0.198034734,0.167136863,0.186686724,0.229737505,0.126474515,0.179792643
0.038299769,0.195832431,0.20623146,0.179836035,0.191285849,0.169987917,0.142475232,0.176125273,0.192023844,0.18320547,0.188611254,0.117023669,0.230180889
0.119155928,0.141214624,0.130645692,0.168303907,0.116324157,0.240432695,0.175524712,0.145623103,0.207036793,0.267188251,0.18978636,0.16810739,0.138449594
0.121690258,0.162460834,0.16713132,0.22965546,0.15149942,0.182360157,0.331820101,0.173402518,0.171616554,0.211948916,0.191695809,0.168751955,0.177695289
0.097604007,0.141373873,0.135836393,0.208587691,0.158023238,0.158412501,0.201317519,0.142742828,0.15581733,0.190278292,0.191953078,0.126966357,0.23324573
0.105630912,0.205412984,0.154096812,0.214803308,0.12298429,0.175641894,0.25724268,0.192751557,0.24620758,0.225895509,0.266062021,0.15899761,0.1694621
0.113417886,0.174036965,0.174233943,0.148108006,0.14587602,0.208521783,0.195758447,0.207018122,0.230397388,0.169072464,0.205203027,0.224036157,0.232710212
0.124527462,0.186223418,0.15894717,0.183632478,0.137523204,0.2334131,0.183573157,0.170424923,0.225623265,0.184975713,0.220220134,0.172680199,0.208150804
0.059004549,0.146993995,0.121233553,0.188658267,0.170016974,0.18214269,0.246471271,0.141503543,0.255030185,0.196055621,0.210469276,0.140500441,0.148247123
0.247735247,0.21042563,0.187652975,0.119901843,0.13545455,0.165569931,0.170845762,0.153424427,0.235091373,0.228748679,0.158644393,0.163279593,0.21901682
0.132541582,0.088196903,0.133825213,0.133775279,0.119754404,0.247914672,0.193050355,0.141107619,0.325556964,0.256621957,0.26400134,0.198150218,0.179958597
0.188328728,0.157685697,0.219055414,0.133493066,0.120858759,0.192689657,0.148792595,0.134119287,0.178190559,0.164913416,0.181782305,0.15133068,0.15351513
0.052667011,0.075159334,0.081644557,0.205763713,0.229870945,0.191591412,0.248414844,0.159399912,0.155798122,0.186628833,0.166598246,0.173722461,0.137629747
0.055199113,0.121116534,0.120166861,0.197612867,0.123915471,0.159027755,0.200482324,0.285236537,0.222120509,0.183277443,0.183882177,0.167582005,0.110428281
0.053028286,0.07284382,0.149749279,0.12224108,0.258131772,0.190170407,0.216965809,0.226469874,0.211506844,0.184525967,0.16389963,0.114674069,0.148872644
0.086209103,0.098675542,0.145696551,0.153670743,0.188109681,0.258862197,0.251880676,0.199983448,0.189820752,0.200462222,0.220080316,0.146981448,0.2506015
0.0440761,0.118331976,0.132823735,0.202456087,0.179424331,0.228272706,0.196942687,0.175636649,0.203561828,0.248194203,0.280073404,0.159967557,0.22624734
0.096077949,0.124177761,0.170325607,0.195744008,0.153472617,0.189321071,0.144296438,0.130131021,0.193315655,0.224424899,0.259275556,0.140281066,0.222798482
0.083021574,0.109773517,0.103353031,0.150396705,0.150645092,0.170354068,0.167887926,0.197409257,0.222105548,0.186730385,0.201079264,0.143446922,0.183919817
0.119232774,0.093305096,0.128411368,0.154646263,0.130441278,0.175102234,0.131011277,0.107703961,0.21004498,0.234786227,0.166716754,0.108084694,0.171599716
0.121740982,0.1367663,0.142511055,0.167116791,0.188804209,0.217754126,0.194202483,0.131215319,0.185645506,0.20540911,0.291231871,0.203997508,0.244359568
0.135660022,0.115393221,0.1294512,0.199703738,0.133717328,0.188782498,0.211032495,0.20292756,0.228345588,0.220297486,0.185888663,0.160802796,0.162984267
0.078543708,0.111683905,0.097810939,0.113442436,0.173435494,0.185439974,0.205156371,0.189368963,0.182179496,0.183742687,0.114226714,0.138066724,0.226266533
0.170589268,0.140115291,0.190303311,0.184848785,0.149770737,0.198359072,0.164729699,0.162674636,0.248863697,0.141749963,0.175929129,0.10650456,0.132628426
0.117693,0.143837944,0.149771065,0.182420865,0.191855118,0.235638529,0.20044519,0.17344819,0.17250824,0.221693009,0.182366878,0.177168027,0.139627114
0.11489553,0.13927418,0.163692221,0.206226885,0.134183615,0.204295501,0.181860387,0.173333108,0.20686765,0.220183194,0.179761052,0.159074992,0.198279098
0.081655711,0.178476319,0.215006262,0.261198193,0.15359728,0.201199636,0.192304954,0.227399945,0.200817108,0.165301338,0.204262972,0.168523788,0.204388112
0.098995425,0.147467911,0.164954349,0.162438899,0.168375045,0.177709088,0.190814465,0.160694346,0.196970671,0.227306679,0.350428849,0.162579671,0.121868946
0.137570322,0.204110682,0.174537629,0.143820956,0.184757978,0.222689092,0.232911363,0.165850833,0.220200449,0.269017935,0.159797311,0.276377976,0.236266315
0.060249832,0.113495179,0.249502167,0.125888869,0.140022069,0.209032342,0.208335549,0.185330033,0.192295507,0.194256827,0.243507057,0.206334874,0.175077632
0.217325538,0.177278474,0.196544662,0.194083184,0.230709016,0.245591313,0.281611621,0.189206868,0.235564008,0.250297695,0.258670807,0.133299112,0.195131645
0.08562766,0.128450274,0.152466774,0.119592473,0.141688928,0.219588548,0.189454436,0.129769325,0.172438428,0.274089038,0.196234807,0.119326048,0.140999585
0.090953015,0.152294204,0.128778338,0.250596523,0.190543756,0.205506846,0.204730168,0.158538848,0.175913081,0.268868208,0.215587795,0.18029429,0.132121354
0.072980538,0.193153799,0.149967313,0.180781722,0.200151429,0.239845499,0.185173184,0.228057534,0.239860401,0.263263881,0.246063516,0.160868824,0.196530551
0.05646392,0.107164778,0.121605128,0.239552841,0.149477884,0.196856871,0.167070091,0.155867979,0.186119586,0.201000527,0.208794087,0.208272532,0.173509017
0.083045945,0.165240169,0.15194425,0.236016482,0.145493269,0.257672399,0.249852329,0.190239117,0.237009943,0.235223114,0.195597261,0.15761058,0.187465087
0.060220711,0.068990871,0.075248159,0.212364972,0.217612132,0.215789989,0.212906688,0.176478177,0.199549764,0.166404799,0.177347451,0.160172582,0.114015222
0.120092414,0.120772429,0.145272046,0.100038894,0.180307299,0.207481191,0.240246192,0.262139231,0.275931209,0.194538578,0.192305386,0.161297172,0.163094461
0.122970775,0.216949791,0.144170731,0.188279912,0.164016202,0.22665967,0.258737683,0.150667682,0.176385418,0.24912329,0.203680605,0.208429992,0.195578262
0.043046765,0.100566968,0.145177558,0.165929124,0.1267647,0.194572523,0.186949149,0.154603451,0.247822374,0.237149671,0.149851769,0.109186433,0.192005977
0.052431028,0.057660449,0.117159843,0.120840289,0.273012787,0.184113562,0.161931351,0.161711752,0.189251482,0.147796974,0.174606889,0.11234697,0.178071141
0.160168737,0.143717125,0.150217399,0.178606063,0.205289707,0.240253597,0.264160872,0.238434896,0.187091917,0.226807982,0.221513167,0.182551429,0.196063891
0.103598453,0.132686183,0.105834618,0.189479008,0.127928451,0.188212022,0.180367902,0.101539657,0.24225992,0.209717408,0.210215554,0.148833588,0.239495188
0.066560149,0.215659842,0.192012891,0.19486168,0.116685204,0.201785788,0.135804266,0.204938456,0.227671593,0.125703156,0.230291307,0.124536969,0.105696559
0.287310272,0.292184383,0.196565732,0.155743614,0.122055657,0.188309282,0.199499115,0.209000766,0.213820785,0.182459414,0.221024171,0.25823009,0.213865101
0.106595814,0.138166785,0.139874458,0.142077938,0.150620222,0.235761344,0.219817489,0.225774497,0.228095323,0.189679787,0.233307511,0.224330083,0.234143674
0.173342139,0.204642802,0.171504408,0.156074584,0.218855724,0.204324305,0.17709896,0.16765143,0.192587644,0.217091918,0.227688,0.189132735,0.209393427
0.09697438,0.098417148,0.151759893,0.159061208,0.173612371,0.196517736,0.197856024,0.112973765,0.23075898,0.258100003,0.188048959,0.201066852,0.164753169
0.14424862,0.176755279,0.146656588,0.152861521,0.196503088,0.221516594,0.182003364,0.154111236,0.218190774,0.217771694,0.207864597,0.145417094,0.157952949
0.10302873,0.126682729,0.193004042,0.13249585,0.139872923,0.157555565,0.197822914,0.141503468,0.19570519,0.157574087,0.178023577,0.107190855,0.104041621
0.127785772,0.132316783,0.154147759,0.14904204,0.156722769,0.244680345,0.236907214,0.133590654,0.218265072,0.204867691,0.239876449,0.142833352,0.15314737
0.102243461,0.187428683,0.239011228,0.221358567,0.141630009,0.193818808,0.229410812,0.25125137,0.21977064,0.162327662,0.206118166,0.197791457,0.164301291
0.094154559,0.135271192,0.222032607,0.135252491,0.129015937,0.152620688,0.194448352,0.158681825,0.159022033,0.165910169,0.164951339,0.182468414,0.185163856
0.070031717,0.182982638,0.131416172,0.069577917,0.169193178,0.124324001,0.193145603,0.132199869,0.126420751,0.145150691,0.244280726,0.150466442,0.152385473
0.059689693,0.078014113,0.077800699,0.125815809,0.065214552,0.125166535,0.249259546,0.232049927,0.180117428,0.1947041,0.199706227,0.138183028,0.127890363
0.212675527,0.187792689,0.19338645,0.083828427,0.08522705,0.166524798,0.202242807,0.133613884,0.146385655,0.270524949,0.169600397,0.056918751,0.064356409
0.102936424,0.040642772,0.045450047,0.08443018,0.156985164,0.145593703,0.175929964,0.155639201,0.173029989,0.073105462,0.090768673,0.068993375,0.042622257
0.034028661,0.057551067,0.075029224,0.051880285,0.051649351,0.24356325,0.195201263,0.119616292,0.145419523,0.152309194,0.122658074,0.113217667,0.088806465
0.075828984,0.111992963,0.096745104,0.089777313,0.137477517,0.174777895,0.165646777,0.193886563,0.206346437,0.167834938,0.266369492,0.13194944,0.094979092
0.109714754,0.058069754,0.046951685,0.063413695,0.181580633,0.191953912,0.214567646,0.131201133,0.187694162,0.119746849,0.19427529,0.090862572,0.051741764
0.043015137,0.101990931,0.097893946,0.094148777,0.107669212,0.238967195,0.206294194,0.102178968,0.185535029,0.167834044,0.100897834,0.040827248,0.046887632
0.041014329,0.106169127,0.056292001,0.088340908,0.116476722,0.095801815,0.214459836,0.131727591,0.126960501,0.164606094,0.202596024,0.103544734,0.138145059
0.071127877,0.076988503,0.076052353,0.084935695,0.056496959,0.188366145,0.279099494,0.104123458,0.218151584,0.234279171,0.18283917,0.117413968,0.126263127
0.069362588,0.071338572,0.154405445,0.08165931,0.109220065,0.170091346,0.176117629,0.18683432,0.186156511,0.171129823,0.155951664,0.098950766,0.094559275
0.106501281,0.122951522,0.137550145,0.072353914,0.070067637,0.037696186,0.178830266,0.180074006,0.246236652,0.193226382,0.193077117,0.166061461,0.143015981
0.083828956,0.114279859,0.049650267,0.053853698,0.176475644,0.288917959,0.206771493,0.129870787,0.114247486,0.163809493,0.147591472,0.171631038,0.082582809
0.054022744,0.107978694,0.088166073,0.086472861,0.18366155,0.217744738,0.173947588,0.172688171,0.156244084,0.167941749,0.247007802,0.147950649,0.075415805
0.109214202,0.083496653,0.115420364,0.140852541,0.152594075,0.145400628,0.256531775,0.118633948,0.143337712,0.083499633,0.18472442,0.131741092,0.109533451
0.111424558,0.106014952,0.136574045,0.135392368,0.154240444,0.165697202,0.189752176,0.118569382,0.12931326,0.170701623,0.161837399,0.10293933,0.082273275
0.123027563,0.137924001,0.114006579,0.065106943,0.156619504,0.22808972,0.129896879,0.125233546,0.185661882,0.107044294,0.092452593,0.081130609,0.079311535
0.057081509,0.110582203,0.091454633,0.06500303,0.061735906,0.120268121,0.164233997,0.138433412,0.128430933,0.116650775,0.205335051,0.090025395,0.099543147
0.061449043,0.077896558,0.0900518,0.059485026,0.124079242,0.15102379,0.209336936,0.116159268,0.164668113,0.272463977,0.149567768,0.10258761,0.171064541
0.055611569,0.047435943,0.067583419,0.033860125,0.068436183,0.070740268,0.214647815,0.087282836,0.176429212,0.168258458,0.2020787,0.160119951,0.051401015
0.038649496,0.054242644,0.060516726,0.031665284,0.074951261,0.160563827,0.170571566,0.118342832,0.177698344,0.166901335,0.158931881,0.117971241,0.040586706
0.110345356,0.124409102,0.08096727,0.154803216,0.090746745,0.144732922,0.169337019,0.173639804,0.195783779,0.146945938,0.241814464,0.085940421,0.041791692
0.114709735,0.131666884,0.096564151,0.039494041,0.125722051,0.213335454,0.262248337,0.164024368,0.243889481,0.107642949,0.198441774,0.145390183,0.132111102
0.054234531,0.088144742,0.098259799,0.104588673,0.168174431,0.282224536,0.237079501,0.133970484,0.163262159,0.157853663,0.117123879,0.118735977,0.107103661
0.093826525,0.106261052,0.127944246,0.053841446,0.045734305,0.166957915,0.318491548,0.111856706,0.393699914,0.159853384,0.183028609,0.163831055,0.048335724
0.095713265,0.065304004,0.043888409,0.093793891,0.173731282,0.19079186,0.218605712,0.128204033,0.193644315,0.119236879,0.119946979,0.089556463,0.045097217
0.062166154,0.06100649,0.106353827,0.04445532,0.036051113,0.151956096,0.219577581,0.167916879,0.209606722,0.131681994,0.194373518,0.130443051,0.078909352
0.048964448,0.082188331,0.107169181,0.120370336,0.036563389,0.159303874,0.20205991,0.164954856,0.175285116,0.129070833,0.144461751,0.164049044,0.09195783
0.261456937,0.238946244,0.276758552,0.081729233,0.059195299,0.182604536,0.171769083,0.119480565,0.367062002,0.147641897,0.116407581,0.052708872,0.06520056
0.030092126,0.084048204,0.079060577,0.074498788,0.059947737,0.133433416,0.313024074,0.177477121,0.27395156,0.124768555,0.158809453,0.124221638,0.070370018
0.175527737,0.207590297,0.204532489,0.042234305,0.067783982,0.166717529,0.196772993,0.18365702,0.126894042,0.124026045,0.162865117,0.098054551,0.030612538
0.065480277,0.092564389,0.083774492,0.125722021,0.090154357,0.157110021,0.245446846,0.098859333,0.17647782,0.158558205,0.179464966,0.07065431,0.089531273
0.321457237,0.308907062,0.302452028,0.062243868,0.140606821,0.212892964,0.142993882,0.130112424,0.258912385,0.142868951,0.11545264,0.06787584,0.07853739
0.059447024,0.139257848,0.082054891,0.106495962,0.107514441,0.174304798,0.126582325,0.170640618,0.216861099,0.175926656,0.166194394,0.123164587,0.141103253
0.102359608,0.145599216,0.201057151,0.114726491,0.094739139,0.038306415,0.159760222,0.211596116,0.281624436,0.24179174,0.227977931,0.292823374,0.111142516
0.098574817,0.203964293,0.11009562,0.025681589,0.09654776,0.193524137,0.211806342,0.203500465,0.113380328,0.128542572,0.106923401,0.099316478,0.048565969
0.044312254,0.088755302,0.057025209,0.126215577,0.188362136,0.207245529,0.155862331,0.150198594,0.192920402,0.183039904,0.235603288,0.079641283,0.08013659
0.062244892,0.065831698,0.115093246,0.130074009,0.100977503,0.062619396,0.162910298,0.167267293,0.221022397,0.206174746,0.196495324,0.112631559,0.091040909
0.037227716,0.068682559,0.070527017,0.083299838,0.109493196,0.136245906,0.278181672,0.096510708,0.250168383,0.22381413,0.165818408,0.09019009,0.077985384
0.034342151,0.047641184,0.064538606,0.080358788,0.0681317,0.162569329,0.231972083,0.088600069,0.175565958,0.066525504,0.226770923,0.142320544,0.093097508
0.147414118,0.05641732,0.094620541,0.03166509,0.215930954,0.244445994,0.191125527,0.098040842,0.176509306,0.127431974,0.294508249,0.099411346,0.068209454
0.257417113,0.081839345,0.108978406,0.045676127,0.153066322,0.169508889,0.215857357,0.107906811,0.160001084,0.129779756,0.205727965,0.086081117,0.085385591
0.066033855,0.07828182,0.185191646,0.040683124,0.108919263,0.221949577,0.181435764,0.178965941,0.24002628,0.102605812,0.29502362,0.076361403,0.061414972
0.086343475,0.247683063,0.182433486,0.082392946,0.094894879,0.220322013,0.158531114,0.139429137,0.131365642,0.121075049,0.118549958,0.129940018,0.094897211
0.076485157,0.071710333,0.089062922,0.071177259,0.182140902,0.336396724,0.155380562,0.087682366,0.129986763,0.1876847,0.136025086,0.07523194,0.098581657
0.269193828,0.322577864,0.229086176,0.081700251,0.124297127,0.158135802,0.152742848,0.107408538,0.208313257,0.147236109,0.126400784,0.060279202,0.075829849
0.116331406,0.092274733,0.118005805,0.03791061,0.109892182,0.257889301,0.216883674,0.121780612,0.251224697,0.14676398,0.140394539,0.073887676,0.068830468
0.042701535,0.048090871,0.055366158,0.076390207,0.080797106,0.181628436,0.191347584,0.183431521,0.157601923,0.202863961,0.116397724,0.127386793,0.090877973
0.042733241,0.046972875,0.093205057,0.083307065,0.093904957,0.160959959,0.178396672,0.174800962,0.247418597,0.166903824,0.255961984,0.165561363,0.065544948
0.065215401,0.078152224,0.071810007,0.120887965,0.064506978,0.07338421,0.23757115,0.136369407,0.201337159,0.1941358,0.292317003,0.156368673,0.098042712
0.062866479,0.083357617,0.06885577,0.074142776,0.071280278,0.121718913,0.178764418,0.262285948,0.151811689,0.13856931,0.215055153,0.059432156,0.042002033
0.054803945,0.048127372,0.10190247,0.096232116,0.111542016,0.131855696,0.205765083,0.161022246,0.143256217,0.178953558,0.168471426,0.077020057,0.107095897
0.038417831,0.151164785,0.08148922,0.125225708,0.048873376,0.125715956,0.161436558,0.204707831,0.244600117,0.183386713,0.246453494,0.067218252,0.086784028
0.041774932,0.051803611,0.039799359,0.09714067,0.100587748,0.113501586,0.146337777,0.129943103,0.243495062,0.162547246,0.205626711,0.105582632,0.073745422
0.067401856,0.079424605,0.06554696,0.115235463,0.085596479,0.153651133,0.164063677,0.163683489,0.18780987,0.206949621,0.217823133,0.123420566,0.066778988
0.113584593,0.15662244,0.157381922,0.121974967,0.113505267,0.134629503,0.150345594,0.204870731,0.121796861,0.118902601,0.099345669,0.070064127,0.072326414
0.107581519,0.222984582,0.134710535,0.211422697,0.080204673,0.121137373,0.147496879,0.176765695,0.176906362,0.165611953,0.276098669,0.0804886,0.103354841
0.046244789,0.265566528,0.060479786,0.234227821,0.212505817,0.241609633,0.139922395,0.173624411,0.151371375,0.167462826,0.070341751,0.077798381,0.067021228
0.126720607,0.070521809,0.133115038,0.118218243,0.058566175,0.075290874,0.189673454,0.222782657,0.138148293,0.200013697,0.255994439,0.097970255,0.088871777
0.022806324,0.064992562,0.083202779,0.080444142,0.071185775,0.143003911,0.18459256,0.139181659,0.146279991,0.218477517,0.221345469,0.049232934,0.041894358
0.110799521,0.199902609,0.186337844,0.103757873,0.093592286,0.145157382,0.197730854,0.152460754,0.146318734,0.142562941,0.16824013,0.101994246,0.120753363
0.028492771,0.075134367,0.123634279,0.093660973,0.052468587,0.069827512,0.21906288,0.182455331,0.213074237,0.173311457,0.14621827,0.092808478,0.062643066
0.06697692,0.075211912,0.097037874,0.085408583,0.07454212,0.20585075,0.198699549,0.121546738,0.204204574,0.219392121,0.131685749,0.098802283,0.06616392
0.036092281,0.049872387,0.081369862,0.136149764,0.083353758,0.125991896,0.176076189,0.237700537,0.144342676,0.128042147,0.169339761,0.067658313,0.07571917
0.027424153,0.031537898,0.07271532,0.073327914,0.053723246,0.083954163,0.169932112,0.167424127,0.189586863,0.171106532,0.236141413,0.136316627,0.029060584
0.089519225,0.10056711,0.150916755,0.157289609,0.213692844,0.174295485,0.164675772,0.173058391,0.191905528,0.158876017,0.184345677,0.099372946,0.085050225
0.099478737,0.136600241,0.099399053,0.231580883,0.181017801,0.205110043,0.186988294,0.146396846,0.166412517,0.226353735,0.211378649,0.165811121,0.102813639
0.028283348,0.086452648,0.096650779,0.128315181,0.073461287,0.081518322,0.208362952,0.18688482,0.177763134,0.158783615,0.188558027,0.107974418,0.093969628
0.093694523,0.09185528,0.12246462,0.093767919,0.05598145,0.111931339,0.167346999,0.130545557,0.226336375,0.170819774,0.144337058,0.050644506,0.106622152
0.054772943,0.089757465,0.183050483,0.117603257,0.116997927,0.109790191,0.156902388,0.222399041,0.249317884,0.194648683,0.103336535,0.079188868,0.06882219
0.075315259,0.085510321,0.152363569,0.111801118,0.080455787,0.163007423,0.152094871,0.131942242,0.146158159,0.172342807,0.173541233,0.109716013,0.095965229
0.043866072,0.085307144,0.188625216,0.13471356,0.156382486,0.194432497,0.196907654,0.104505844,0.210186347,0.105807178,0.189987883,0.07742551,0.093164772
0.081750594,0.075198449,0.098370634,0.078076214,0.082827523,0.260976315,0.223546997,0.134505466,0.138816252,0.147768006,0.155434251,0.060331725,0.056164239
0.074351408,0.14436698,0.141856611,0.19169946,0.103183471,0.153004289,0.193443328,0.201384217,0.210170209,0.139384136,0.221563593,0.123771414,0.116674095
0.047509976,0.096382357,0.176701516,0.258238286,0.203662813,0.176753849,0.178911328,0.177452862,0.175971091,0.148175046,0.18446748,0.100501411,0.151424021
0.055683337,0.102059059,0.132788554,0.159744933,0.130109623,0.135036424,0.216083094,0.178163677,0.18042171,0.171320662,0.1164947,0.112899229,0.149713665
0.066035956,0.115380339,0.114748493,0.177160785,0.149149761,0.207060948,0.157924592,0.181149945,0.235490814,0.190150619,0.298102558,0.160786748,0.193249553
0.097313635,0.115016967,0.175215304,0.099207312,0.135046035,0.162441954,0.187892422,0.15064843,0.216201454,0.177084625,0.216919899,0.129551709,0.090109676
0.104030982,0.106898233,0.105767518,0.194867581,0.202574968,0.177455887,0.220528185,0.15020889,0.166489273,0.2335549,0.226714343,0.179453894,0.117774144
0.060329877,0.069639675,0.110331453,0.140091091,0.202134043,0.16133821,0.144576252,0.118631437,0.146296009,0.164239511,0.204056233,0.082585,0.093919516
0.251757205,0.085649915,0.105522446,0.138156116,0.135668069,0.169356048,0.166166514,0.162207574,0.23778376,0.299484223,0.236999214,0.155426964,0.217784062
0.065332189,0.091371991,0.100249134,0.203217536,0.133612856,0.181429431,0.212692171,0.169902474,0.273337424,0.303186357,0.247475013,0.117903791,0.198536113
0.0484519,0.126076281,0.060312442,0.211884946,0.189398795,0.283139169,0.208119541,0.164987043,0.168118894,0.220693529,0.161667198,0.112357453,0.105454981
0.09046232,0.065336004,0.088695407,0.130918697,0.11908064,0.215106666,0.15900746,0.139723822,0.145132288,0.130510762,0.107539244,0.064639762,0.058115363
0.052935001,0.111478657,0.099796884,0.231391162,0.163773462,0.203798532,0.190452412,0.168086812,0.206151292,0.207570419,0.236875683,0.122520976,0.088957131
0.063369371,0.055976432,0.112975605,0.142400473,0.105503917,0.102656871,0.160749897,0.118632041,0.179731861,0.212924391,0.252961487,0.100724585,0.105184622
0.07227955,0.191676274,0.121040642,0.181947619,0.170454904,0.192992032,0.174875379,0.125746474,0.169657856,0.253884137,0.08907143,0.103167772,0.15225631
0.090318576,0.087835878,0.08654058,0.161286309,0.110410631,0.160408527,0.154308677,0.108588479,0.146551043,0.163044989,0.195333481,0.168407723,0.092026569
0.06400039,0.090667531,0.118173704,0.179613754,0.123924702,0.155745625,0.13998495,0.206990033,0.11761754,0.141545966,0.164391235,0.116651826,0.103227772
0.086234406,0.123782799,0.160340577,0.095687047,0.082257338,0.166719884,0.193226814,0.128648132,0.170049638,0.146592364,0.211927027,0.110347524,0.074203484
0.073609531,0.084068149,0.21142827,0.130388945,0.13045156,0.153770834,0.257177919,0.13916561,0.185705647,0.114628717,0.153695717,0.092862181,0.095505267
0.100082837,0.109476909,0.094638109,0.172440663,0.134017318,0.206893116,0.148353949,0.121888265,0.153937444,0.192419171,0.17042999,0.092646524,0.066309169
0.104973771,0.145291805,0.12027695,0.337933838,0.146599084,0.196142972,0.214031726,0.166246444,0.279228032,0.230623066,0.218871742,0.140873462,0.15521203
0.073600374,0.066378117,0.074745893,0.119992584,0.1661053,0.191258982,0.204298303,0.18815729,0.158297196,0.143541649,0.218849719,0.11511302,0.076212421
0.062381864,0.065383621,0.093804158,0.2319673,0.110543184,0.16974251,0.177660435,0.106703974,0.212000296,0.160010293,0.139158562,0.114545517,0.105376855
0.05508085,0.058074635,0.10366223,0.14650628,0.134121865,0.218141496,0.203991786,0.20482713,0.273797065,0.238763034,0.180618078,0.132586434,0.137106732
0.06195097,0.124014698,0.23821722,0.106736831,0.078476138,0.1170386,0.240533531,0.190996706,0.18974486,0.140520751,0.17668508,0.049681362,0.046015579
0.071082041,0.068414532,0.060120568,0.138273492,0.124874912,0.174320653,0.197738692,0.123505779,0.227309689,0.21067141,0.111757122,0.084318787,0.092985712
0.086873606,0.149485394,0.170411393,0.07898473,0.05639508,0.143737018,0.172806263,0.130017251,0.223888278,0.16210933,0.247266799,0.06040892,0.041555792
0.046784144,0.15929085,0.081499487,0.156316146,0.197379172,0.154899254,0.211018443,0.154567719,0.152905479,0.17949295,0.177113846,0.103850715,0.088406071
0.062492214,0.207946002,0.168305472,0.117870688,0.12272387,0.19958742,0.146743342,0.118299216,0.159608811,0.146211609,0.087979324,0.06520091,0.07900428
0.059599407,0.112564042,0.131134674,0.162507027,0.154159486,0.219323665,0.199005872,0.129857972,0.181681484,0.158279836,0.145011023,0.147438765,0.174069569
0.082240812,0.109211758,0.302144945,0.157198504,0.150639832,0.15032135,0.173561499,0.121464238,0.181557134,0.169586748,0.127645761,0.106316365,0.122395769
0.175427452,0.126132727,0.160293639,0.22629416,0.191351399,0.144110471,0.175041944,0.130210772,0.167555839,0.17169413,0.197558939,0.196714222,0.170832708
0.077039771,0.085210852,0.075965129,0.184926733,0.155747369,0.096263386,0.136139065,0.139395773,0.151273414,0.197860196,0.183645651,0.16369468,0.149519444
0.108939342,0.159263968,0.149919748,0.13750802,0.145611703,0.208981082,0.23066774,0.123267494,0.16583994,0.227782369,0.225031793,0.162536636,0.147366285
0.110421136,0.091977678,0.123999692,0.169108361,0.182495698,0.213958755,0.173846826,0.156389251,0.183229744,0.1804443,0.218542144,0.218486711,0.150126219
0.060384005,0.064137727,0.072525367,0.173063174,0.122300856,0.119174726,0.187035739,0.102291867,0.102315851,0.110277764,0.224332184,0.129492462,0.152189463
0.161636665,0.171494603,0.139132529,0.216184452,0.199883714,0.210201934,0.306885988,0.168162808,0.265443325,0.247376382,0.178682044,0.167004764,0.165054142
0.115512848,0.149457991,0.097170912,0.230282322,0.172575474,0.184278756,0.270162821,0.189374238,0.143184349,0.173351899,0.163537353,0.215318441,0.121663623
0.1104571,0.099179201,0.10823974,0.17971912,0.226447567,0.277171135,0.182206824,0.221481234,0.164750159,0.191651464,0.161767736,0.202652797,0.16597496
0.108952008,0.140285566,0.167428777,0.218342692,0.188045084,0.157389775,0.16620034,0.149264529,0.151020825,0.163140506,0.153442323,0.131471068,0.153839767
0.113987051,0.123668216,0.145231336,0.176782489,0.173574239,0.177938402,0.264988154,0.120612212,0.23991631,0.158503965,0.272048593,0.15307489,0.106885262
0.123544477,0.13148959,0.120249607,0.175682679,0.202228308,0.148114353,0.221995085,0.139315188,0.142100662,0.180426836,0.188584119,0.182927191,0.181798056
0.116582654,0.140961528,0.1098575,0.194069147,0.160245508,0.132798061,0.197642252,0.130599722,0.178644836,0.20169495,0.173568994,0.246843711,0.109136909
0.146924123,0.14480947,0.148577586,0.165034622,0.128553912,0.177153632,0.293282598,0.149743199,0.133391201,0.209897354,0.171601698,0.165499523,0.174440399
0.044132054,0.067583315,0.072400354,0.16766502,0.129686043,0.12586017,0.18184036,0.070778728,0.11457663,0.184999883,0.115642823,0.132965639,0.106212415
0.060219858,0.050983667,0.078408211,0.155485198,0.106188186,0.110146105,0.179002255,0.132348061,0.124985322,0.144942328,0.171266705,0.141613021,0.12883991
0.106087938,0.123890713,0.137534261,0.192824438,0.219904348,0.160977289,0.277684897,0.1710971,0.17241767,0.156298533,0.187093109,0.209251776,0.190207928
0.091821805,0.081673265,0.095052406,0.198716804,0.105960451,0.125224799,0.219288319,0.121433519,0.155183196,0.156333074,0.178229108,0.197148487,0.111761957
0.104685865,0.096578129,0.129975721,0.145307943,0.10976661,0.151795641,0.209970087,0.16268599,0.157678545,0.18593353,0.18243295,0.153286383,0.1471591
0.131268844,0.121988855,0.121565595,0.205008402,0.145215437,0.205937102,0.229872823,0.122276381,0.141091496,0.213276088,0.199543208,0.146296665,0.127119392
0.045319192,0.092478357,0.080979303,0.153486833,0.115873694,0.093465507,0.120895199,0.073364176,0.163137496,0.136711806,0.160778731,0.116362512,0.156976908
0.156261727,0.156257525,0.15309076,0.270517766,0.154150829,0.184719145,0.184010208,0.205985352,0.150418818,0.182186037,0.247471556,0.174258128,0.176414862
0.152826279,0.12504369,0.118423745,0.207164541,0.167713508,0.189196974,0.227401391,0.18277958,0.175663501,0.195242345,0.186700225,0.139908284,0.175632894
0.110466324,0.093005039,0.089864649,0.237875685,0.148389861,0.157459676,0.2105387,0.142164573,0.178194717,0.176204041,0.157924801,0.09409494,0.104216568
0.132996663,0.103907414,0.10333319,0.181696936,0.14705202,0.19217588,0.304486305,0.123181671,0.207999632,0.174116969,0.139640033,0.172636822,0.188994288
0.120690607,0.084427491,0.126395851,0.278210133,0.15007931,0.168244392,0.209586307,0.140939415,0.199813575,0.364482254,0.205968961,0.23421748,0.185615167
0.098792627,0.106199495,0.098392606,0.272860318,0.202945322,0.164059833,0.217520386,0.129335344,0.168651983,0.182190031,0.167396501,0.122095764,0.096056439
0.165179059,0.116943695,0.127942413,0.165233612,0.1229674,0.193235978,0.147531405,0.188935086,0.153371856,0.164877877,0.230239049,0.160645947,0.130017132
0.103418745,0.109125949,0.09616559,0.153408587,0.11661537,0.134560883,0.172406033,0.255406022,0.129840344,0.120810919,0.232207119,0.120163053,0.083061755
0.112991482,0.109275728,0.075877108,0.139179409,0.179588735,0.147521481,0.14842315,0.325425059,0.105184279,0.084502026,0.203303456,0.159899324,0.119660795
0.352626175,0.1790746,0.139015511,0.250682235,0.227400914,0.212905988,0.291842818,0.510715246,0.254571736,0.188415051,0.355953932,0.161837637,0.153154537
0.146856114,0.137600109,0.331579477,0.290834099,0.224556208,0.181362808,0.25496915,1.971709371,0.561701775,0.50549835,0.261102676,0.596098006,0.122697562
0.115011893,0.104435958,0.203415141,0.182757974,0.136647984,0.342171043,0.175681829,0.135571942,0.22283718,0.116448693,0.326705694,0.148596898,0.118031159
0.089523628,0.175378531,0.131279677,0.183785841,0.113819316,0.117970303,0.226998463,0.852084458,0.142622247,0.164773479,0.448499948,0.102975115,0.096762486
0.118744455,0.151314735,0.129818007,0.161800653,0.122792661,0.14424707,0.134301677,0.141934007,0.163854286,0.096664079,0.42159301,0.129217923,0.116305046
0.125805661,0.175919697,0.117558897,0.198336408,0.230733305,0.160520196,0.179742217,0.167143613,0.177563742,0.147193119,0.249342471,0.109623425,0.124613099
0.144363195,0.111538231,0.108032979,0.132532299,0.10527131,0.128166735,0.128667861,0.104777418,0.134257615,0.098422758,0.245381996,0.142076522,0.123446748
0.114522152,0.068945527,0.088197812,0.148880437,0.084301606,0.110126577,0.150031611,0.417313397,0.104991518,0.09480121,0.212128595,0.126644447,0.143948406
0.108850129,0.102647819,0.325400114,0.120844387,0.148888245,0.344014972,0.161978424,0.117467061,0.309152484,0.128016278,0.512577236,0.256629556,0.103399582
0.127867118,0.095688619,0.087585405,0.164416745,0.093096942,0.123981223,0.135505617,0.090174764,0.133592367,0.13122496,0.357058018,0.078649513,0.09439113
0.111120082,0.127260759,0.135645419,0.160646275,0.139454365,0.122309335,0.155455902,0.150331587,0.158105686,0.12000636,0.333238423,0.128871948,0.133555815
0.12910822,0.380037457,0.696843386,0.169146761,0.111240521,0.103766434,0.178345978,0.158217102,0.137865141,0.16912207,0.386781096,0.121361591,0.113828331
0.260110945,0.205968246,0.189702287,0.23881653,0.183182731,0.265767127,0.179740295,0.150063381,0.174277231,0.170801669,0.315038085,0.115071937,0.128588319
0.094505616,0.118693687,0.097417429,0.160735935,0.110401981,0.153028935,0.163105145,0.115724333,0.187239885,0.150879979,0.199043557,0.12371739,0.112202711
0.105395094,0.109120212,0.1075776,0.118178144,0.134530887,0.128978461,0.131823778,0.109281711,0.156969324,0.143921301,0.179645136,0.15638575,0.181906179
0.107359931,0.151112705,0.11516735,0.125086024,0.134962261,0.099981166,0.127973571,0.209677473,0.127359658,0.112893187,0.262426168,0.136187792,0.14439559
0.153679013,0.224229768,0.094554462,0.162215203,0.100840896,0.141845763,0.155690998,0.09528856,0.19511956,0.098722085,0.342062354,0.116869621,0.176628143
0.237482741,0.242701203,0.164391294,0.143525362,0.081271365,0.150427058,0.151176453,0.373517275,0.085559882,0.124068081,0.267279387,0.082432464,0.096804865
0.187130123,0.148807153,0.184493974,0.274462759,0.173638135,0.200703159,0.223286971,0.20425956,0.238547891,0.150379673,0.218460172,0.17342183,0.148963362
0.196586847,0.192776188,0.225089833,0.211423039,0.209632158,0.219807222,0.18772018,0.427497208,0.197790354,0.243231177,0.275477082,0.18903248,0.125982314
0.365285367,0.300617576,0.163981035,0.461279303,0.0931959,0.240962073,0.223773003,0.281327069,0.159395084,0.171519741,0.276062459,0.128223032,0.334073752
0.09790881,0.122233249,0.103270046,0.141225994,0.109831393,0.137650624,0.223095804,0.118296273,0.104026258,0.094243385,0.334421992,0.110176787,0.191381529
0.158357397,0.118442543,0.140573785,0.096679203,0.151015848,0.130463794,0.199148878,0.180799648,0.132722721,0.129115537,0.154396191,0.103827395,0.12894088
0.126319125,0.107591636,0.073434122,0.133885652,0.073308289,0.112675965,0.109449044,0.105328284,0.149013072,0.131643027,0.372158587,0.065852992,0.088537835
0.105106317,0.101580709,0.107072487,0.154680237,0.137787744,0.120354235,0.126259506,0.297654986,0.109977655,0.149347052,0.219439968,0.123619832,0.119369626
0.139236256,0.120389961,0.064172633,0.14472039,0.119536944,0.09961687,0.171888202,0.115028255,0.12915875,0.106197275,0.243654549,0.10013707,0.097019017
0.099415332,0.113545991,0.094541058,0.154009894,0.098286264,0.148894414,0.162990302,0.118921861,0.21270141,0.103010051,0.2442265,0.124371581,0.151514515
0.104792118,0.07970117,0.081513323,0.117657661,0.078425393,0.120705932,0.158405155,0.192542434,0.08805567,0.125440598,0.251236349,0.124794133,0.090385534
0.141986221,0.110058926,0.10844519,0.156446621,0.126654178,0.167710543,0.169361562,0.218165189,0.24560301,0.145608813,0.204508111,0.174196765,0.127876639
0.127443597,0.093964115,0.074060097,0.144446686,0.138893336,0.099309571,0.145151287,0.085688047,0.15629819,0.102823742,0.221122816,0.111790791,0.108784288
0.091721326,0.117100589,0.132252634,0.17091997,0.105425626,0.109308966,0.173438847,0.219555452,0.124409676,0.139242187,0.30630523,0.21346049,0.146122411
0.09706644,0.166595742,0.141390711,0.137885243,0.127243295,0.14863494,0.191138655,0.114325672,0.12864694,0.221084327,0.27889365,0.142496556,0.154286221
0.222229525,0.136059746,0.113337047,0.14733392,0.759936333,0.398991495,0.158104673,0.307109207,0.120493703,0.384106934,0.486081362,0.10255909,0.401851237
0.094207667,0.115888193,0.135501847,0.138356805,0.093110479,0.150501624,0.117907844,0.11709556,0.111067437,0.117577933,0.226802036,0.289454192,0.200373784
0.10112486,0.0893711,0.107108124,0.168452635,0.098297052,0.134298399,0.142563388,0.105350539,0.141482607,0.213247091,0.215154618,0.121752262,0.126966983
0.166756317,0.22613351,0.121956386,0.155666634,0.113075063,0.143792734,0.179414347,0.102764927,0.234186873,0.120349288,0.357739836,0.182630032,0.175424397
0.13127178,0.114108451,0.089758009,0.134103999,0.114412114,0.125836223,0.194369197,0.293044984,0.14712739,0.144985482,0.149432659,0.158168629,0.135599867
0.111100227,0.115863673,0.139208958,0.124410093,0.093325451,0.125261605,0.097743541,0.115634412,0.124809206,0.112336569,0.254646063,0.208411068,0.101523384
0.181862473,0.104614832,0.111817509,0.169579253,0.162081704,0.133006483,0.133622408,0.258827895,0.157207161,0.152693734,0.181710348,0.112921491,0.174298272
0.133158088,0.160156682,0.105320349,0.156704113,0.142845035,0.256933153,0.127393067,0.258813471,0.134792104,0.11179392,0.182167187,0.156578556,0.113043249
0.144201487,0.120832406,0.111805491,0.252312601,0.138215438,0.152121276,0.225652874,0.154500306,0.332218111,0.34760192,0.272382528,0.088815637,0.153786778
0.111271888,0.113999538,0.132765144,0.192053065,0.128833979,0.143978968,0.107004166,0.09342473,0.136719644,0.127389058,0.297334582,0.100950383,0.095753483
0.088251226,0.127580032,0.142040163,0.187798634,0.151846945,0.121164232,0.186954394,0.132343948,0.12969476,0.142445609,0.295820981,0.105692714,0.123175152
0.110539615,0.093871959,0.11528904,0.137081981,0.120322227,0.206573442,0.262571841,0.17748566,0.15661563,0.131339177,0.304357946,0.125118002,0.123838656
0.119494908,0.142586067,0.178368896,0.118693002,0.120021679,0.094520546,0.186479345,0.126292244,0.101272486,0.136097506,0.249356419,0.114166141,0.097859807
0.123116508,0.108289883,0.103525989,0.172984511,0.115230009,0.117761418,0.143372253,0.092656791,0.119263425,0.12148764,0.22050032,0.128772423,0.079044648
0.139479995,0.104947314,0.120096214,0.119658038,0.094032779,0.115148716,0.116518982,0.158291325,0.167450488,0.145728216,0.183336481,0.100726686,0.083794914
0.111663833,0.116803154,0.082989238,0.146062747,0.093911447,0.102449581,0.128136113,0.189702749,0.107344694,0.120014295,0.159361079,0.124505609,0.108192079
0.198182181,0.187308878,0.84834981,0.180226579,0.144231513,0.251076728,0.153424934,0.230233327,0.162824959,0.215407014,0.364623904,0.15285778,0.117111176
0.100410849,0.105524436,0.07592833,0.342484325,0.457732886,0.274710208,0.387211353,0.473558158,0.105614915,0.131407768,0.212397978,0.365540802,0.136850744
0.133164212,0.126950637,0.13342303,0.143774062,0.136208534,0.138201684,0.187248111,0.111135535,0.149817109,0.164185792,0.193628162,0.110610574,0.128883958
0.208140969,0.324677706,0.133559108,0.16667144,0.07566043,0.102929845,0.110899568,0.246592268,0.136757448,0.182688668,0.305349737,0.133121073,0.137499064
0.12355864,0.149591491,0.121684074,0.125378802,0.14392522,0.18406716,0.10997092,0.202262834,0.098499954,0.101717621,0.158557504,0.139918372,0.144146785
0.104400948,0.127686381,0.10735742,0.142224029,0.106968328,0.097348049,0.127161875,0.248614311,0.116263248,0.152050138,0.204570547,0.131828532,0.11006666
0.146357164,0.150698796,0.107562378,0.145675495,0.129905745,0.127190277,0.17911616,0.185499415,0.120239519,0.143787131,0.34663716,0.105356008,0.170901969
0.144322082,0.146465018,0.11615321,0.154935643,0.093599632,0.117558122,0.144386753,0.098801926,0.172281012,0.0939992,0.243061975,0.111298107,0.132116467
0.100289747,0.148108557,0.132747233,0.106110685,0.128022328,0.141011015,0.133707598,0.20131731,0.138568431,0.158900872,0.225744978,0.161199868,0.132554054
0.155128688,0.12728101,0.085288785,0.127600729,0.109254517,0.123887785,0.114614949,0.462005079,0.07968802,0.125293568,0.16956459,0.100345485,0.08057031
0.119840972,0.144037604,0.109459825,0.149078399,0.114890762,0.15875119,0.188723847,0.172692999,0.120980121,0.124860458,0.289351374,0.140159085,0.146137834
0.117053121,0.1312325,0.136602521,0.124366365,0.123810999,0.092498608,0.152226314,0.082662128,0.117601864,0.112515189,0.253887445,0.124903426,0.145817131
0.204948962,0.169975281,0.187449411,0.144130334,0.127583906,0.220192,0.201961279,0.293395609,0.180823579,0.177491859,0.335808516,0.185046196,0.155413836
0.133943081,0.126739606,0.102434091,0.122827739,0.129701912,0.10807801,0.180904046,0.085352898,0.149611712,0.132567763,0.284971356,0.112155177,0.110547833
0.123216875,0.13838309,0.16250737,0.145753548,0.124261357,0.159330457,0.287761241,0.17527245,0.11105419,0.131878629,0.182656482,0.125351995,0.205334261
0.116337717,0.144472882,0.107018515,0.162515163,0.096222065,0.103858195,0.117457926,0.096955456,0.103441045,0.097842649,0.245152861,0.124784626,0.087618545
0.249296948,0.493101597,0.327986926,0.268168032,0.141753763,0.136945143,0.250473678,0.184770107,0.16511412,0.114391677,0.727437735,0.190446258,0.381215096
0.106894657,0.104891352,0.094457768,0.107285179,0.106685102,0.123997986,0.143919408,0.371602416,0.118559755,0.119302385,0.282597184,0.184818208,0.134485602
0.115840092,0.118190497,0.083116516,0.188704684,0.147682667,0.111179031,0.207135931,0.155783862,0.172755063,0.158240423,0.205922395,0.100342669,0.145685017
0.290262431,0.188455701,0.104276545,0.155071601,0.086257897,0.118145086,0.11831025,0.725210071,0.131042749,0.126448348,0.267661661,0.113864407,0.186419547
0.146144137,0.151276052,0.169107184,0.135494173,0.102855317,0.114189781,0.164155856,0.140447706,0.153177977,0.159005672,0.304057628,0.140259743,0.145110086
0.111720607,0.112715565,0.095045559,0.108634077,0.104214601,0.130006641,0.113103352,0.11483597,0.082762793,0.104590699,0.204640165,0.096723303,0.085783303
0.137996003,0.093113832,0.114150688,0.145384431,0.14028883,0.132112786,0.162219942,0.092981532,0.170752406,0.16516678,0.33248046,0.136309743,0.121183746
0.123109512,0.104833074,0.136862263,0.132745653,0.155217767,0.159119919,0.168904528,0.084334873,0.153921127,0.148209944,0.178308278,0.128386945,0.087192312
0.088847235,0.06773258,0.117213488,0.155312017,0.16984044,0.167790234,0.150172979,0.078247011,0.20423989,0.169049799,0.166178674,0.123995557,0.101637617
0.200629488,0.141759813,0.120925955,0.174573049,0.097438052,0.087318942,0.093992963,0.408508152,0.11488539,0.093313202,0.18461895,0.130202487,0.160962462
0.083735272,0.109103717,0.093971901,0.129344255,0.15452452,0.124759078,0.133480832,0.102548361,0.129136875,0.160544604,0.156200752,0.104275487,0.105794467
0.135869086,0.138042495,0.11721655,0.098953292,0.100575581,0.137864143,0.122177325,0.075140156,0.114153557,0.121503428,0.229314044,0.122591607,0.099283375
0.108787119,0.10146413,0.09062364,0.178906024,0.088798046,0.114819899,0.184644803,0.077847876,0.216596261,0.121074699,0.188491285,0.134134099,0.092444532
0.101028316,0.147054702,0.156015441,0.15794839,0.114805117,0.121972121,0.124329992,0.111538149,0.135267213,0.095795073,0.245861262,0.10631828,0.100282088
0.148729503,0.128005341,0.109575331,0.164472327,0.102018952,0.131881252,0.155994758,0.505719662,0.099358849,0.138556749,0.222907141,0.097539328,0.120793961
0.115442291,0.145252213,0.143809482,0.123495802,0.130285665,0.107023031,0.135465637,0.084944621,0.10982246,0.14709121,0.235019192,0.107113086,0.140313625
0.151647419,0.175943568,0.115533091,0.105301343,0.090504266,0.144553602,0.137148827,0.084193707,0.118590444,0.128891632,0.235741213,0.169115096,0.109018482
0.148707211,0.105862208,0.158395544,0.099701822,0.126448214,0.228486612,0.137063041,0.102239601,0.207579106,0.127161831,0.441432923,0.213927314,0.145861119
0.138910919,0.125673085,0.137048006,0.172999725,0.135913223,0.148158863,0.186106861,0.146089062,0.206798613,0.154364139,0.248319745,0.144390792,0.175142825
0.135882989,0.130834058,0.136377692,0.255433142,0.118968427,0.199504867,0.285623878,0.381521165,0.177767336,0.146127388,0.303211033,0.150808871,0.125069574
0.127201736,0.206117064,0.159753442,0.147946775,0.198823661,0.120131984,0.176852852,0.116408587,0.156618446,0.13500309,0.294839054,0.13224183,0.130763307
0.120509565,0.178994536,0.138934255,0.133012816,0.122843243,0.196174577,0.146788865,0.081035152,0.232186094,0.105698332,0.347197086,0.126628056,0.176628143
0.103607275,0.11023844,0.150440514,0.171170712,0.127742201,0.162139058,0.207795262,0.228832215,0.179111302,0.154029101,0.240578577,0.106655307,0.141002804
0.104604423,0.17659238,0.146303296,0.099679977,0.128061458,0.136457011,0.170257032,0.136629075,0.124618612,0.124222562,0.525435209,0.134801239,0.257530898
0.087172978,0.094213657,0.077650972,0.145843849,0.114817947,0.102019943,0.15834029,0.09684483,0.121875599,0.12232206,0.184048012,0.085620701,0.116477363
0.107042819,0.113060318,0.105930932,0.129600003,0.122777425,0.129798353,0.153673723,0.113021955,0.165032655,0.112678021,0.26649788,0.121194966,0.095404029
0.156006381,0.134271324,0.117243998,0.178085342,0.140514642,0.162697345,0.162250921,0.321765065,0.176874906,0.184594303,0.21251671,0.167722821,0.180706277
0.079713337,0.101518609,0.111361608,0.168841392,0.149602219,0.109212607,0.187156409,0.100581147,0.114574812,0.094456404,0.241945222,0.165659785,0.118723176
0.147022292,0.174475729,0.183262527,0.164544791,0.121820085,0.250285029,0.19534713,0.178251877,0.17395331,0.189427018,0.343286574,0.103233948,0.145010382
0.139591128,0.226717651,0.173364267,0.119246781,0.143697292,0.117070682,0.160661891,0.293144941,0.111552037,0.155441046,0.239762843,0.11655172,0.120910004
0.096666709,0.10640119,0.100312084,0.181725621,0.102862999,0.11273165,0.163835436,0.119693719,0.138451487,0.150884464,0.251327246,0.106924057,0.180378094
0.166683868,0.092428461,0.080768153,0.149027616,0.080545686,0.105684958,0.104136594,0.493952364,0.132912755,0.125030577,0.282226413,0.114696786,0.11506436
0.135115638,0.140720308,0.093204305,0.114620753,0.078527488,0.147211894,0.155929282,0.093258403,0.097066805,0.092032343,0.199235186,0.127508789,0.110740535
0.134795561,0.096357636,0.085803814,0.15735279,0.234388739,0.147122353,0.194828793,0.124775335,0.12065205,0.171126187,0.196085855,0.179999277,0.112594597
0.242199719,0.196674049,0.261452824,0.121795759,0.155054569,0.162146598,0.132039279,0.147569016,0.142371133,0.156443521,0.364231765,0.13324289,0.173339769
0.218094513,0.689654171,0.275674134,0.65565753,1.846175194,0.341795117,0.528359294,0.302286744,0.505799055,0.228563547,0.987861097,0.337527961,1.400080681
0.226352736,0.116173998,0.118178032,0.154404476,0.111362383,0.108866438,0.130202234,0.183509275,0.212274104,0.154042989,0.220396861,0.078626446,0.102767132
0.156067252,0.096154459,0.133040622,0.119757921,0.085633203,0.12370012,0.114313781,0.306873322,0.097965553,0.107326016,0.173298836,0.097229041,0.116428524
0.130440593,0.084608488,0.107438102,0.119721986,0.128198653,0.104515597,0.174820751,0.275294304,0.122880295,0.092420988,0.20118928,0.133726135,0.097690403
0.121244326,0.100029059,0.102744251,0.1985517,0.119804427,0.149886146,0.119678251,0.260531366,0.110444576,0.144500673,0.318602383,0.115626261,0.129313141
0.147635594,0.1086509,0.086185202,0.149463326,0.132095739,0.168694735,0.176908493,0.128846571,0.116328381,0.131137937,0.23086898,0.11810267,0.136448845
0.091055252,0.120495521,0.110616967,0.188542977,0.128300682,0.161785766,0.167070314,0.154143319,0.198812008,0.248246387,0.288361251,0.176375926,0.13264285
0.120098688,0.151960403,0.272694498,0.146012843,0.117890932,0.128191456,0.235722795,0.167329654,0.123431489,0.122782923,0.335335851,0.121710606,0.192621008
0.144270897,0.111416347,0.123400323,0.152301326,0.100447737,0.129748836,0.174041778,0.324104875,0.085693792,0.113851689,0.158783972,0.066876739,0.096221313
0.106115192,0.111412257,0.096765868,0.171391129,0.134152934,0.136541069,0.16014643,0.145437777,0.15563117,0.13606146,0.264079452,0.122470774,0.146870568
0.141736314,0.10034892,0.112334587,0.151512071,0.101779252,0.078569099,0.116318859,0.075358793,0.092942014,0.095710188,0.285502791,0.104234271,0.131895378
0.082472004,0.098753832,0.105989099,0.410837501,0.422054082,0.175254419,0.187393799,0.266001254,0.199286044,0.479004949,0.354098052,1.744856,0.115541965
0.11225117,0.136934355,0.095340505,0.143759996,0.093149506,0.099827126,0.118738346,0.268011659,0.110976897,0.102463685,0.146086812,0.086842552,0.077995963
0.137206748,0.131841347,0.101473063,0.241162255,0.12165866,0.155188113,0.140866518,0.181644335,0.088877283,0.130174041,0.241583809,0.156789169,0.099058241
0.095644586,0.11436715,0.109574623,0.100653261,0.093652196,0.070550457,0.115545258,0.219261691,0.08984872,0.084296547,0.209672734,0.122457273,0.086151399
0.10650146,0.179303363,0.148304,0.12105497,0.134152099,0.091750994,0.144621134,0.126070812,0.082011193,0.112572357,0.227606371,0.096031621,0.087737724
0.117992893,0.163061917,0.147722125,0.188205481,0.11150182,0.153246388,0.174453869,0.138457566,0.121797785,0.160803959,0.200827271,0.191182986,0.132279843
0.122421421,0.123589359,0.085677952,0.1341324,0.136117578,0.159625739,0.11956878,0.118904784,0.082762793,0.104409903,0.200978205,0.108086996,0.098264314
0.126993626,0.15507628,0.117027774,0.139743254,0.125232428,0.134675115,0.164185435,0.129172474,0.149416044,0.225562632,0.20638594,0.156941444,0.120078079
0.085880004,0.116152443,0.087293617,0.127652079,0.103030577,0.130740866,0.140855491,0.136033818,0.136732295,0.105588935,0.213018164,0.121496424,0.136408955
0.140065685,0.17575781,0.122599602,0.166287214,0.160844594,0.130141035,0.161423951,0.226290464,0.152208939,0.133546591,0.218553603,0.12773715,0.140931547
0.151246697,0.131295636,0.137503341,0.246482387,0.114688255,0.123671509,0.173198134,0.266874135,0.118083693,0.137945458,0.247667313,0.136095986,0.142298371
0.180070564,0.141181096,0.114599705,0.158506528,0.156547189,0.12352901,0.175460383,0.120732553,0.153094441,0.20184499,0.198234096,0.134447038,0.119658619
0.242861599,0.162198886,0.146166563,0.336750299,0.206955254,0.236876562,0.266888231,0.682809889,0.164759234,0.281467944,0.410861462,0.266653538,0.227821603
0.095197357,0.109624185,0.116352282,0.14472568,0.12198098,0.126008466,0.119975418,0.119345665,0.141769439,0.133924961,0.206355304,0.209265515,0.203325257
0.112293102,0.673015714,0.835364401,0.128942117,0.217254892,0.172049165,0.269688845,0.916811049,0.703649819,0.220700473,0.286110967,0.130323097,0.110059306
0.09638764,0.133438751,0.130907312,0.123742573,0.094880186,0.113366298,0.148400918,0.083593361,0.099649683,0.163427025,0.184040755,0.108517423,0.121915989
0.120714687,0.086888969,0.128820553,0.12948823,0.106620423,0.103270099,0.164167017,0.109357208,0.145008653,0.125084803,0.254354984,0.084635422,0.086106621
0.150936976,0.124642774,0.107033238,0.135174364,0.115125105,0.101672247,0.179718509,0.109575324,0.146208376,0.120310463,0.219227865,0.096217968,0.109682828
0.09071409,0.112682037,0.083659485,0.210636035,0.090349071,0.150635228,0.178155094,0.078054152,0.152112514,0.109117195,0.219848335,0.164213151,0.096578628
0.116483353,0.11232923,0.088174827,0.126687661,0.100453719,0.108540669,0.143840283,0.098129243,0.093683787,0.112826623,0.206357852,0.105899118,0.107280374
0.122905158,0.1500144,0.107082672,0.149869055,0.123966023,0.128805801,0.181847319,0.108055368,0.131850407,0.069232322,0.227336988,0.101984151,0.087337181
0.223837525,0.251930207,0.236305207,0.250893384,0.27884835,0.33510828,0.249839082,0.233259946,0.287916631,0.228004485,0.416776806,0.278222054,0.221839517
0.201355994,0.126972914,0.194624916,0.189146057,0.15082176,0.150137067,0.182602525,0.151877314,0.201553106,0.155270532,0.29288283,0.192697406,0.198300019
0.174414948,0.113740578,0.094618015,0.168737292,0.115308627,0.122668274,0.167162195,0.294704556,0.102754667,0.137912169,0.152624801,0.136134982,0.110300615
0.102110535,0.113568164,0.103926934,0.17146647,0.12893492,0.113815375,0.151614562,0.17607151,0.124314688,0.112535924,0.26341629,0.112060696,0.110448934
0.106762007,0.140801355,0.113839187,0.123993516,0.094606906,0.082966745,0.14753136,0.089522123,0.120032467,0.147617042,0.16161409,0.099078335,0.118869014
0.100023448,0.124420263,0.116063192,0.150434241,0.098761149,0.117113203,0.100425079,0.09182398,0.120357603,0.105436482,0.226632148,0.12801078,0.124090202
0.119322307,0.104822591,0.080768153,0.151337549,0.080545686,0.13923198,0.114632264,0.493952364,0.120614991,0.125030577,0.300889134,0.114696786,0.11506436
0.095571205,0.141389087,0.125047505,0.143602923,0.115260504,0.135465071,0.115286477,0.113579102,0.138141811,0.12528275,0.317054778,0.106380738,0.134470791
0.128409326,0.108061709,0.095283769,0.10755153,0.085354686,0.146319196,0.169593394,0.085637577,0.114782318,0.094700247,0.209253654,0.137651175,0.11240086
0.111278072,0.086951934,0.083634913,0.157666653,0.148524463,0.142464727,0.190133393,0.126193106,0.128061995,0.181189284,0.19987607,0.120551802,0.134217843
0.102500036,0.137517273,0.121900611,0.25216651,0.199514568,0.140161857,0.214901447,0.160947785,0.216063872,0.140414506,0.655716717,0.177267686,0.102793217
0.146892935,0.204324007,0.170064747,0.211820632,0.213213176,0.175206929,0.130926222,0.123366304,0.137468114,0.115416512,0.344275236,0.137269095,0.121525273
0.099656917,0.107368179,0.103649206,0.164674878,0.11452926,0.123444498,0.16152209,0.122533195,0.166328475,0.110944413,0.255442619,0.087142959,0.135993063
0.179867268,0.162312284,0.110634245,0.465331078,0.118487507,0.187714979,0.13269189,0.112014122,0.160222858,0.175050467,0.38616097,0.100015521,0.204355493
0.123414218,0.103114046,0.131961003,0.228646979,0.086906955,0.120253228,0.162983194,1.483052969,0.196368843,0.147108421,0.41189,0.155606478,0.152951241
0.174166471,0.160503656,0.481081367,0.170649722,0.144892558,0.247083023,0.329520136,0.241188943,0.283017397,0.273511201,0.361546814,0.175935939,0.184345424
0.168631718,0.204291135,0.130325481,0.149016678,0.111916959,0.144270644,0.163587913,0.103094578,0.116717651,0.163148746,0.268775642,0.121536471,0.105492651
0.148919404,0.149488404,0.134853154,0.215896204,0.113174722,0.169077814,0.158259898,0.090637416,0.167053372,0.150425687,0.27551055,0.134945095,0.161827564
0.136415377,0.127428442,0.10358949,0.226737648,0.12100479,0.096306928,0.148727894,0.134522155,0.077732049,0.161230579,0.213307887,0.122370504,0.104066849
0.151227832,0.115966335,0.175778061,0.152696818,0.105342925,0.127539024,0.181870446,0.097424917,0.172697663,0.180592075,0.269710183,0.163758397,0.168252781
0.31820792,0.244834691,0.187076375,0.261234462,0.560070395,0.179170772,0.172577366,0.17900613,0.185216889,0.102797613,0.230879679,0.11443954,0.117864922
0.081417307,0.096232086,0.115155593,0.132264033,0.144747198,0.152850688,0.128619626,0.196490794,0.190142497,0.139986381,0.178840086,0.144158274,0.148376256
0.094082132,0.142011359,0.117397428,0.164194793,0.09407191,0.11208415,0.119442023,0.223491877,0.081220508,0.084095217,0.247074708,0.129857123,0.079982683
0.098758444,0.146982431,0.129936591,0.19924587,0.110687964,0.174327105,0.183701277,0.13036041,0.148420215,0.146494582,0.343190283,0.134828806,0.136024386
0.124743074,0.156637639,0.314550132,0.131054312,0.118717156,0.154457256,0.180801108,0.146533534,0.16449593,0.154729486,0.209275559,0.11190486,0.13580513
0.104026884,0.099172838,0.119812369,0.130917445,0.106813312,0.116925076,0.155737653,0.223441094,0.168545246,0.128767416,0.170455784,0.121871926,0.15697673
0.169457749,0.173301369,0.174142346,0.197143078,0.111712724,0.125850081,0.157888427,0.120020367,0.205149576,0.160854921,0.418194503,0.182047814,0.182262704
0.113777794,0.100210004,0.134837434,0.151742563,0.112968862,0.149993598,0.137958348,0.118722297,0.150672123,0.134390369,0.222185671,0.236858845,0.159752443
0.179770038,0.222774208,0.180273354,0.136107937,0.276550382,0.168178916,0.136815563,0.146004528,0.168852434,0.130178645,0.219504446,0.145355612,0.163737625
0.099892214,0.135266289,0.180327535,0.137332693,0.107018001,0.13068825,0.156310707,0.213123024,0.138265267,0.112847753,0.222517326,0.113825418,0.122581735
0.319889188,0.17544429,0.176727533,0.229633987,0.091149166,0.182305396,0.182966083,0.133168265,0.116846427,0.210686952,0.308104604,0.254148096,0.295494169
0.159555346,0.12417797,0.112426952,0.1765275,0.098817952,0.1801752,0.198165566,0.135736123,0.173036754,0.164629951,0.32338044,0.164857343,0.118645296
0.08559566,0.133140117,0.124172494,0.116614051,0.131667256,0.169775546,0.143335581,0.141729891,0.187722698,0.188951775,0.184902996,0.121506959,0.119698934
0.093573026,0.104818374,0.07775782,0.13685523,0.089884698,0.154095173,0.145668313,0.10084074,0.106638663,0.086693622,0.230320156,0.10694506,0.121548556
