"20170520","20170609","20170714","20170719","20170808","20170823","20170912","20170917","20171002","20171007","20171022","20171027"
0.713325086120604,0.279393791,0.28526151344437,0.331594614385062,0.545635711,0.668874172,0.679978701,0.676492445,0.76916996,0.763870628,0.559599156,0.412854589384371
0.20451871,0.321995465,0.571660496030736,0.603734912,0.698211578822631,0.707213305,0.683074593,0.710112434174742,0.763822526,0.725011956,0.511163895,0.420628399199846
0.139007334,0.207225492,0.478816946,0.501877746293933,0.556168506,0.609179732,0.645183645,0.625745527,0.697360704,0.668829163,0.404437316,0.257056320028708
0.427142857,0.61460367,0.74441438969854,0.748845167,0.73970746246712,0.694742793,0.648717447,0.677025431062043,0.735132434,0.687373737,0.148797962419513,-0.202518855092478
0.198236035,0.550609887,0.803360962595361,0.784780662,0.605558841,0.528151261,0.552507984,0.487802735525313,0.239263804,0.211651523,0.242650722,0.283991117945175
0.527591122,0.679115854,0.780356834,0.794373744,0.741467803132874,0.682089245,0.680757681,0.668825162,0.601222307,0.598255655,0.777670512780439,0.930416468967397
0.114867128781861,0.551189697,0.76649003737622,0.755021076,0.671562730028396,0.675,0.649331963,0.545695364,0.732007328,0.722723544,0.486437613,0.35441302744484
0.365568987,0.584685269,0.740340597,0.777164539,0.778193422655649,0.72021364,0.686625874,0.671339922,0.72482663,0.726384365,0.459890476987566,0.231284127645943
0.410991898,0.677345099,0.865224289660401,0.861214447522854,0.761838224,0.633267327,0.617283951,0.638744638,0.652367964,0.606671646,0.179189642223003,-0.0934198906283278
0.409254375,0.57073786,0.683746692285727,0.69382716,0.727122915551114,0.708274895,0.696931217,0.753724176139428,0.788251061,0.656603774,0.296063359,0.242935278
0.499072356,0.639519359,0.740072202,0.785925926,0.814045971459152,0.71174915,0.586016466657359,0.599780099,0.713995943,0.695686275,0.215227321578476,-0.134888143313652
-0.219344866229989,0.608128834,0.838023151615484,0.806192469,0.692001987,0.716157205,0.727426876,0.729317667252734,0.739149989,0.737219523,0.540086414,0.370981786901703
0.413086583,0.654233274,0.739615623,0.747964523181084,0.737578211,0.640422078,0.643572799,0.664831535,0.730587943,0.68586903,0.512814133,0.486114848071957
0.228825271,0.373079737,0.661601186,0.530493708,0.594202899,0.64942741,0.604621849,0.602359882,0.650680348,0.571744907,0.42662116,0.509355270130986
0.452223877,0.641447368,0.787922040056589,0.788792530943212,0.739369442,0.661465534,0.627633069,0.642445988834764,0.670879676,0.647058824,0.378313013110082,0.202225053961248
0.408102345,0.637730177,0.731582126,0.745235553716321,0.768185452,0.696304045,0.664091812,0.667857994,0.713394018,0.722934279,0.487804878,0.260763999950534
0.404212773690819,0.576164016,0.765376456992311,0.777301927,0.77100017,0.708035339,0.678850623,0.690906117151125,0.727295853,0.719840213,0.509758002,0.347151541580484
0.0537204944915384,0.610530547,0.807715741886651,0.793863367,0.71149352,0.700657197,0.691275168,0.519535611,0.669064748,0.661752881,0.495307612,0.416336693759012
0.47228761,0.659413434,0.746541904,0.78803812,0.785304625607099,0.685658915,0.617658371779217,0.634311512,0.714761376,0.692444444,0.284016043056862,-0.00355073907189707
-0.464629232902789,0.26839711,0.640308114235823,0.641463415,0.642410273,0.70191297,0.713269615,0.73521709131552,0.779839519,0.751322751,0.560244026,0.46457987086295
0.161949122,0.244808934,0.735103966,0.765096953,0.790594029426841,0.732334047,0.654998802800767,0.679725759,0.815450644,0.797685384,0.544012871,0.3942881024242
0.190346275,0.432588209352619,0.696061123493198,0.716295874,0.747346072,0.720245399,0.692624828,0.69332079,0.752539724,0.720955483,0.523732904,0.440694685331522
0.37290241808525,0.311752988,0.591940355543123,0.640368852,0.764602082,0.735812883,0.694587364,0.713615993802818,0.794457275,0.800731261,0.573941988,0.373717241820754
0.172668317228484,0.517635066,0.797010162979179,0.807976841,0.778003384,0.694487492,0.69777574,0.703764283840083,0.696969697,0.683328518,0.588029167640279,0.532448586275464
0.497659906,0.678538813,0.834289455028213,0.809617272,0.668804014,0.720246734,0.669801085,0.671089261066857,0.664446295,0.625496251,0.471269804,0.421550592487102
-0.948441823401856,0.310037175,0.778248532298882,0.750660128,0.650263076,0.715836402,0.733778427,0.749070292992373,0.790458372,0.776770808,0.575555025,0.436125577748413
2.72213945439626,0.23132969,0.505703422,0.669844021,0.767940515,0.731105203,0.735094038,0.529263158,0.811857362,0.807835413,0.597698606,0.511104459650829
0.504665314,0.677895534,0.754213483,0.740654978,0.762631311458241,0.658163265,0.499705015,0.640562671,0.665783771,0.69902414,1.61448293541414,2.3488323883569
0.303296039,0.558108323302299,0.74983909393608,0.757813962,0.753856783947795,0.713183988,0.658932715,0.669683535075376,0.703366697,0.685250529,0.445353902211792,0.283697103644654
4.61472426348147,0.580861658,0.51596768,0.712458287,0.745136187,0.704283361,0.65143121,0.652587993397886,0.671896504,0.66600171,0.558550523147265,0.482825873342664
0.355769231,0.623928134,0.746606335,0.654959951,0.678321678,0.666934512,0.653988868,0.646229739,0.690002724,0.656881228,0.104189741132563,-0.301212369112395
0.182253973325565,0.580277605,0.785359157930299,0.78326722,0.728428351,0.683450181,0.657243816,0.549892832,0.633499606,0.609581498,-0.473656629531659,-1.35890421455277
3.92055271119896,0.597101449,0.553918285,0.717284356,0.747181578,0.707526004,0.665114113,0.648421502132232,0.612177027,0.61005291,0.481368045,0.364092452028245
0.458596049,0.691351046,0.763343404,0.79546161,0.768210227412516,0.679924953,0.661204424,0.678440926,0.709966934,0.734140436,0.506024096,0.243071639719642
0.139697124,0.214564752746543,0.462204589639204,0.501367722,0.637451876517354,0.679775281,0.683131017,0.712686968181812,0.776629766,0.746478873,0.567644276,0.490569172014528
0.37302402,0.545656118,0.637662094,0.661796774590344,0.71598572,0.637082427,0.65454956,0.659981343,0.742758959,0.733667084,0.496605482,0.326190675519628
0.147239264,0.341825016,0.461067367,0.681683302,0.697526237,0.688788129,0.674984533,0.709290389563562,0.787666264,0.748115731,0.527695351,0.437918778190851
-0.476836659062749,0.430068666,0.793316061552206,0.775483871,0.68348745,0.687115165,0.655438747,0.604455558,0.679701121,0.659964368,-0.0796856232914114,-0.673932515152352
0.40651651,0.366717691,0.761773431230551,0.79776848,0.789898731040328,0.6982823,0.61532567,0.630329457,0.757066463,0.706589958,0.516054457,0.505895525386654
0.403634105,0.387785876,0.760079282479198,0.783212896,0.747007979,0.72244599,0.651895154,0.66870665459396,0.747759857,0.744652105,0.510242973,0.324121068127093
0.220949878,0.740884407,0.769604182,0.757342516,0.500702839,0.698924731,0.657392364097896,0.65935993,0.802734813,0.809392265,0.555197792,0.346150189252837
0.161408657,0.295050871,0.273502617,0.3350571,0.620413609,0.715202703,0.689605881,0.675255442,0.588039867,0.391767554,0.214231643,0.528824071431324
7.01173833972025,0.540048277,0.479458795,0.793002381,0.789402404,0.749954898,0.704765922,0.524712255,0.784503632,0.766748166,0.548917102,0.48186371385691
0.333867414,0.606711916,0.795105589317711,0.797098360160713,0.754355401,0.710510747,0.714979757,0.674853293,0.749577805,0.743854474,0.505697645,0.326379843531862
0.299855937,0.442479634,0.765971082321534,0.778907243,0.699054451,0.647916667,0.708724525,0.572661217,0.767724138,0.762721239,0.527572016,0.390630733545349
0.344807354,0.554238293,0.740571154779653,0.751264738375787,0.761476726,0.732589527,0.658811262,0.66218638,0.715867159,0.695557174,0.488718076,0.36615799287718
0.380462226,0.657740279,0.793982236405897,0.786447871992109,0.710861708,0.652765584,0.666353824,0.638268156,0.670150987,0.641237113,0.0815156242252013,-0.340972923624665
0.374821465,0.538025714,0.725554933059564,0.741601144,0.76309675424552,0.693989071,0.570658037,0.601339954520137,0.700601937,0.659019812,0.0603794238397616,-0.347639735905953
-0.28568536859473,0.341067285,0.761517414689509,0.775014349,0.761981474,0.729359496,0.713062971,0.66030881,0.807058824,0.798894558,0.589090096,0.463630435865347
0.31227509,0.388609378,0.735227273,0.766755556,0.722846222861278,0.641717116,0.675840979,0.708821715,0.760191847,0.779404818,0.53318307,0.271084415457923
0.633621311310596,0.276521739,0.384579384442205,0.435299715,0.626848158,0.685473123,0.639091299,0.66822570746079,0.764134919,0.745367028,0.547680112,0.433690845802457
-0.552278715587024,0.322843602,0.764470193392552,0.761774868,0.71879855,0.727426956,0.731440162,0.751574828188841,0.814964826,0.81044905,0.590664273,0.418132736506426
0.277391304,0.516937355,0.649294056,0.779734162,0.872776536665927,0.733128834,0.688841202,0.691237225,0.775787049,0.771202114,0.526078899,0.337369899716148
0.383143508,0.602104837,0.703648269,0.700407729,0.715041511069011,0.72218234,0.689896208,0.689281768,0.751033058,0.697200326,-0.105033804087329,-0.681638524145548
0.34404883,0.66616085,0.777254618,0.803799655,0.840866990912525,0.718628491,0.551416081,0.634225669,0.724770642,0.698889917,0.486220944,0.37765673028462
0.388742515,0.617686467,0.487004792629422,0.467358867329827,0.526011561,0.6973466,0.668436851,0.687651117322537,0.753058321,0.72482663,0.541323412,0.45534002003238
0.335529024,0.540304569,0.76487404,0.768257716,0.743623138479619,0.71338334,0.673755755,0.659416937,0.686263426,0.682193396,0.468262000809455,0.293404593349093
0.24578564,0.501416431,0.670317831,0.695797089247351,0.726719528,0.627317073,0.693682195,0.683404639,0.761345435,0.743369944,0.49646547,0.339533312133613
0.505089059,0.65802075,0.729219144,0.735558440203664,0.730067093,0.676459068,0.665730337,0.650571028,0.732846715,0.687250528,0.528279182,0.523926966544323
-0.695223213317797,0.24410676,0.78389510929079,0.790107684,0.753858819,0.735111779,0.741847295,0.758979881070737,0.797601515,0.784359685,0.593121929,0.461171596612749
0.300020648,0.629863717,0.804884347470469,0.767178944,0.587254318,0.670245399,0.607359398,0.605416346475769,0.58917725,0.541921155,0.394435352,0.367671355864826
0.00813553576641834,0.653773939,0.921362768397568,0.902719788130074,0.767766497,0.679139963,0.669402645,0.641653198,0.624006155,0.616145833,0.47282849095138,0.361298844585633
0.471421823,0.649887303,0.792032570813733,0.790405666,0.735326818715365,0.683661542128662,0.677825916,0.695878087714395,0.721177038,0.693215339,0.494626343,0.387273974499731
4.56050638145661,0.587933754,0.588700565,0.780692168,0.741025641,0.725235849,0.678179938,0.686987032301459,0.73800905,0.734294078,0.531723485,0.369732489116172
0.476778867,0.662839879,0.787323252684702,0.785456285375983,0.731217356,0.664220592,0.658337119,0.668301382,0.74101453,0.723183391,0.509709962,0.379961544059111
0.471978393,0.684395091,0.85416085688851,0.850565774844213,0.746047112,0.652195609,0.692655832,0.587893864,0.722915627,0.69559811,0.523018868,0.480971920102374
0.185611511,0.327936747,0.721310775760843,0.746120175,0.739577972,0.723731712,0.674375233,0.70194164830195,0.776863283,0.747817653,0.538087126,0.432869541104604
0.380075345,0.589984351,0.749194923,0.761104229,0.707386602168563,0.655642023,0.691430898,0.706941915,0.775074593,0.7724661,0.52073963,0.315389375895544
0.129393468,0.35013734,0.759370095596347,0.777028227,0.710206444542866,0.63816703,0.672752168,0.696003281988411,0.748027354,0.743670886,0.494771602,0.294113109050998
0.293556086,0.549635796,0.470629967420381,0.471688175,0.588808157983772,0.678510355,0.619150313,0.585092632,0.743188698,0.728735632,0.491308793,0.358424837051044
-1.215641298291,0.303915207,0.823418538791048,0.781872325,0.635097493,0.705858748,0.700229885,0.721065511640172,0.782108946,0.761427524,0.568032372,0.455381417396416
0.144968923,0.262597296,0.615185261937303,0.654550416946251,0.716476462,0.681761529,0.7156,0.680483233,0.800690449,0.766913809,0.57834486,0.529065509047257
0.152064708208986,0.543940025,0.671005294052856,0.662417922,0.649054142,0.71,0.683126609,0.621905805,0.770206022,0.748492679,0.518640351,0.410359141480942
0.201043478,0.341572262,0.66574776,0.745454545,0.636766218132003,0.43914911,0.522923875,0.554179567,0.225126805,0.221986192,0.263467189,0.21260067302139
0.441470889,0.651188707,0.682993197,0.700031046092602,0.742311192,0.672240803,0.712765957,0.6989148,0.704035874,0.641223212,-0.0989690940003349,-0.609695837667225
0.332872291,0.51819676,0.757985125705396,0.773895283537764,0.766790143,0.696904248,0.67761717,0.692597396995911,0.708006279,0.67597471,0.371015937442366,0.178679102306721
2.10332434986754,0.707112971,0.748734873,0.786233137,0.485881207,0.738803531,0.527728086,0.621147463,0.785007072,0.745547074,0.545698925,0.503576908349516
0.162924583,0.202683104,0.367150948,0.444313076,0.670341437091313,0.689558233,0.610823868084971,0.654680209,0.76202159,0.597667638,0.272684086,0.241426928
0.475189235,0.604166667,0.542159386478561,0.533014354,0.578767123,0.700962809,0.67611336,0.668215801,0.729689808,0.691091954,0.511491443,0.4636584352729
0.121824947,0.245884227,0.621481888251953,0.659838018,0.72841948499854,0.724796182,0.680870354,0.666108586,0.776086423,0.766281513,0.512869141,0.338324241320612
0.410231185,0.582278481,0.789214893135776,0.790438533,0.734876895,0.706915084,0.652455272,0.658336591140827,0.684305744,0.671096346,0.488049196502435,0.363823606892948
0.0861322879952517,0.390673119,0.462439416221526,0.458107545,0.526276163,0.70184122,0.698370126,0.721416203845401,0.788519637,0.759276438,0.585831063,0.511646788044327
0.210136802,0.387228817,0.728445857,0.732010821,0.710862025040281,0.70998632,0.71081254,0.685861624,0.776573787,0.775510204,0.520501436,0.317367617321249
0.124881741,0.435316947,0.618888278935265,0.623900610347877,0.630689724,0.667114695,0.714285714,0.66442953,0.65912266,0.380964153,0.170536829,0.182524272
0.151505289,0.303607771,0.631788666230505,0.664320432875647,0.702192564,0.629058850389537,0.638245033,0.694613204,0.782649694,0.740192624,0.515373353,0.439477767543754
0.259298431,0.572224604,0.772576328816195,0.766797014,0.699375365091901,0.707604493,0.692040185,0.596433599,0.762477718,0.724630996,0.524578136,0.492391142490678
-0.51255926732898,0.652157385,0.832953017067421,0.766955906,0.569023569,0.640790261,0.616824311,0.603869872581416,0.584080127,0.581920904,0.595163883505822,0.609439947093037
0.422285234046726,0.540412726,0.738217450409852,0.759242144,0.779434186,0.734849971,0.689183021,0.548878924,0.784543326,0.770673712,0.546964193,0.454967694240518
-0.300091174163889,0.60503424,0.840981175046123,0.804410032,0.688777114,0.736803519,0.716772824,0.735539568394392,0.802835333,0.791967509,0.592985695,0.454036445273267
0.273879584,0.554096972,0.520645467,0.549720505355031,0.71828415,0.729880063,0.67167382,0.68195387114316,0.714061683,0.692834563,0.504816454,0.392288039883126
0.480159563,0.657993967,0.753575807,0.768109541,0.778190360359603,0.705455933,0.569740787263395,0.582631579,0.69979716,0.666234776,0.0360860666276743,-0.40846602778721
0.25209713,0.523338048,0.709500522518669,0.715032165748516,0.706169503715081,0.682151589,0.690183387,0.718800310448813,0.773087071,0.743836781,0.544102019,0.444575355263123
0.349330872,0.353941267,0.607773583036235,0.639328984,0.704812731487153,0.709926613,0.670721477,0.652787923,0.686789593,0.643435981,0.507794531,0.505225480348831
0.467881549,0.679651968,0.82850895557208,0.821394053020746,0.704988378,0.614802355,0.649840837,0.516918967,0.733770101,0.691014493,0.502627939,0.511109014381854
0.138166895,0.340403295069765,0.542172527205908,0.55939257421163,0.609770160798604,0.635481024,0.696072383,0.73028653110068,0.779150198,0.742675159,0.56791597,0.506421002069211
0.483300155,0.659179889,0.782186372112645,0.782547902887357,0.745475773,0.693184309,0.672498878,0.677069199,0.732435034,0.738101364,0.51887972,0.319111739845519
0.155092162,0.253319172,0.690074707,0.740299072,0.763470298599512,0.710379357,0.677226814,0.66034327,0.757823129,0.783624161,0.509750813,0.222027966201317
0.228421053,0.528462573,0.703843969,0.715769231,0.760113854246594,0.72845245,0.638595736,0.663617171,0.682320442,0.685185185,0.763614052252862,0.828452551421437
0.243452958,0.316213992,0.542808612534229,0.572244440345936,0.648184818,0.674604847,0.688842868,0.626565824,0.770417193,0.773206751,0.555324134,0.394303362805011
0.482751664,0.656956688,0.785753864812189,0.787113341580389,0.752197431,0.709811695,0.691360645,0.657053432,0.682301114,0.676200472,0.351867169421888,0.0845059667031469
0.151297535,0.234816248,0.520407136522917,0.557559814827042,0.651345054,0.642671984,0.648744032,0.699979136,0.783745247,0.730453158,0.538055222,0.518638015041492
1.00436827718393,0.575286416,0.531200507,0.562279629977618,0.661549447,0.67020336,0.648882114,0.562176166,0.585308057,0.559250302,-0.209245237695031,-0.823702806158385
0.39704676,0.590513834,0.698963532663636,0.699353453007161,0.685378374,0.67248747877989,0.665660052,0.668590977,0.678404972,0.64211063,0.241583985904065,-0.0290455151598916
0.305945395688864,0.553333333,0.747470138495374,0.755747126,0.745263158,0.706099059,0.689983732,0.67014218,0.763030629,0.7593656,0.537091988,0.37089246073614
0.188557331681778,0.600312561,0.787023773910296,0.781051222,0.736263736,0.718421574,0.694335736,0.679631084992889,0.620315582,0.598856846,0.473335034,0.398815279795958
-0.389882248394087,0.624701195,0.810451326088026,0.757036499,0.602359302,0.669361358,0.579612468,0.577404509486552,0.594972865,0.569299972,0.284695013193298,0.10021512550272
0.334845049,0.659401028,0.80942477765892,0.804068787821616,0.757986447,0.707016191,0.651282051,0.692341453,0.785957737,0.787864964,0.534894614,0.322279786063959
0.262679426,0.339560953,0.701686122,0.758377106,0.764347010166348,0.71273814,0.723154362,0.68998968,0.757228445,0.772797527,0.508154944,0.247511020347953
0.458035532,0.678097345,0.788904396,0.793240557,0.801517770389147,0.705229794,0.559560804,0.626684944,0.659957627,0.682025028,1.10212589830943,1.42713549651571
0.427119969,0.579232694,0.731403436358976,0.738116420780626,0.71978393,0.644158628,0.608170437,0.695439739,0.724185092,0.698485846,0.528773585,0.441209526897496
0.213166766,0.484160757,0.729616192,0.783136835,0.784669968553419,0.704803133,0.707135471,0.716246216,0.785280544,0.790714812,0.543538969,0.322450049732015
0.471690746,0.586179508,0.806608334103054,0.809400444,0.749318801,0.72186959,0.632292523,0.634270057493203,0.667100808,0.659005879,0.493059639194647,0.374420536546633
0.382444491,0.62362076,0.831604783242747,0.831782680796264,0.736602452,0.655594817,0.674934726,0.512156553,0.674038462,0.655558258,0.511575803,0.4848236932519
0.229499742,0.46128952,0.500404310086107,0.508495909,0.60141058815086,0.676920024,0.696074621,0.691388546,0.742328414,0.698740794,0.524829601,0.491847225497054
0.417616004,0.701162569,0.660762211,0.798473282,0.574974147,0.715229485,0.453852843472709,0.45399828,0.722382325,0.699244332,0.507239264,0.467144082911918
4.92206184799647,0.580497132,0.562622693,0.774041938,0.76109215,0.699593496,0.504575707,0.502895132,0.635869565,0.658251395,0.368422082531141,0.0848723438852355
0.346189852,0.611857853,0.697045987934281,0.688780827,0.655825258796006,0.674459253,0.671899886,0.61381323,0.666757866,0.643835616,-0.0757985298003405,-0.648937707000567
0.236165577,0.349170437,0.644412963,0.764233322,0.842558686896416,0.71835443,0.693379791,0.694986365,0.768541563,0.782330346,0.534834992,0.293894043235556
0.256888889,0.477380149,0.501215805,0.555194612233803,0.755238598,0.674767038,0.677305745,0.661999034,0.708168121,0.686440678,0.203969587655083,-0.163763908241528
0.296546249,0.625,0.842592868194717,0.804313848,0.6038441,0.699027117,0.686791752,0.679553356101886,0.662532079,0.643493761,0.473365899,0.361777465437761
0.143256464,0.254529464,0.686201164,0.684571429,0.739417998066407,0.701383551,0.556210526,0.619089704,0.730572597,0.735799207,0.653345054760654,0.586932869267757
0.437525438,0.617528271,0.740832225,0.726623175,0.702633815,0.697849868,0.528044872,0.666741121,0.74471086,0.717459551,0.509332024,0.400873135995983
0.0772457357740157,0.619844591,0.807907761930178,0.792925824,0.704820556,0.684617035,0.671049367,0.515968772,0.625914882,0.622373651,-0.579098219711193,-1.60845746851866
0.784292440815821,0.268740439,0.346372654739359,0.408676307,0.623103058,0.681128446,0.633726953,0.438517915,0.605176211,0.576551294,-1.29491541124581,-2.84887445007636
0.134754211,0.291139241,0.543274244,0.717730777,0.701406419,0.649204864,0.632724874,0.665131903383948,0.765714286,0.756097561,0.522715926,0.357198809045538
0.436729787,0.677758977,0.807298836115921,0.78277027,0.655921053,0.686176357,0.629704166,0.627897439014875,0.62535429,0.597389034,0.348987274299228,0.195786068845936
0.376227701,0.608367228,0.80464164153444,0.805225805937043,0.723172628,0.608001616,0.616613419,0.629094023728306,0.648291069,0.645375033,0.586252819639207,0.543336496912567
0.210432013,0.484723727,0.725,0.72180216109435,0.663566198,0.625993455,0.568316832,0.606108958,0.684062059,0.617622141,0.394049159,0.37875874542596
0.328026812,0.632955877,0.697461929,0.699530742217527,0.719049444,0.715127939629471,0.681248626,0.672186225,0.698563296,0.704225352,0.617818095270297,0.533566142450495
0.492192513,0.657570093,0.705404649,0.788691555,0.85181357155129,0.728082192,0.629398513797923,0.648175182,0.732484076,0.692449355,0.491752331,0.433060510913896
1.27153930062925,0.669699367,0.776390465,0.794080717,0.594367589,0.704578488,0.799496074777972,0.797635085041188,0.759752617,0.738738739,0.538498789,0.409444303873634
0.401082882,0.60938394,0.702454525366983,0.697033159,0.668010799032921,0.698113208,0.695612009,0.617383513,0.702025072,0.674224655,-0.315899272361609,-1.11063809260268
0.457890071,0.668395773,0.76806274,0.760421816,0.728204304212276,0.712688006,0.701604501,0.69395466,0.669655498,0.677911844,0.495835375,0.30129921431592
0.289120715,0.489420063,0.732891574148683,0.747207066659658,0.727565248,0.680303669,0.685989305,0.59687787,0.722757223,0.706739077,-0.378170600484812,-1.27447472247469
3.40616970072432,0.545489891,0.640955631,0.782013516,0.689717378,0.720787914,0.742457109,0.590340664,0.738269276,0.713377354,0.52376213,0.466684030799483
0.265209125,0.429976581,0.616401088,0.686106346,0.640725349,0.643543669,0.605731832,0.61946001,0.71012931,0.709080717,0.40746230814884,0.159665346914734
4.85288721589235,0.442217484,0.551093582,0.770119369,0.678410117,0.696622052,0.664972376,0.684378056391649,0.740286832,0.710505425,0.509076962,0.408963927460008
0.158803987,0.513532032,0.358131440825413,0.329957767530314,0.393028025,0.646188341,0.7124286,0.657994218,0.285123067,0.164908049,0.140250650107866,0.31795876951311
0.149421488,0.203408553,0.336311003608741,0.365531112656982,0.526091825,0.635695765,0.588346259,0.645996674,0.673446949,0.605024051,0.286055086,0.252433485
0.60501131,0.660802252,0.241656447104439,0.232323232,0.436500854068532,0.628578302,0.691452397,0.688472095,0.34914611,0.242652899,0.188684427,0.164869029
0.170937171,0.156156628,0.51462426148141,0.568371319077511,0.693231215,0.707919593,0.730390981,0.635504724,0.749130651,0.414699162,0.232893911,0.960417635452897
0.149121281,0.174791086,0.459729243349415,0.506944436257494,0.66645258,0.711059908,0.682190498,0.721851255,0.817553191,0.766610832,0.261856597,0.232389422
-0.0984510360068878,0.19300125,0.581366305807135,0.618403773218805,0.705941639984956,0.697799731,0.712848651,0.781326566810646,0.633076309,0.319281118,0.206516291,0.797647769884749
0.179144385,0.181774733,0.515365309086378,0.565429476086337,0.690518431,0.697533971,0.691115953,0.64961569,0.775062344,0.688434304,0.249168053,0.106987536719965
0.169112509,0.180304127,0.285544154677696,0.323943662,0.535753712740699,0.681770285,0.679998240873251,0.605804111,0.292107118,0.255098115,0.235758481,0.214889244
0.63693258034757,0.167052597,0.0780163942198682,0.113690291657397,0.307897132119114,0.45900858,0.568230604,0.562942805697802,0.47761194,0.435097441751668,0.30469332,0.269781639
0.217074217,0.29406037,0.445752404917368,0.466181483540555,0.536933265,0.582772544,0.674066846,0.700047461,0.79833207,0.75677111,0.325651072,0.272515709
0.141708543,0.162415241,0.495573502663563,0.541568175562776,0.636667258102619,0.555251142,0.351786415,0.377444785821342,0.552637861,0.569147497,0.324717286,0.250594389
0.562574493,0.68605547,0.194065002,0.191927946602293,0.410851367795626,0.617741935,0.690101105,0.68759847,0.802738454,0.781617471,0.476727470198538,0.285333333
0.135216573,0.144055106,0.268519453614613,0.30704535520561,0.540498442,0.708609272,0.577879872598471,0.643604651,0.746367239,0.354108957,0.211517761,1.10823055557154
0.0750006020311328,0.192489974,0.520831075033696,0.565506334417792,0.701175168113399,0.731524008,0.730346577,0.760824306449539,0.553286201,0.282587261,0.201482658,0.709598548305625
0.247445887,0.220986281,0.553942888924957,0.582818294,0.612061000841484,0.730316324,0.76408612,0.564535585,0.813333333,0.738629822,-1.95818050378669,-4.12146975464448
0.195360195,0.45890411,0.324578379103769,0.33937895,0.569789165,0.663927691,0.47675022299008,0.51354222,0.778856299,0.700298782,0.23351533,0.0801016307242771
0.14823884,0.196975153,0.546774110764234,0.59363262683789,0.694988169,0.676231468,0.68597561,0.647933117,0.266978401,0.137877373,0.195382883,0.470617022383819
0.192191054,0.174407275,0.289291813096203,0.318041623300278,0.454976303,0.625414889,0.725319927,0.539676113,0.782778865,0.708866995,0.261776983,0.242891958
-0.250370524593037,0.167600611,0.558141371590293,0.586581593252078,0.652133623292354,0.664796949,0.704578313,0.741953780964093,0.767137097,0.688506385,0.327311371,0.271637816
0.188067445,0.30500618,0.355993514044339,0.369136974344024,0.493558606,0.62886049,0.647785349,0.710242643862384,0.786918963,0.661814556,0.207736142,0.198879552
0.173984632,0.408010862,0.620770699963646,0.63337003456922,0.645726496,0.624561404,0.668083203,0.724098798073846,0.703647029,0.547312642,0.223736969,0.181837204
0.13747646,0.171214297,0.333011967119921,0.364578636065886,0.507113355,0.608355091,0.642243329,0.65034965,0.587765225,0.446200918,0.244455159,0.40271508513897
-0.296493660895622,0.173406443,0.592932157860133,0.617955748847059,0.648130081,0.702060222,0.77214043,0.55530626,0.8,0.734731324,0.27116513,0.0986756149423393
0.194309732,0.182227746,0.656644080633078,0.682188591,0.571919663970686,0.449990652,0.448805978698389,0.449789917394653,0.355948631,0.286053256,0.238778343,0.223845975
0.131280389,0.151585205,0.269304158640689,0.301313621512153,0.485810621,0.645064806,0.692494437,0.725357503726257,0.703117269,0.58444217,0.232854864,0.209243697
0.190537793,0.199742475,0.450261583176636,0.510628248,0.716739766,0.716293368,0.718322494,0.620664565,0.745264533,0.601325758,0.249675465,0.337931547708923
0.106037152,0.133520383,0.327140799729703,0.365312779019086,0.533851276,0.639258679,0.670292887,0.712695329870998,0.70545829,0.57958432,0.24620435,0.155812403
0.107699358,0.216591832,0.494503092396252,0.531186616061398,0.638014380892703,0.653580776,0.669902913,0.725269699784194,0.775137112,0.663823382,0.280346163,0.223519239
0.587443946,0.664818458,0.672489492426456,0.667186419399659,0.646810035402301,0.644188723,0.699274566,0.707782354,0.299803817,0.261304522,0.186046512,0.169763299
0.150580982,0.136329018,0.291158305341246,0.325865531709328,0.481865285,0.58125,0.64478595,0.707714361265899,0.783952367,0.676756757,0.245396146,0.229490265
0.162725357,0.508741259,0.804366833427524,0.816949418599667,0.79720459204244,0.711651299,0.642810529,0.697260506087304,0.799682035,0.706803456,0.169630257,0.155217619
0.149857359,0.186030893,0.518996594632243,0.561367181494953,0.632874426,0.578528827,0.644214162,0.691866872,0.638526255,0.521320495,0.219501434,0.201546861
0.601889103,0.685860419,0.692940832557206,0.687049720879344,0.665474165607935,0.664852608,0.699502057,0.705640804,0.452826548,0.271092077,0.177616927,0.181505945
0.169123669,0.17586607,0.311497071076724,0.343951995296076,0.507588533,0.650301464,0.704490157,0.680204224,0.791685701,0.742405832,0.350513113,0.255471289
0.560251981,0.639302425,0.251937074,0.246730344790955,0.408921221272492,0.600885691,0.69952381,0.672509004,0.79181974,0.783689707,0.492393989983897,0.283257919
0.155264236,0.263063387,0.57289119666245,0.612842517698071,0.716495558254643,0.703511053,0.688077431,0.761653556634047,0.827031725,0.669308675,0.195293146,0.194771802
-1.00509978306482,0.132585651,0.572800408734452,0.554021894,0.529685189,0.669288079,0.442545792295586,0.359751883936984,0.275121556,0.318760509,0.153459821,0.146707348
0.14753004,0.410265012,0.383547682694616,0.375131907028811,0.448107448,0.606479276,0.657786441,0.716431925,0.824456522,0.718635467,0.290959156,0.196588402308491
0.239057239,0.459450458,0.518775881605964,0.5335,0.600253807,0.564703099,0.566280033,0.474404341,0.515188335,0.351656096,0.23408284,0.17806913
0.146293305,0.146610444,0.413200970390021,0.458440888,0.608973308717481,0.661979753,0.715127288,0.771959135127544,0.850087413,0.773860705,0.446189376,0.259417808
0.126313237183384,0.170278638,0.428531273402179,0.470939459426353,0.621052632,0.712580349,0.747617074,0.680110625,0.59184688,0.417935702,0.16680684,0.36022651016947
0.224907063,0.174478276,0.517600823749121,0.570553852851914,0.687472527,0.672548002,0.704904406,0.661095832,0.477992711,0.305145414,0.220496174,0.216674301
0.179034769,0.652849741,0.551715388133204,0.512896266718025,0.480161399,0.635878788,0.681732972,0.618343838,0.338484546,0.181440443,-0.635206744254099,-1.05645447509017
0.312134754,0.68441957,0.882580872067716,0.876133117452228,0.79234946492232,0.688848512,0.613600740721588,0.652714932,0.837825796,0.817772778,0.466978586,0.242722345
1.39746423640495,0.301917808,0.374938936632611,0.479622266,0.79606161,0.763737395,0.737479054,0.648307896,0.624657534,0.278121137,0.222764228,1.05703178509676
0.596064215,0.710107247,0.758888744353738,0.75325049488788,0.70504166887286,0.646049661,0.647964796,0.691564148,0.397681855,0.260811413,0.184761905,0.190196579
0.130084151,0.174842767,0.433473328410285,0.47138552857029,0.580255205,0.606852497,0.666435666,0.6914545,0.720136519,0.633360859,0.228726877,0.200909091
0.144174217,0.264665549,0.584266664456161,0.619594771726471,0.679902755,0.63246948,0.629264106,0.640675069,0.335680751,0.280665281,0.970138261750383,1.64452742391731
0.145547945,0.170660857,0.209941138,0.209973753,0.547324720099236,0.739738634,0.588159175367018,0.645583424,0.74013677,0.398441305,0.235878788,0.212391457
0.15705378,0.201083277,0.203814593,0.175126904,0.464432048023678,0.747301824,0.683083512,0.640491082,0.694742793,0.458227848,0.223504159,0.631121091227211
0.139626352,0.192805174,0.148731346383833,0.206550056,0.613961814275318,0.750043037,0.505806460368504,0.529764882,0.542746828,0.220661531,0.179315298,0.183126067
0.144034278,0.229822161,0.452662722,0.300824668,0.539346812,0.599378882,0.580513042,0.634023991,0.447006869,0.300450676,0.170396745,0.164112704
0.185584808,0.186337625,0.160289972,0.155291171,0.462546974216788,0.723836192,0.673273797,0.645419237,0.652777778,0.302394575,0.177565125,0.169829924
0.659427842889339,0.153478953,0.16997132476336,0.230054875,0.506860537,0.70076772,0.998893194258663,1.00531442696315,0.619499341,0.355137906,0.18308482,0.160257941
0.19560131,0.231325301,0.2188429,0.249598716,0.6,0.698692241,0.628438544669076,0.612688822,0.451725863,0.264974619,0.194086022,0.560802242051351
0.41832249,0.696023243,0.569076891,0.391194057,0.21029270487689,0.383240763,0.557153966,0.573078455,0.192931634,0.165640739,0.192216671,0.175617698475685
0.483760684,0.704744526,0.238835726,0.21012321,0.491607281237334,0.720178372,0.655755474,0.688859299,0.745748988,0.405850091,0.203399123,0.900491686357358
0.151960784,0.146289146,0.743370816199142,0.789596532,0.735511614307363,0.576584257,0.368228571,0.30217300431807,0.155396081,0.154268597,0.176670717,0.190973872
0.150884495,0.496596324,0.578534424633183,0.575060642966175,0.622997808,0.741672573,0.701962476,0.618619944966548,0.359747205,0.331508213,0.26044226,0.193453835
0.167112025,0.34275017,0.188840308,0.201276935,0.536297711389336,0.741603053,0.649955237,0.642806183,0.334841629,0.309283552,0.17992278,0.1782105
1.7778399417539,0.609317682,0.21807981070738,0.26342711,0.529243914928944,0.713619584,0.671785871,0.592827004,0.659778377,0.31070007,0.207154298,1.02901265202297
0.175495967,0.17627974,0.151146277,0.145198701,0.480473750846002,0.748211244,0.6789073,0.670926518,0.690174804,0.317197452,0.173123815,0.171914043
0.622837779282439,0.202633745,0.515096803232422,0.598279409,0.810622056,0.745495923,0.665556018,0.559572319795155,0.199143469,0.157952974,0.193975591,0.216551041
0.191859316,0.197579883,0.526026090921418,0.574658253446366,0.694555521,0.664169068,0.612565445,0.655861456,0.428899609,0.192531374,0.20189905,0.196284527
0.151585205,0.292987512,0.502148300404566,0.528026698523501,0.62287956164237,0.685865933,0.679569034,0.631121054,0.565330557,0.518343816,0.164851861,0.166992188
0.145930587,0.611615245,0.673375503,0.654737623,0.592343827034365,0.56743567,0.587348136,0.591723549,0.379109226,0.378588677,0.165552287,-0.0901102197071657
0.199817934,0.468555241,0.803073967,0.810555642,0.708902734389699,0.656893325,0.679064327,0.624351109,0.50014806,0.420271941,0.287024902,0.24838228
0.164299343,0.163969036,0.14898642,0.145350587,0.466973715601582,0.734465195,0.69356301,0.671806674,0.622969838,0.348877751,0.17434555,0.163021869
0.213704497,0.263825067,0.307880541133087,0.356388486,0.623696472,0.691708968,0.729928280011598,0.694479580860625,0.343728182,0.157923202,0.193794632,0.200286807
0.193139926,0.649054142,0.677192839659624,0.643759468830867,0.525487584831613,0.529384544,0.635820896,0.612520749,0.431003902,0.427060803,0.19424097,0.160654036
0.185754452,0.187055477,0.656230078774852,0.680444599,0.60793238,0.578499613,0.62422298,0.701006669930717,0.526156942,0.178223496,0.203597302,0.99101939809684
0.165813173,0.289982425,0.670511530349131,0.684269663,0.635716597,0.654889446,0.488617738,0.423715434596498,0.211182623,0.142498431,0.18379085,0.334243545270302
0.143095885,0.214274022,0.527727988302302,0.572743924634421,0.701959347690432,0.709471954,0.655301473100803,0.685208281,0.619514033,0.342681521,0.203591233,0.762528796207575
0.157470152,0.53978187,0.564695009,0.490983260283962,0.326233184,0.586518887,0.653655381,0.647177419,0.557121288,0.575504181,0.368445368,0.289763411
0.165378671,0.549222798,0.686949866,0.681713849,0.498715653514126,0.462045259,0.522613065,0.370251127,0.344186047,0.512054002,0.247405789,-0.42127394821583
0.173898751,0.439062773,0.794077604,0.797752809,0.753215817,0.702790618,0.696573579,0.744622064,0.788686768,0.760219342,0.497594328,0.339077938290206
-0.654608374765124,0.275037619,0.796808924211581,0.800753728,0.758449304,0.738317757,0.748469891,0.776448825012663,0.836341757,0.811359026,0.522553416,0.335041970521758
0.184430512,0.466689385,0.595657310324086,0.557988495,0.400547945,0.542404668,0.664802314,0.700626911554068,0.747368421,0.699858424,0.359510933,0.252091341
0.17553456,0.320188743,0.661325304153556,0.685254875,0.694654498733526,0.716985093,0.708270024,0.628811132,0.80844236,0.79601227,0.533420708,0.38177217072865
0.143075279,0.461396751,0.566629650548394,0.558019618709857,0.523131673,0.526132404,0.592348828,0.627758913,0.579429187,0.57222964,0.258343634,-0.0272487677485621
-0.669087485483328,0.207371795,0.80338600444702,0.816172777,0.780075932566647,0.784528552,0.748316336,0.645739028,0.803663004,0.737948718,0.517774343,0.536459055623407
-0.579924205205965,0.272917758,0.799685190673238,0.804092986,0.743672056886857,0.732857411,0.724330803,0.65284387,0.771964462,0.721649485,0.495375128,0.455840815576304
0.17251462,0.194887118,0.45986210283544,0.51201748,0.694282001,0.694622793,0.571627907,0.579848374,0.313595992,0.201388889,0.198091891,0.40409555153284
0.152302243,0.283598464,0.487030519721211,0.536617344,0.724124737,0.643029638,0.44459279,0.450959488,0.251403135,0.230733626,0.184387618,0.136259628345617
0.203759532,0.285399853,0.522302707,0.486621477,0.566603620235088,0.667201927,0.579683323,0.557522124,0.605648536,0.572848623,0.222920696,0.191714836
0.15921288,0.416400067,0.501548888663219,0.499430393408028,0.515036704,0.574200315,0.636576239,0.653479504,0.721130552,0.555555556,0.234110654,0.381139657314572
0.226458886,0.634943182,0.827593509921186,0.806951434202674,0.61602728,0.455866168,0.625394156,0.65609455100279,0.495314592,0.319851424,-0.744273773337971,-1.32095166889662
0.202842081,0.265520066,0.726143296936429,0.769157563870251,0.731248902,0.51080344,0.558627264,0.582656104288946,0.55749354,0.498710971,0.185894207,0.180182401
0.149294861,0.414362657,0.71986139,0.638204522,0.71553758,0.645595432,0.648185895,0.652332196,0.48630137,0.480890179,0.299949925,0.23325975
0.165883628,0.629131209,0.729006769656416,0.687315634,0.55776233,0.693481578,0.646950518,0.634326383049752,0.503759398,0.383454988,0.168322007,0.22620931237374
0.165598054,0.413087935,0.727366874653914,0.747546531,0.733187954517557,0.594508556,0.321648331,0.297069183002267,0.258761402,0.224894619,0.24573299,0.182677949
0.156018299,0.548664635,0.936820541575086,0.937152934584722,0.734870317,0.481330618,0.55682067,0.474190178,0.196947212,0.184477155,0.242050616,0.252566301266226
0.263730288,0.354404145,0.696807580066757,0.726138032,0.745582135561246,0.720113314,0.653281853,0.597685329711442,0.458812485,0.465521244,0.29394166,0.0973740905796366
0.144417247,0.491270113,0.774413575,0.77132178,0.642993957807648,0.57680051,0.561365601,0.490672061,0.470647773,0.507083667,0.21749522,0.198678622
0.165327979,0.436889078,0.787202354040322,0.795958279,0.663208596,0.467279492,0.484312148,0.4174735072751,0.183446793,0.185530487,0.20363547,0.210194175
0.167218282,0.452265069,0.582348864320383,0.612803104,0.74853311,0.683450504,0.609954751,0.589237668,0.470811221,0.487082247,1.02892363183143,1.44838510338571
0.163947473,0.497473766,0.181124611,0.242734685,0.586536639339492,0.75486827,0.654797949858574,0.584662748,0.282795964,0.149592022,0.168322296,0.443175217610723
-0.431373328559206,0.190397654,0.760780127217662,0.790439231,0.763209048,0.606060606,0.459348551,0.385835088331477,0.166635566,0.145257453,0.205331966,0.263111185634826
0.15008338,0.295008606,0.262634989,0.217831419,0.589255189,0.674826452,0.595686953280439,0.549732319,0.338110749,0.257886609,0.180020284,0.16892058
-0.674536203537017,0.178921991,0.474776166457482,0.464615385,0.470763586,0.651853458,0.659287777,0.3728223,0.442951252,0.29361892,0.201519108,0.210163857
2.26364392142149,0.655036679,0.52130898,0.58342879,0.553271812,0.513101477,0.55502008,0.453951320461806,0.144404943,0.165077473,0.195739015,0.113580933045616
0.191834841,0.390320786,0.732195792559779,0.723860099,0.51255670586256,0.358882386,0.327074728,0.29848816117737,0.28,0.344016542,0.253142716,0.0214834470658349
0.152520942,0.573289902,0.613942829064381,0.588997603737146,0.516546215,0.552880482,0.623334062,0.576638966,0.333685044,0.324302789,0.40625,0.438438818907533
0.21091355,0.343985391,0.714723926,0.723745880150511,0.687599364,0.683584625,0.632885633,0.671010136436795,0.83117614,0.844633544,0.556014455,0.299995390129733
0.161133245,0.2995005,0.750488854,0.777877119056794,0.765513584129993,0.70107921,0.674309979,0.693637807335465,0.771938776,0.782113821,0.576309795,0.385439454722063
-0.003094698,0.408357285,0.65893186,0.804540967,0.996168846751093,0.861639746173422,0.704122201,0.716263174316067,0.802809292,0.80597424,0.565848773,0.361430027514036
-0.0679571686184174,0.384806356,0.758504168,0.779266241841356,0.810589779433126,0.802634373044208,0.792011801227909,0.794796971037235,0.829274966,0.843614719,0.614008942,0.416015597565922
-3.70373482982466,0.266021545,0.75547025,0.609964413,0.600908747,0.651508526,0.607453919,0.620529337397438,0.685863874,0.685266458,0.426008969,0.209348250233267
0.222579165,0.430267062,0.779906256,0.796693413716357,0.767423650344044,0.68705125,0.647105005,0.690294012786436,0.843639335,0.851297138,0.601684419,0.39265153825252
0.114708345,0.437380497,0.752559727,0.755054790187786,0.695162704847713,0.664349553,0.739917492029042,0.767671326098989,0.828403944,0.82831245,0.590608951,0.400369927915728
0.00485297738963347,0.416998012,0.737491586,0.752925223153312,0.770132777451215,0.760568525210056,0.762375912724366,0.771209478398996,0.831702544,0.855952701,0.607533724,0.381227563247547
-0.127177686163458,0.385573928,0.72524855594193,0.734895191,0.722026100547935,0.686820357,0.677085676,0.697047519372228,0.79106946,0.81471536,0.556123754,0.290521931616073
0.902363048375437,0.384726225,0.672392638,0.745783628,0.796363564965038,0.720270842,0.72358804,0.755143139275579,0.83497807,0.823529412,0.559798995,0.367638961618854
-0.16058552527661,0.399669889,0.74025974,0.74306387846174,0.710272297740558,0.703111495,0.78117344428741,0.804046787831866,0.838627049,0.827083333,0.576222435,0.393614303948933
-0.231274488739666,0.402018306,0.788270046434842,0.794341216,0.757843074980029,0.704869232,0.69799957,0.728885466444789,0.813447783,0.801274623,0.530942895,0.335371245867603
-1.09887558628,0.375541647,0.727292818,0.666479454702552,0.531390135,0.68397692,0.643314652,0.665708161266997,0.813554475,0.842502094,0.578168834,0.305290506542748
0.908889848134009,0.27452501,0.575510204,0.658038644,0.694726262930647,0.624452235,0.656271034,0.647075920657201,0.603253739,0.603955104,0.415853963,0.238386798946251
-1.10254248239623,0.313729551,0.780007719,0.7428051,0.600665557,0.691219309,0.654490761,0.656041795101891,0.726701285,0.753380206,0.509937238,0.245522319447705
-0.204108494160763,0.386086033,0.741917976795813,0.747292419,0.714320227720447,0.668200745,0.674082016,0.709501219919731,0.812552301,0.80802213,0.54909285,0.349908766802463
0.221084001,0.238300161,0.713001383,0.477924781,0.350193007375883,0.621797655,0.636036036,0.631953387700856,0.650485437,0.647849462,0.430379747,0.245983668783002
-0.75827969771464,0.393980234,0.688405797,0.645220020179333,0.551561022,0.679948029,0.70969163,0.72715286049899,0.792792793,0.789915966,0.531322506,0.3207709968236
0.318251299,0.365608586,0.689096158,0.690751835488366,0.640587768,0.646150452,0.493677567536507,0.522989807,0.785587714,0.792736935,0.522858644,0.330721029090629
-0.516539617203378,0.31809982,0.76884218917012,0.764506405,0.67740459059927,0.631793153,0.651856915,0.635537762462804,0.608974359,0.636214442,0.42103929,0.161774475482607
-0.468754075563351,0.341040462,0.739840894,0.733999338338246,0.68452604,0.675710318,0.633764199,0.672549409055651,0.820512821,0.825726141,0.573433584,0.366326216147078
-0.192176026101898,0.425908667,0.773850085,0.771906470165279,0.715506572554309,0.692702761,0.765340093665908,0.791264395384478,0.849540262,0.849844764,0.585526316,0.372334410455388
-0.00211128785256537,0.358968757,0.605517241,0.612406192329304,0.610260387990523,0.615106287,0.66659288816651,0.679370996223294,0.690102758,0.676720804,0.485089463,0.352393203681496
0.162722853,0.405649718,0.72855215,0.609408647,0.703035275,0.675720506,0.730720607,0.75892172799164,0.813238121,0.806951872,0.554563492,0.355918748612634
5.41384117864436,0.322057461,0.433803763,0.792207792,1.04331242407336,0.70894874,0.677254317,0.699838561667188,0.785343035,0.82174137,0.569330346,0.278836272700967
-0.0481523434057004,0.446101198,0.712605042,0.708534877731205,0.656896716730157,0.644890341,0.726890669330704,0.751414277376369,0.789113708,0.777525539,0.529261436,0.349193562212083
-0.904499097250578,0.384011091,0.783896537,0.740730334241641,0.627182992,0.700280717,0.50929520227134,0.533384497,0.828066417,0.834328746,0.578742077,0.411455035015552
0.198838248,0.259476286,0.271139193,0.292783102,0.352043059648788,0.345967572,0.284449489,0.276121761957215,0.300538048,0.324331083,0.243634548,0.121593782397722
0.2,0.238844184,0.301057318,0.262017336,0.274959535809635,0.350815851,0.339148936,0.318072009086947,0.254930255,0.244487996,0.224744325,0.218178618431511
0.195361635,0.248066403,0.294721927,0.335202243,0.378498580289336,0.371839671,0.3847487,0.353607725385339,0.277864992,0.300520833,0.262658228,0.161748338076498
0.744222912866918,0.314467916,0.418585859,0.463768116,0.519762929964467,0.500222916,0.494198515278452,0.488913968802363,0.433750319,0.399513382,0.355409505,0.375777727164391
0.374206236602394,0.233433735,0.257841141,0.274010192,0.329870816490466,0.341541268,0.299197555684053,0.283834059822525,0.24442138,0.237176232,0.24475891,0.260141892949243
0.152302243,0.180327869,0.164750958,0.172286715,0.235144286815176,0.284845755,0.273523889,0.240409577882306,0.16185567,0.174821476,0.192362768,0.162161716837859
0.255913978,0.318524557,0.283726813,0.351419032,0.348509934,0.344585878191444,0.342940533,0.319158561,0.284646062,0.323459402,0.750144759125946,1.03382802454324
0.201872659,0.277200656,0.326767758795511,0.336391906136598,0.410491563,0.481543624,0.446764947,0.45183432,0.430754066,0.436517533,0.353869271,0.256802205264172
0.213344666,0.256736527,0.265685122318103,0.267026977727087,0.29245031123337,0.346504559,0.395418702933313,0.356816102,0.203995006,0.244608101,0.198947368,0.0118116826207862
0.156839623,0.162799843,0.154046149,0.178827977,0.297002049408751,0.353739801266928,0.29900111,0.252879899194218,0.139359699,0.142395569,0.151690821,0.12959694431454
0.204246283964353,0.331551901,0.464549318,0.473518851,0.464302602729929,0.467134503,0.536274839233524,0.547779973411335,0.511724138,0.468295521,0.340641711,0.311271338716583
1.19146447739271,0.184671406,0.190875067,0.239640884,0.226899384,0.281665015,0.269240787229812,0.253131378145855,0.217945898,0.217488789,0.201092354,0.185427921262166
0.911508195308154,0.184068891,0.194772191,0.248205516,0.325463876928693,0.297297297,0.252938167302066,0.243536572900956,0.21955636,0.213261227,0.209100204,0.214217875227405
0.710597666037099,0.293591121,0.271806092811256,0.301496553,0.39026087,0.360217138,0.304850746,0.307812772,0.286748078,0.307189542,0.249242248,0.137490093921812
0.217269545,0.254001929,0.25799919,0.310274669,0.303523035,0.288177307379391,0.316098707,0.319642857,0.311502477,0.333870535,0.245413454,0.104617323226734
0.229971725,0.268395773,0.265637066,0.270238561,0.351189201,0.382484599080713,0.324443097,0.294548786,0.287301587,0.303233324,0.360101113277914,0.372950127796523
0.349511571317149,0.163475177,0.16414627605855,0.184158416,0.274390025717704,0.316362223,0.291242796895218,0.272483035478171,0.195984286,0.16570669,0.0653075992558226,0.0293649328549425
0.286110518,0.318661657,0.395121951,0.396678104027623,0.394388778,0.413848631,0.437751818694626,0.440880451761613,0.440971325,0.434942288,0.305189968,0.209167218047904
-0.302637639738382,0.270079068,0.383537653,0.361639824,0.35238590864081,0.401240035,0.468132205378808,0.473728891041801,0.435135892,0.400608239,0.310381926,0.295814652218048
0.173229874,0.182739212,0.204049393935481,0.224535734,0.341679185,0.393485915,0.397917994,0.357980971938113,0.235392321,0.23279714,0.211633956,0.186733958
0.209504227,0.238149412,0.259425999,0.261971831,0.30436653,0.387011558814643,0.356794637,0.300541712,0.273366834,0.257757758,-0.0575998710135582,-0.305974630022597
0.194821732,0.228360546,0.323897515326325,0.33319363,0.346189174338934,0.336546767207781,0.309846827,0.302976635276056,0.32695462,0.364568894,0.608928232371978,0.742021233316934
1.19576508414366,0.195911414,0.204233197,0.274829416,0.356019068804792,0.2999223,0.236609188322482,0.224353065571172,0.187455111,0.175203447,0.202007528,0.242010265074175
0.271686108,0.301023156,0.294386768,0.315318605,0.393878776,0.322862823,0.339460483116567,0.32881684,0.280289331,0.326591965,0.228549343,0.00712806689434561
0.277880468,0.343135307,0.309238429,0.312152428457347,0.36319354009515,0.426741704,0.448421053,0.408203482941875,0.340255977,0.388471178,0.277442095,0.054116865644512
0.675346194331332,0.175911854,0.202279202,0.230010718,0.234635775,0.323975549,0.36986825110907,0.355700996551303,0.246974697,0.193495039,0.194143167,0.282789633337825
0.182362065,0.220834134,0.29984288415824,0.306013775238877,0.300486855,0.29685586,0.365508366,0.309633992,0.196123673,0.236898269,0.221611284,0.0745382515200272
0.178272981,0.191877794,0.209920692588925,0.220729367,0.287388282,0.324285714,0.295626430764002,0.277164141,0.222480021,0.215603585,0.198961039,0.186647481305286
1.37332746530799,0.224934436,0.330066641,0.422633745,0.509580251443943,0.417274133,0.339131900116713,0.335994174129854,0.370924639,0.398590022,0.545493339651998,0.620829597098568
0.157116451,0.208694176,0.225102606009174,0.229134749466837,0.272540281,0.359507313,0.480172218,0.437906685545455,0.214120614,0.167889512,0.195375177,0.169471439
0.190685245,0.203045685,0.234958602,0.239383055,0.301379285361381,0.355653569,0.40871177,0.419908676,0.237066801,0.229492188,0.217175478,0.171713659807933
0.187178472,0.227215304,0.281623020051883,0.283381364,0.286621675,0.319110988917749,0.345913770812361,0.337110482,0.276209677,0.25985367,0.236649215,0.24021406467731
0.173427152,0.19302281,0.266107711960401,0.276074417542246,0.303545207,0.301894918,0.272644722,0.269123034,0.244254409,0.252698588,0.214266559,0.150441204291703
-0.199008388859639,0.288096607,0.397228183046197,0.379443586,0.374441133,0.492405899,0.42217529,0.434401021358955,0.447984212,0.387644996,0.356809943,0.469893429021274
0.233685221,0.310465796,0.358330255,0.3641684013904,0.391157641574406,0.408522283,0.410430839,0.40314911439116,0.369657586,0.3578125,0.302641509,0.273983795437138
-0.113911005582888,0.254552499,0.335049377116949,0.323488876,0.325147008,0.428750261,0.495808904803753,0.486239668517373,0.379639449,0.321465969,0.304371002,0.387305215714048
0.414553658197379,0.231259968,0.288521805367049,0.313259568,0.377681559,0.361702128,0.424878837,0.415462506230335,0.346669598,0.334682861,0.281084808,0.247625115082843
1.65138473670414,0.159917122,0.132363908,0.232401157,0.359418941905405,0.270531401,0.130582015720933,0.110882970699336,0.12825412,0.162129607,0.170495151,0.115526345182217
0.25267666,0.326019458,0.366081434,0.360936847,0.386654529548764,0.426844519,0.436295147,0.4202535471543,0.374816554,0.380698638,0.529972349684659,0.637976928154987
-0.101593747736091,0.26684953,0.365975257543458,0.353751285,0.344634945,0.414241486,0.331856447,0.34409916302538,0.416272966,0.408141962,0.310915675,0.256745696803178
0.351560818,0.438376229,0.494678587,0.544842562,0.582311585221811,0.486486486,0.386709004,0.41284763,0.591347559,0.584233577,0.380952381,0.262444155011083
0.256122873,0.324101947,0.438225154820595,0.448043568708058,0.455677291,0.430540599,0.399911229,0.386348575,0.415376401,0.416207277,0.309625668,0.219063380791618
0.178193955,0.228382148,0.227561492,0.3217453,0.597549633660107,0.666456223704255,0.586049408,0.537373228753012,0.365429779,0.318676535,0.288676996,0.244907856
0.190705831,0.241229656,0.196471532,0.194179892009392,0.231856935,0.307771593,0.329353702067581,0.299138112,0.15930803,0.145049885,0.357691808191068,0.544152095262892
0.201112141,0.264674868,0.232221647720319,0.230681456851439,0.282365634598806,0.416939444,0.496466431,0.390265886,0.348848143,0.31223825,0.291647003,0.361699778617435
0.242472902,0.287395596,0.314604651,0.315269658211065,0.323267518,0.343185556797373,0.350789531380988,0.342179682,0.313293599,0.321218326,0.261672653,0.179068916749734
0.288235294,0.313863076,0.417622463520734,0.424372598,0.422541157,0.41936851,0.384578912012924,0.378120744,0.362221069,0.342931183,0.196079114800683,0.108876052501138
0.206668301,0.232277526,0.252525253,0.271415356,0.288629738,0.377889348385964,0.356635514,0.288787185,0.266720387,0.272295515,0.101210990109944,-0.0659824901500927
0.210025929,0.264590714,0.276568825480301,0.280151947,0.310101946,0.332026144,0.343915344,0.334077909632942,0.219106464,0.147698745,0.214589058,0.415146769265454
0.182782283,0.199633364,0.246198708468067,0.257310764973828,0.322136165355131,0.398610508,0.40407785,0.333738602,0.27375619,0.235360615,0.255232139,0.359010100439776
0.0998793292076318,0.22650514,0.298447924821109,0.306167,0.35483871,0.437833227,0.453859805,0.321618743,0.34815913,0.29943779,0.295544554,0.433182256320313
0.181895453,0.228016163,0.281291548,0.295343137,0.350194553,0.392967304,0.398285972,0.37376859003994,0.26011846,0.227097396,0.224669604,0.207715134
0.285362517,0.300677638,0.442279910534784,0.432093692,0.362594852,0.438803455,0.315697165,0.341639900841785,0.459194777,0.427230047,-0.137275713097847,-0.530313042135301
0.18490263,0.209610291,0.217029702528197,0.232778198,0.343288900441366,0.408014436907218,0.340454545,0.282895811186653,0.182103611,0.221422862,0.177959399,0.0279512659136358
0.209264527,0.196699794,0.23227883287772,0.243738501775751,0.30759903,0.345532831,0.303737259,0.319458897,0.240244476,0.222795382,0.216284987,0.2308278356093
0.205663881,0.243624951,0.32618785339871,0.320627803,0.293370682,0.379130435,0.377376426,0.345454545,0.260468417,0.264957265,0.249078462,0.20058088397072
0.23964616,0.284529899,0.383197620930966,0.392853943536436,0.403281345,0.391138435,0.425216828811163,0.421265715,0.376365947,0.377601586,0.25083612,0.118846918583792
1.47637183292317,0.185090444,0.189686924,0.250095456,0.219640331,0.334040297,0.350475940132911,0.325454742698085,0.228870405,0.201041667,0.227392914,0.291826761261602
0.19242771,0.205190897,0.290226682479973,0.300376614464085,0.313191153,0.31969728,0.353676019,0.279055052,0.244686366,0.277762238,0.226459144,0.0901180924110496
0.128359406,0.147123233,0.158244285986741,0.176517732,0.30370793021857,0.389526960934437,0.364644488,0.319732585751985,0.203566122,0.207179487,0.193790686,0.149797497636691
0.169836957,0.246133781,0.255998414,0.242984148921783,0.242398649,0.353679086,0.349397367404533,0.309665598,0.201396973,0.226586103,0.200557103,0.0836256713230489
0.0933022785169009,0.265235722,0.319416497437119,0.317149569,0.335910321,0.398100173,0.36361742,0.336164743182822,0.283794466,0.292670157,0.236916731,0.155905317072697
0.207821004,0.252160553,0.207197420843263,0.207543852569145,0.280608655732432,0.448998603,0.548072457,0.421280474,0.416904626,0.411111111,-0.2315473888516,-0.783861139752667
0.189516129,0.218181818,0.256786939833526,0.262662399,0.298445203,0.344023324,0.346045492568268,0.329673203,0.266289648,0.260092978,0.235858586,0.21224818070393
0.206080431,0.255573982,0.368793131751275,0.383543845740567,0.428794724377114,0.441157961,0.399830221,0.381182909,0.447729673,0.398426905,0.347994825,0.448190806251329
0.194473519,0.242988895,0.267478708578053,0.26839073205706,0.275393188339841,0.291041577,0.31409937203009,0.309160305,0.281340266,0.292151597,0.462880938075775,0.58062984740407
2.1390926659136,0.236363636,0.224131199,0.310344828,0.255079007,0.305901244,0.284854311613714,0.264565296068398,0.226344086,0.229817008,0.207178675,0.178936098099803
0.196951934,0.25229788,0.283067327,0.29662024610676,0.363112409446654,0.378187525,0.327140013,0.322028351195732,0.324655436,0.321521626,0.235955056,0.167106749055798
0.285835095,0.355512573,0.468671391686135,0.46869445,0.483419896,0.608557509,0.522109699227453,0.471470366508374,0.353448276,0.341121495,0.257174091,0.199116161853401
0.16724243,0.188526137,0.191523719147407,0.201601602,0.277836467887343,0.335449638116732,0.341551849,0.322225058679831,0.251585624,0.239359039,0.274007871963642,0.314834447250009
0.453770228253419,0.182583242,0.174918720703321,0.197606962,0.271864921,0.275623559,0.309663103,0.289459811157309,0.178361827,0.147802929,0.143369609817601,0.183462261307112
0.129081458098239,0.238800304,0.278859125,0.279767667,0.301323849,0.421281468640926,0.384878549,0.29763222,0.272481772,0.275471698,0.233675121,0.186221444858313
0.658742325788147,0.332103321,0.32557673,0.347131148,0.397920814,0.335988262,0.321528157544891,0.334254859463033,0.397172579,0.41824541,0.277762983,0.128516948405633
0.152379147019021,0.334413612,0.473046114,0.480757727,0.496011837789783,0.508576152,0.541424153673457,0.547139579771607,0.540965817,0.526511135,0.392988478,0.308593491471676
1.5034401867343,0.334095674,0.570725949,0.63410302,0.46620776,0.534214619,0.532095995461073,0.516834993542487,0.520987654,0.546707504,0.395496818,0.22483191870492
0.186551866,0.198788338,0.207752683,0.232338787,0.336887270303451,0.379474488733886,0.319426336,0.27694322125089,0.198040227,0.229454637,0.607633721750366,0.846967567326367
0.166812609,0.452716298,0.538664555,0.560417093,0.519914803,0.528756957,0.554079367878428,0.558367006677918,0.568200381,0.567053854,0.410032443,0.283517571957741
-0.186967886531544,0.230017588,0.26870527,0.258514567,0.316994126,0.437616404977347,0.379760226,0.293541618,0.275152863,0.289533561,0.111253565374287,-0.0815592030428543
0.443319042241713,0.207253886,0.267370273,0.300735294,0.431918437987235,0.489415363986215,0.441933241,0.400794252421263,0.297310164,0.296687808,0.276208712,0.253912637
-0.028317561773536,0.185329554,0.222080988,0.22276301,0.286261449,0.280858759290855,0.27338843,0.287533932,0.257368299,0.243334949,0.200305421,0.187041979415047
0.128030303,0.160388614,0.18120139,0.188469245642297,0.241553310958978,0.310499719,0.35396687,0.311738831989055,0.159594287,0.149978513,0.190792596,0.18718623
0.343347770274611,0.287881698,0.319799581239119,0.32893799,0.356944187,0.352272727,0.299498263,0.298544588741744,0.304347826,0.295279383,0.284399225,0.296342105733017
0.0124324887283584,0.167837338,0.211289387,0.20653951,0.197291706,0.380475574224164,0.362457338,0.244087838,0.242847009,0.190181125,0.202992519,0.356876807596143
1.15748935144033,0.255434783,0.280167491,0.345179739,0.413718732435248,0.343392973,0.251361194511097,0.240983969889946,0.264248705,0.28953285,0.229371316,0.134475349421186
0.214811865,0.257123474,0.24471711,0.286242604,0.319033816,0.32831385,0.240449182793317,0.219843416357198,0.238870516,0.278808466,0.212310902,0.0857586273336976
0.212552946,0.261423221,0.413413522042788,0.430263379091771,0.453764405042095,0.403078296,0.337918386,0.374663073,0.404126547,0.400585574,0.309042553,0.240077003436924
0.748300318880421,0.214688239,0.251051381,0.29587156,0.376526116967165,0.369317002,0.336483744385453,0.32449992285817,0.27528626,0.254976303,0.230531997,0.242211834162545
0.911310315120913,0.203469734,0.223071047,0.275757576,0.347644665341534,0.310494363,0.254797113906485,0.248470260111048,0.264769066,0.281209278,0.217907228,0.136381824542805
0.773992197380053,0.175931232,0.197017707,0.229846269,0.23926868,0.267168436124448,0.274907424,0.24950364,0.172827173,0.190366385,0.180386179,0.105966067410289
0.202349869,0.251057828,0.27537342,0.269036652449357,0.280739721,0.372998616,0.384148142138345,0.351751142,0.250559841,0.27978646,0.772840353465721,1.11548162016509
0.366102189806874,0.352869846,0.475892243450313,0.497659906,0.532599119,0.440386569998022,0.366107383,0.394477870258345,0.541984733,0.577509196,0.370677058,0.134311077872083
1.1104013552925,0.220364742,0.251020046,0.318042813,0.406975038275004,0.361381226,0.295549230094285,0.283427786717785,0.261760596,0.259313014,0.232074017,0.211003753068236
0.218765192,0.270180899,0.348084179114401,0.357727522272247,0.390295766,0.454503782,0.501752746,0.356030725,0.38032699,0.395068493,0.306717022,0.205071721454381
0.274786325,0.299622098,0.332569683,0.39542923,0.398511782,0.391127391,0.414618172166228,0.419094643455875,0.417699115,0.409874379,0.352714536211642,0.319492397574959
-0.498002758698846,0.210868281,0.259938838,0.234596696,0.272058824,0.218551087031424,0.22037037,0.268346112,0.246075949,0.258297979,0.201002506,0.107586852847951
0.199767937,0.239157373,0.242335008,0.273068972,0.324921797683866,0.334063927,0.286108165,0.225962368,0.25611262,0.255302013,0.215796178,0.19435977330471
0.204120244,0.224906065,0.260486049,0.251422475,0.274432564,0.452866996891375,0.401464946,0.270027191,0.178856231,0.203035181,0.202102246,0.121802084756997
0.130351682,0.115981381,0.135972461,0.146556189,0.225559645943995,0.283803863,0.257083764,0.212155473604542,0.116511469,0.140632158,0.14716614,0.077952309623682
1.55665632755695,0.222331048,0.22126324,0.286172345,0.277632374,0.267939698,0.233160857186201,0.227500429827325,0.25831202,0.286500655,0.219537542,0.11551201399682
0.222369467,0.21500091,0.255055959,0.265818115,0.274633124,0.409681757,0.372010387022031,0.344179652,0.281871345,0.258601048,0.27080256,0.325154532820627
0.26941144,0.352685624,0.456656989,0.454362281,0.392138063,0.343022069843715,0.384945956864346,0.429340511,0.537442396,0.475274725,-0.267888268116599,-0.746835038815544
1.53100033929249,0.251775208,0.243296144,0.306344411,0.3125,0.305115346,0.211598546571501,0.192187451082172,0.225005853,0.273046973,0.218007081,0.0873961622316183
0.207451312,0.255675475,0.334329011986586,0.334059233,0.322416303,0.348980852,0.316798196,0.328759067,0.28307123,0.280344745,0.238769531,0.193504278809185
0.160027009,0.189385678,0.216972283986684,0.221877768,0.258688642,0.320642978,0.332740609,0.27481635,0.178316032,0.207151371,0.213299233,0.121272482030685
0.267741159,0.280252266,0.269020237055839,0.270581037423476,0.302535453,0.33031488,0.305647841,0.339581256,0.279689993,0.318234882,0.254509995,0.0778655561023552
0.185246926,0.188115268,0.241972276,0.253686111102297,0.31007808279231,0.363712027,0.393353759,0.365200765,0.262586377,0.251980198,0.231394463,0.211922720882445
-0.138597207684902,0.276144399,0.358592133,0.348538254,0.362714509,0.348308361613066,0.342013889,0.355405405,0.376940133,0.374127751,0.283542977,0.213002262766173
0.600074392506272,0.213229572,0.250480954,0.28657705,0.371610759046954,0.385537013,0.362716969762042,0.348272743411102,0.277916875,0.246885329,0.226055613,0.258453595663931
0.186558045,0.244051666,0.206039076,0.209554600244823,0.273738872,0.354466859,0.382707607855515,0.365663564,0.285856574,0.275023832,0.2549791,0.242392408591407
0.26463045,0.340245451,0.431081127016699,0.434726168683795,0.413590604,0.346974697,0.316395223,0.37761926,0.295095594,0.316448326,0.257111894,0.120087659740586
0.162542282,0.184925796,0.309933693560754,0.324821662846298,0.345171656,0.354251012,0.420953181,0.336877076,0.248596452,0.228016583,0.238788448,0.281634379876536
0.234124439,0.280752533,0.272957699597031,0.275287123278771,0.326402511,0.393891626,0.368281904792546,0.367136545,0.381151832,0.353861945,0.285230529,0.296088675312243
0.240523777,0.292449061,0.425391296570294,0.434450573,0.453211009,0.514213081,0.493365501,0.426707441,0.56429652,0.522038981,0.368124118,0.379260106870035
0.224864414,0.265103339,0.365172895,0.302533532,0.350993377,0.364768134472948,0.343871806,0.359775307796502,0.378612717,0.344586729,0.265420039,0.276814494490974
0.279432624,0.327888934,0.358824660828032,0.370542636,0.432180334,0.412548346,0.36022802,0.425489413,0.32461292,0.382613511,1.69214257359446,2.69767433699077
0.149525316,0.16426618,0.195903821389125,0.204571207962226,0.258431085,0.326016785,0.342093736,0.288091636,0.301848049,0.276895944,0.240545408,0.278649550159391
0.146322068,0.160821821,0.171962360625463,0.176287216236456,0.21109581,0.259015042,0.290466930361366,0.268038905,0.166666667,0.172759857,0.155745968,0.0968393308505986
0.245055174,0.312577393,0.325859217,0.325605384970578,0.337998056,0.364798887934087,0.377277277999588,0.367932489,0.344508381,0.371414799,0.651350418717788,0.827282078806162
0.24885523106897,0.298202614,0.35508314,0.356083086,0.335247078,0.399404099158224,0.401416969,0.357885224,0.352182267,0.347459929,0.258695652,0.190662088084131
1.11224580142361,0.243902439,0.276728335,0.326999208,0.360116637,0.354200323,0.316326194293974,0.305923882495223,0.293842192,0.298562819,0.280118256,0.254785239332272
0.990283900287174,0.195632393,0.216937139,0.275157817,0.337931250491177,0.299302993,0.285753692553783,0.286097582768865,0.274836107,0.26383718,0.238240529,0.23560633908051
0.174478141,0.184987617,0.167282127,0.16961923286568,0.222930054574154,0.339478329,0.389243391,0.280442076,0.168421053,0.163946774,0.187451387,0.195506149964742
0.22595778,0.262331839,0.293279086514806,0.30495525,0.377511901763739,0.426068376,0.412227074,0.39372973,0.45317305,0.418502203,0.349558706,0.393357683765817
0.439910814,0.498098859,0.556433037,0.646356033,0.582077225,0.511188355,0.506000364606775,0.508698964591112,0.503139503,0.491867639,0.408071061327685,0.358149668428297
0.172560716,0.190732974,0.229880478,0.216535433,0.229785774941151,0.280812770233484,0.325725390906519,0.322706317142844,0.255172414,0.208121827,-0.0272134793915725,-0.141872745878111
0.323992143549792,0.250433777,0.264963711086851,0.276703769,0.323711254638659,0.321563182,0.247413613392448,0.232540058092244,0.247768396,0.283274736,0.516862576478342,0.644596795372633
0.16118175,0.18159292,0.226108033,0.225518712,0.300280787105022,0.380514361,0.392984667,0.364093352533742,0.237765466,0.201323251,0.206871522,0.270036956901594
0.526444301081552,0.325004805,0.35143058605894,0.372859025,0.433786408,0.424408784,0.476100232,0.477832158802346,0.426077469,0.393228472,0.307110439,0.29597141418651
1.47760734569981,0.286176233,0.347630719,0.405360825,0.339774078,0.372540724,0.319063364892418,0.307316184812746,0.382702989,0.450785773,0.274442988,0.0117804772721692
0.234670355,0.259287483,0.339194439,0.300691244,0.307392996,0.343062635584687,0.342521008,0.340080972,0.400055602,0.338969617,-0.54144696572438,-1.17081447687397
0.122897438216225,0.208149406,0.265796364514301,0.270223152,0.280162675,0.297098788,0.382358018,0.335686561276019,0.180558345,0.196711202,0.212673611,0.192912514
-0.0270614476637002,0.270480897,0.343455068,0.339592489,0.365929375,0.350473950106601,0.333288014606861,0.345232912,0.378486056,0.348539211,0.261015202,0.266100073187973
0.885712045586371,0.273461892,0.279896812,0.33602052,0.447472345335931,0.434915229236469,0.361526279877775,0.342355678,0.319518072,0.332844575,0.262705436,0.158904057228799
0.168366191,0.184718243,0.202359882,0.215286114,0.268172485,0.309198224323084,0.271751145,0.236518237,0.20382968,0.185803758,-0.0342770784777376,-0.194438172796229
0.175364363,0.181547097,0.204873027,0.235032501,0.222299652,0.402454180843911,0.412438901,0.292831617,0.224560642,0.201620162,0.233939394,0.310495558470666
0.19200931,0.211734185,0.216169272,0.298529412,0.47739810624914,0.475128822124689,0.405095541,0.390124387860702,0.363057325,0.357664234,0.288672974,0.233716205563978
0.813861515227696,0.254766031,0.294141092,0.339770941,0.423234611271211,0.377634409,0.238357618513968,0.220198759444946,0.292841649,0.363278172,0.255848681,0.0440840535859638
-0.0790227882937562,0.268340144,0.328824820740062,0.314202688,0.298896866,0.380971497,0.376264591,0.335823273747011,0.250347705,0.273056058,0.245829244,0.151914336810527
0.198913576530353,0.162486369,0.16927839,0.178087349,0.233519957,0.263985082074631,0.248910628993683,0.230834935,0.175876861,0.181254649,0.180102041,0.150595713570422
0.130351682,0.115981381,0.135972461,0.146556189,0.225559645943995,0.283803863,0.257083764,0.212155473604542,0.116511469,0.140632158,0.14716614,0.077952309623682
0.240881929,0.285139092,0.354319533050144,0.35491512,0.357312253,0.41540431,0.42430767135673,0.412445787699208,0.357515801,0.335865437,0.277056277,0.263091418301681
1.15796337907403,0.18190351,0.196850394,0.243512974,0.219095672,0.313844905,0.282607226913673,0.25431250147555,0.200573066,0.205414391,0.195876289,0.174637032000917
0.162413546,0.187521079,0.249076734,0.223212725,0.252576388,0.300962567,0.290585987919946,0.280379883,0.227282632,0.192680776,0.193959415,0.268869735528736
0.261997704,0.278524163,0.317450366,0.281455672,0.336583384,0.333307460265014,0.29501758057557,0.30762209,0.371573891,0.350714886,0.0249653480159679,-0.192693850602175
0.129660315,0.285117466149949,0.219740049,0.201659661183183,0.205424003,0.303932218,0.274157710968343,0.269616788,0.266200183,0.20672368,-0.335751187502794,-0.671924453671323
0.236644497,0.264066151,0.235533822,0.296377607,0.435678453003116,0.432695867714017,0.345471081347184,0.316595224,0.286219081,0.324810606,0.229379055,0.0362603624585338
0.932067716593368,0.187236384,0.247770454,0.28954224,0.27827381,0.325204877,0.271948081685428,0.248498358468745,0.223518432,0.239051095,0.202442002,0.141498327054315
0.228320067,0.254361404,0.307129094,0.335253456,0.389888208423359,0.36426993,0.288469265,0.282373733023165,0.321274298,0.348169014,0.219561381,0.0505976917207503
0.243507760372413,0.208979741,0.263364323366523,0.275610191,0.315143747,0.323064113,0.321003963,0.319290313287898,0.313253012,0.310580205,0.26261586,0.224820944571362
0.221116639,0.270816492,0.300539892,0.322356675,0.298273467,0.335661611118824,0.352285221,0.327197423,0.350568182,0.324972129,-0.150524154991136,-0.508189981651894
-0.14212137334778,0.229266424,0.324098594,0.31348799,0.295891444,0.392314991,0.491968577776619,0.491570846327777,0.392895587,0.319804778,-0.0551628359819804,-0.240740331050775
0.170294494,0.182926829,0.260342505,0.261706388800117,0.260642919,0.291037804316528,0.313628224025646,0.302818489,0.249070632,0.247915509,0.215355295,0.173685674980276
0.1840507,0.226166733,0.248022152,0.296374368,0.291096611,0.179630956837099,0.238618794,0.313707865,0.249809403,0.308894879,1.5208286053516,2.446472468586
0.263923525,0.306226175,0.440881369,0.415184718580933,0.342073897,0.466695132,0.408313106555109,0.408862876,0.42717736,0.31280389,-0.783804401917774,-1.47234420297407
0.198791769,0.231907026,0.280834232,0.310216718,0.385558932040516,0.407303931,0.398513179,0.379766694495946,0.30542482,0.286035473,0.266734798,0.279040380694262
0.139188914,0.170325779,0.182340438143431,0.188294604746256,0.24516129,0.315159835,0.297422898,0.261528926327467,0.165502183,0.16572717,0.179657795,0.171895314907398
0.184226491,0.213692594,0.271410465,0.305274566,0.269299182,0.329771270772261,0.379834254,0.34625,0.288378766,0.265805261,0.241244183,0.262039891358584
-0.077987424831635,0.295628834,0.39741756400878,0.385961501,0.358733665,0.409532025,0.416701992,0.349521989,0.317373461,0.316101494,0.274245028,0.23438980503744
0.188527878,0.22426266,0.277144459,0.293734744,0.364957743529535,0.399016716,0.384439881,0.369022739487068,0.295099062,0.261506814,0.134789740556438,0.0840927525940634
0.812487892123115,0.191581432,0.224039409,0.257506463,0.251179468,0.246781656632798,0.265890857632962,0.266272189,0.249671139,0.243429785,0.233027448951884,0.233163333332685
0.244724409,0.245698821,0.304336643146813,0.31686915,0.362913731029573,0.362570736,0.295760510581513,0.279450813398859,0.269896194,0.283498602,0.246225924,0.189098057570148
2.3495356641705,0.218606296,0.234729019,0.335394127,0.282758621,0.375736639,0.360218947080555,0.331728581496905,0.262494162,0.260183659,0.362481157576859,0.44202407904729
0.231572605,0.28753568,0.306009925,0.339777869,0.405291125508646,0.394932368,0.340097403,0.317931258624834,0.302070342,0.330584901,0.241239208,0.0925971474274137
0.203828141,0.442185249998,0.381058084,0.354659137225172,0.320036934,0.391605699,0.334647616740398,0.340719064,0.381223681,0.314189998,0.287050714,0.444612510611432
-0.159634536929902,0.288998358,0.403653763,0.39070061,0.367155664,0.438526409,0.468614070695704,0.459153425866188,0.398513436,0.36983945,0.285317019,0.262614874299521
0.203814064,0.235366497,0.301264045,0.254076802,0.147310644290664,0.159952774494108,0.266606710462458,0.304912708,0.3520645,0.297015632,0.262135922,0.382102845049126
0.169098007,0.248231966,0.209966893,0.199856348,0.240221176,0.317425306,0.304525049447859,0.284865351372546,0.218234215,0.2,0.179554110905011,0.188854934395557
